2014,7,5,631.88,0
2014,7,6,637.38,5.5
2014,7,7,621.45,-15.93
2014,7,8,625.36,3.91
2014,7,9,624.47,-0.89
2014,7,10,615.84,-8.63
2014,7,11,636,20.16
2014,7,12,636.31,0.3
2014,7,13,629.49,-6.82
2014,7,14,619.17,-10.32
2014,7,15,620.8,1.63
2014,7,16,616.48,-4.32
2014,7,17,622.51,6.03
2014,7,18,630.8,8.29
2014,7,19,629.3,-1.5
2014,7,20,624,-5.3
2014,7,21,620.01,-3.99
2014,7,22,618.54,-1.48
2014,7,23,619,0.46
2014,7,24,603.98,-15.02
2014,7,25,600.47,-3.51
2014,7,26,593.82,-6.65
2014,7,27,591.55,-2.28
2014,7,28,583.5,-8.05
2014,7,29,583,-0.5
2014,7,30,565.99,-17.01
2014,7,31,580,14.01
2014,8,1,594.6,14.6
2014,8,2,587.6,-7
2014,8,3,585.71,-1.89
2014,8,4,586.6,0.88
2014,8,5,582.94,-3.66
2014,8,6,581.36,-1.59
2014,8,7,586.8,5.43
2014,8,8,590.6,3.8
2014,8,9,589.98,-0.62
2014,8,10,588.61,-1.37
2014,8,11,572.51,-16.1
2014,8,12,569.54,-2.97
2014,8,13,547.3,-22.24
2014,8,14,510.98,-36.32
2014,8,15,496.39,-14.59
2014,8,16,519.01,22.62
2014,8,17,497.4,-21.61
2014,8,18,467.04,-30.36
2014,8,19,487,19.96
2014,8,20,511,24
2014,8,21,517.47,6.47
2014,8,22,514.13,-3.34
2014,8,23,499.5,-14.63
2014,8,24,510.82,11.32
2014,8,25,501.76,-9.06
2014,8,26,513.34,11.58
2014,8,27,508.35,-4.99
2014,8,28,505.87,-2.48
2014,8,29,508.52,2.65
2014,8,30,499.15,-9.37
2014,8,31,477.81,-21.34
2014,9,1,472.6,-5.21
2014,9,2,475.45,2.84
2014,9,3,474.14,-1.31
2014,9,4,489.68,15.54
2014,9,5,481.9,-7.78
2014,9,6,482.61,0.71
2014,9,7,479.88,-2.73
2014,9,8,471.1,-8.78
2014,9,9,473.06,1.95
2014,9,10,478.12,5.06
2014,9,11,477.38,-0.75
2014,9,12,474.37,-3.01
2014,9,13,478.69,4.32
2014,9,14,476.5,-2.19
2014,9,15,474.77,-1.74
2014,9,16,466.5,-8.27
2014,9,17,458.3,-8.2
2014,9,18,424.99,-33.31
2014,9,19,393.3,-31.69
2014,9,20,408.4,15.1
2014,9,21,399.21,-9.19
2014,9,22,404.99,5.78
2014,9,23,438.65,33.66
2014,9,24,424.51,-14.14
2014,9,25,409.86,-14.65
2014,9,26,404.01,-5.85
2014,9,27,399.8,-4.21
2014,9,28,376.7,-23.1
2014,9,29,373.64,-3.06
2014,9,30,387,13.36
2014,10,1,383.63,-3.37
2014,10,2,371.39,-12.24
2014,10,3,359.74,-11.65
2014,10,4,328.25,-31.49
2014,10,5,319.9,-8.35
2014,10,6,327.56,7.66
2014,10,7,335.97,8.41
2014,10,8,352.9,16.93
2014,10,9,364,11.1
2014,10,10,359.1,-4.9
2014,10,11,360.66,1.56
2014,10,12,378.05,17.39
2014,10,13,391.2,13.15
2014,10,14,399,7.8
2014,10,15,394.2,-4.8
2014,10,16,381.6,-12.6
2014,10,17,382.48,0.88
2014,10,18,390.9,8.42
2014,10,19,388.02,-2.88
2014,10,20,380.55,-7.47
2014,10,21,384,3.45
2014,10,22,378.8,-5.2
2014,10,23,357.87,-20.93
2014,10,24,356.58,-1.3
2014,10,25,344.62,-11.96
2014,10,26,353.01,8.39
2014,10,27,349.01,-4
2014,10,28,352.7,3.69
2014,10,29,333.58,-19.12
2014,10,30,345.08,11.5
2014,10,31,336.82,-8.26
2014,11,1,325.9,-10.92
2014,11,2,323.82,-2.08
2014,11,3,325,1.18
2014,11,4,329.66,4.66
2014,11,5,338.62,8.96
2014,11,6,350.48,11.86
2014,11,7,341.84,-8.64
2014,11,8,345,3.16
2014,11,9,362.61,17.61
2014,11,10,366.07,3.46
2014,11,11,367.65,1.57
2014,11,12,433.56,65.91
2014,11,13,417.65,-15.91
2014,11,14,399.99,-17.66
2014,11,15,375.34,-24.65
2014,11,16,391.65,16.31
2014,11,17,387.5,-4.15
2014,11,18,372.85,-14.65
2014,11,19,375.26,2.4
2014,11,20,356.77,-18.49
2014,11,21,350.46,-6.31
2014,11,22,352.81,2.35
2014,11,23,368.25,15.44
2014,11,24,376.05,7.8
2014,11,25,377.02,0.96
2014,11,26,369.99,-7.03
2014,11,27,370,0
2014,11,28,377.43,7.43
2014,11,29,376.28,-1.16
2014,11,30,379.89,3.61
2014,12,1,382,2.11
2014,12,2,384.5,2.5
2014,12,3,376,-8.5
2014,12,4,370.99,-5.01
2014,12,5,378.18,7.19
2014,12,6,376.69,-1.49
2014,12,7,376.02,-0.68
2014,12,8,362.11,-13.91
2014,12,9,351.99,-10.12
2014,12,10,345.08,-6.91
2014,12,11,348.53,3.45
2014,12,12,352.29,3.76
2014,12,13,346.56,-5.73
2014,12,14,353.65,7.09
2014,12,15,346.01,-7.64
2014,12,16,325.1,-20.91
2014,12,17,318.86,-6.24
2014,12,18,311.77,-7.09
2014,12,19,318.47,6.7
2014,12,20,329.66,11.19
2014,12,21,320.79,-8.87
2014,12,22,332.63,11.84
2014,12,23,335.7,3.07
2014,12,24,322.61,-13.09
2014,12,25,318.5,-4.11
2014,12,26,327.2,8.7
2014,12,27,315.89,-11.31
2014,12,28,316.94,1.05
2014,12,29,312.64,-4.3
2014,12,30,310.8,-1.84
2014,12,31,322.3,11.5
2015,1,1,314.96,-7.34
2015,1,2,315.81,0.85
2015,1,3,278.22,-37.59
2015,1,4,264.19,-14.03
2015,1,5,274.84,10.65
2015,1,6,288.43,13.59
2015,1,7,297.99,9.56
2015,1,8,283.21,-14.78
2015,1,9,290.51,7.3
2015,1,10,276.03,-14.48
2015,1,11,267.27,-8.76
2015,1,12,268.75,1.48
2015,1,13,228.07,-40.68
2015,1,14,182,-46.07
2015,1,15,209.81,27.81
2015,1,16,208.5,-1.31
2015,1,17,201.09,-7.41
2015,1,18,211.03,9.94
2015,1,19,216.2,5.17
2015,1,20,212.11,-4.09
2015,1,21,228.08,15.97
2015,1,22,234.7,6.62
2015,1,23,233.12,-1.58
2015,1,24,248.66,15.54
2015,1,25,254.73,6.07
2015,1,26,276.01,21.28
2015,1,27,265.09,-10.92
2015,1,28,234.5,-30.59
2015,1,29,233.01,-1.49
2015,1,30,226.44,-6.57
2015,1,31,215.8,-10.64
2015,2,1,226.92,11.12
2015,2,2,238.99,12.07
2015,2,3,227.96,-11.03
2015,2,4,227.78,-0.19
2015,2,5,216.47,-11.31
2015,2,6,222.65,6.18
2015,2,7,228.8,6.15
2015,2,8,223.85,-4.95
2015,2,9,220.48,-3.37
2015,2,10,220.87,0.39
2015,2,11,219.8,-1.07
2015,2,12,222.55,2.75
2015,2,13,236.13,13.58
2015,2,14,257,20.87
2015,2,15,235.88,-21.12
2015,2,16,233.5,-2.38
2015,2,17,244,10.5
2015,2,18,236.27,-7.73
2015,2,19,240,3.73
2015,2,20,244.5,4.5
2015,2,21,245.54,1.04
2015,2,22,236.5,-9.04
2015,2,23,239.4,2.9
2015,2,24,239.73,0.32
2015,2,25,237.99,-1.74
2015,2,26,236.93,-1.06
2015,2,27,255.05,18.12
2015,2,28,255.7,0.64
2015,3,1,262.4,6.7
2015,3,2,277.41,15.01
2015,3,3,283.75,6.34
2015,3,4,273.33,-10.42
2015,3,5,277.69,4.36
2015,3,6,273.36,-4.33
2015,3,7,276.97,3.61
2015,3,8,275.59,-1.39
2015,3,9,291,15.41
2015,3,10,292.62,1.62
2015,3,11,296.7,4.08
2015,3,12,295.5,-1.2
2015,3,13,283.19,-12.31
2015,3,14,282.6,-0.59
2015,3,15,286.9,4.29
2015,3,16,291.19,4.29
2015,3,17,285.25,-5.94
2015,3,18,257.21,-28.04
2015,3,19,261.98,4.77
2015,3,20,262.19,0.2
2015,3,21,260.47,-1.72
2015,3,22,268.82,8.35
2015,3,23,267.23,-1.59
2015,3,24,246,-21.23
2015,3,25,246.29,0.28
2015,3,26,249.33,3.04
2015,3,27,246.5,-2.83
2015,3,28,252.95,6.45
2015,3,29,242.74,-10.21
2015,3,30,247.93,5.19
2015,3,31,244.51,-3.42
2015,4,1,246.93,2.42
2015,4,2,253.23,6.3
2015,4,3,254.24,1.01
2015,4,4,253.6,-0.65
2015,4,5,260.5,6.9
2015,4,6,255.73,-4.77
2015,4,7,253.7,-2.03
2015,4,8,244.92,-8.78
2015,4,9,243.58,-1.34
2015,4,10,236.12,-7.46
2015,4,11,236.86,0.74
2015,4,12,236.38,-0.49
2015,4,13,224.9,-11.48
2015,4,14,220.16,-4.74
2015,4,15,223.98,3.82
2015,4,16,228.14,4.16
2015,4,17,222.4,-5.74
2015,4,18,223.08,0.68
2015,4,19,222.16,-0.93
2015,4,20,224.21,2.05
2015,4,21,236.96,12.75
2015,4,22,234.14,-2.82
2015,4,23,236.01,1.87
2015,4,24,231.38,-4.63
2015,4,25,226.01,-5.37
2015,4,26,219.7,-6.31
2015,4,27,227.13,7.43
2015,4,28,225.3,-1.83
2015,4,29,225.23,-0.08
2015,4,30,236.11,10.88
2015,5,1,231.78,-4.33
2015,5,2,234.81,3.03
2015,5,3,240.57,5.76
2015,5,4,238.54,-2.03
2015,5,5,235.87,-2.67
2015,5,6,229.27,-6.6
2015,5,7,237.3,8.03
2015,5,8,244.5,7.2
2015,5,9,242.54,-1.96
2015,5,10,240.73,-1.81
2015,5,11,242.46,1.73
2015,5,12,241.92,-0.55
2015,5,13,235.7,-6.22
2015,5,14,236.68,0.98
2015,5,15,237.3,0.62
2015,5,16,235.7,-1.61
2015,5,17,236.15,0.45
2015,5,18,232.82,-3.33
2015,5,19,231.7,-1.12
2015,5,20,234.24,2.54
2015,5,21,235.27,1.03
2015,5,22,240.97,5.7
2015,5,23,238.81,-2.16
2015,5,24,240.96,2.15
2015,5,25,237.1,-3.86
2015,5,26,237.36,0.26
2015,5,27,236.85,-0.52
2015,5,28,236.86,0.01
2015,5,29,236.52,-0.35
2015,5,30,232.54,-3.98
2015,5,31,228.7,-3.84
2015,6,1,222,-6.7
2015,6,2,224.68,2.68
2015,6,3,225.11,0.43
2015,6,4,223.24,-1.87
2015,6,5,224.51,1.26
2015,6,6,225.66,1.15
2015,6,7,223.26,-2.4
2015,6,8,228.76,5.5
2015,6,9,229.06,0.3
2015,6,10,228.6,-0.47
2015,6,11,230,1.4
2015,6,12,229.55,-0.45
2015,6,13,232.87,3.32
2015,6,14,233.54,0.66
2015,6,15,236.98,3.44
2015,6,16,252.17,15.19
2015,6,17,248.95,-3.22
2015,6,18,249.51,0.56
2015,6,19,244.58,-4.93
2015,6,20,245.38,0.79
2015,6,21,244.25,-1.13
2015,6,22,246.67,2.42
2015,6,23,244.25,-2.42
2015,6,24,239.8,-4.45
2015,6,25,242.05,2.25
2015,6,26,243.29,1.23
2015,6,27,251.61,8.32
2015,6,28,248.71,-2.9
2015,6,29,256.69,7.98
2015,6,30,262.89,6.2
2015,7,1,258.1,-4.79
2015,7,2,254.52,-3.58
2015,7,3,256.09,1.56
2015,7,4,260.58,4.49
2015,7,5,271.96,11.38
2015,7,6,269.23,-2.73
2015,7,7,265.72,-3.51
2015,7,8,270.52,4.8
2015,7,9,269.23,-1.29
2015,7,10,285.36,16.13
2015,7,11,293.18,7.82
2015,7,12,311.14,17.96
2015,7,13,292.65,-18.49
2015,7,14,286.83,-5.82
2015,7,15,285.42,-1.41
2015,7,16,278.94,-6.48
2015,7,17,279.82,0.88
2015,7,18,277.25,-2.57
2015,7,19,275.04,-2.21
2015,7,20,280.2,5.16
2015,7,21,275.55,-4.65
2015,7,22,277.99,2.44
2015,7,23,276.51,-1.49
2015,7,24,288.6,12.09
2015,7,25,289.37,0.76
2015,7,26,293.01,3.64
2015,7,27,294.84,1.83
2015,7,28,295.23,0.39
2015,7,29,289.92,-5.31
2015,7,30,288.21,-1.72
2015,7,31,284.45,-3.76
2015,8,1,280.31,-4.14
2015,8,2,282.44,2.13
2015,8,3,281.28,-1.17
2015,8,4,285.47,4.19
2015,8,5,282.61,-2.86
2015,8,6,279.08,-3.53
2015,8,7,280.19,1.11
2015,8,8,261.34,-18.85
2015,8,9,265.58,4.24
2015,8,10,265.1,-0.48
2015,8,11,271.96,6.86
2015,8,12,267.1,-4.86
2015,8,13,264.47,-2.63
2015,8,14,266.09,1.61
2015,8,15,262.2,-3.89
2015,8,16,259.9,-2.3
2015,8,17,258.49,-1.41
2015,8,18,194.52381,-63.97
2015,8,19,226.32,31.79
2015,8,20,235.54,9.22
2015,8,21,232.17,-3.37
2015,8,22,230.27,-1.9
2015,8,23,228.53,-1.74
2015,8,24,210.5,-18.03
2015,8,25,222.03,11.53
2015,8,26,226.12,4.09
2015,8,27,225.8,-0.32
2015,8,28,231.83,6.03
2015,8,29,230.75,-1.09
2015,8,30,229.99,-0.76
2015,8,31,231.35,1.35
2015,9,1,228.24,-3.11
2015,9,2,229.71,1.47
2015,9,3,227.25,-2.46
2015,9,4,230.89,3.64
2015,9,5,235.84,4.95
2015,9,6,240.97,5.13
2015,9,7,240.85,-0.13
2015,9,8,244.2,3.35
2015,9,9,239.07,-5.13
2015,9,10,239.49,0.42
2015,9,11,240.6,1.1
2015,9,12,235.77,-4.83
2015,9,13,230.96,-4.81
2015,9,14,230.89,-0.08
2015,9,15,230.93,0.04
2015,9,16,228.99,-1.94
2015,9,17,233.61,4.62
2015,9,18,233.78,0.16
2015,9,19,232.09,-1.69
2015,9,20,232.12,0.03
2015,9,21,227.22,-4.9
2015,9,22,231.11,3.89
2015,9,23,230.54,-0.58
2015,9,24,234.65,4.11
2015,9,25,235.26,0.6
2015,9,26,234.63,-0.63
2015,9,27,233.37,-1.26
2015,9,28,240.43,7.06
2015,9,29,236.8,-3.63
2015,9,30,236.49,-0.31
2015,10,1,238.48,1.99
2015,10,2,237.86,-0.62
2015,10,3,239.79,1.92
2015,10,4,239.5,-0.29
2015,10,5,242,2.5
2015,10,6,247.36,5.36
2015,10,7,244,-3.36
2015,10,8,243,-1
2015,10,9,244.82,1.82
2015,10,10,246.01,1.19
2015,10,11,247.99,1.98
2015,10,12,246.17,-1.83
2015,10,13,251.25,5.08
2015,10,14,253.5,2.25
2015,10,15,255.19,1.69
2015,10,16,263.45,8.26
2015,10,17,272.9,9.45
2015,10,18,265.01,-7.89
2015,10,19,265.1,0.09
2015,10,20,270.97,5.87
2015,10,21,267.8,-3.17
2015,10,22,275.83,8.03
2015,10,23,279.21,3.38
2015,10,24,284.19,4.98
2015,10,25,284.79,0.6
2015,10,26,287.22,2.43
2015,10,27,295.29,8.07
2015,10,28,304.5,9.21
2015,10,29,314.88,10.38
2015,10,30,328.19,13.31
2015,10,31,316,-12.19
2015,11,1,330.23,14.23
2015,11,2,365.33,35.1
2015,11,3,405,39.67
2015,11,4,409.24,4.24
2015,11,5,387.14,-22.1
2015,11,6,375.56,-11.58
2015,11,7,384.99,9.43
2015,11,8,374.1,-10.89
2015,11,9,381.1,7
2015,11,10,340.18,-40.92
2015,11,11,314.45,-25.73
2015,11,12,336.84,22.39
2015,11,13,338.53,1.69
2015,11,14,333.37,-5.16
2015,11,15,320.52,-12.85
2015,11,16,332.1,11.58
2015,11,17,336.29,4.19
2015,11,18,335.94,-0.36
2015,11,19,326.5,-9.44
2015,11,20,322.2,-4.3
2015,11,21,327.84,5.64
2015,11,22,324.66,-3.18
2015,11,23,323.63,-1.04
2015,11,24,320.1,-3.53
2015,11,25,329.85,9.75
2015,11,26,354,24.15
2015,11,27,358.9,4.9
2015,11,28,358.6,-0.3
2015,11,29,373.89,15.29
2015,11,30,376.88,2.99
2015,12,1,362.59,-14.29
2015,12,2,359.12,-3.47
2015,12,3,360.53,1.4
2015,12,4,363.17,2.64
2015,12,5,389.79,26.62
2015,12,6,390.6,0.81
2015,12,7,396.7,6.1
2015,12,8,422,25.3
2015,12,9,418.73,-3.27
2015,12,10,414.94,-3.79
2015,12,11,457,42.06
2015,12,12,435.61,-21.39
2015,12,13,433.36,-2.25
2015,12,14,442.59,9.23
2015,12,15,466.01,23.42
2015,12,16,454.94,-11.07
2015,12,17,455.57,0.63
2015,12,18,463.52,7.95
2015,12,19,462.44,-1.08
2015,12,20,442.62,-19.82
2015,12,21,437.52,-5.1
2015,12,22,435.65,-1.87
2015,12,23,442.62,6.97
2015,12,24,456.13,13.51
2015,12,25,455.47,-0.66
2015,12,26,416.51,-38.96
2015,12,27,422.32,5.81
2015,12,28,420.24,-2.08
2015,12,29,431.79,11.55
2015,12,30,423.55,-8.24
2015,12,31,429.02,5.47
2016,1,1,433.98,4.96
2016,1,2,432.7,-1.29
2016,1,3,428.39,-4.31
2016,1,4,432.9,4.51
2016,1,5,431.84,-1.06
2016,1,6,428.89,-2.95
2016,1,7,458.78,29.89
2016,1,8,454,-4.78
2016,1,9,449.23,-4.77
2016,1,10,449.35,0.12
2016,1,11,449.26,-0.1
2016,1,12,432.04,-17.22
2016,1,13,431.11,-0.93
2016,1,14,429.25,-1.86
2016,1,15,359.16,-70.09
2016,1,16,388.4,29.24
2016,1,17,382.02,-6.38
2016,1,18,387.1,5.08
2016,1,19,378.93,-8.17
2016,1,20,419.55,40.62
2016,1,21,411.01,-8.54
2016,1,22,380.96,-30.05
2016,1,23,385.57,4.61
2016,1,24,402.77,17.2
2016,1,25,390.96,-11.81
2016,1,26,391.41,0.45
2016,1,27,394.97,3.56
2016,1,28,378.39,-16.58
2016,1,29,377.6,-0.79
2016,1,30,376.56,-1.05
2016,1,31,365.52,-11.04
2016,2,1,371.42,5.9
2016,2,2,372.9,1.47
2016,2,3,368.98,-3.92
2016,2,4,389.96,20.98
2016,2,5,386.54,-3.42
2016,2,6,373.75,-12.79
2016,2,7,372.01,-1.74
2016,2,8,370.49,-1.52
2016,2,9,374.31,3.82
2016,2,10,381.17,6.86
2016,2,11,377.99,-3.18
2016,2,12,382.94,4.95
2016,2,13,393,10.06
2016,2,14,408.3,15.3
2016,2,15,399.9,-8.4
2016,2,16,407.27,7.37
2016,2,17,414.88,7.61
2016,2,18,421.5,6.62
2016,2,19,419.85,-1.65
2016,2,20,438.7,18.85
2016,2,21,440.49,1.79
2016,2,22,440.27,-0.23
2016,2,23,421.4,-18.87
2016,2,24,426.36,4.96
2016,2,25,424.88,-1.49
2016,2,26,435.49,10.61
2016,2,27,434.3,-1.19
2016,2,28,434.45,0.14
2016,2,29,438.99,4.54
2016,3,1,434.82,-4.17
2016,3,2,422.09,-12.73
2016,3,3,420.56,-1.53
2016,3,4,408.82,-11.74
2016,3,5,397.36,-11.46
2016,3,6,403.75,6.39
2016,3,7,412.7,8.95
2016,3,8,411.35,-1.35
2016,3,9,413.05,1.7
2016,3,10,416.51,3.46
2016,3,11,420.47,3.96
2016,3,12,410.01,-10.46
2016,3,13,411.87,1.86
2016,3,14,415.91,4.04
2016,3,15,415.5,-0.42
2016,3,16,417.28,1.77
2016,3,17,418.75,1.47
2016,3,18,407.86,-10.89
2016,3,19,408.68,0.82
2016,3,20,411.25,2.57
2016,3,21,411.88,0.63
2016,3,22,417.7,5.82
2016,3,23,418.12,0.42
2016,3,24,415.3,-2.82
2016,3,25,416,0.69
2016,3,26,416.71,0.7
2016,3,27,427.36,10.65
2016,3,28,424.06,-3.3
2016,3,29,416,-8.06
2016,3,30,413.12,-2.88
2016,3,31,416.02,2.9
2016,4,1,417.9,1.88
2016,4,2,420.3,2.4
2016,4,3,420.6,0.3
2016,4,4,420.46,-0.15
2016,4,5,423.75,3.29
2016,4,6,422.57,-1.18
2016,4,7,422.28,-0.3
2016,4,8,418.5,-3.78
2016,4,9,418.47,-0.03
2016,4,10,421.32,2.84
2016,4,11,423.74,2.42
2016,4,12,426.59,2.84
2016,4,13,424.75,-1.84
2016,4,14,426.01,1.26
2016,4,15,431.48,5.47
2016,4,16,432.04,0.56
2016,4,17,428.51,-3.53
2016,4,18,430.03,1.51
2016,4,19,437.76,7.73
2016,4,20,443.85,6.09
2016,4,21,452.26,8.41
2016,4,22,447.8,-4.46
2016,4,23,453.69,5.89
2016,4,24,463.02,9.33
2016,4,25,461.77,-1.25
2016,4,26,468.14,6.37
2016,4,27,444.85,-23.29
2016,4,28,450.46,5.61
2016,4,29,455.32,4.86
2016,4,30,446.6,-8.72
2016,5,1,451.11,4.51
2016,5,2,443.73,-7.38
2016,5,3,450.39,6.66
2016,5,4,447.38,-3.01
2016,5,5,448.4,1.01
2016,5,6,461.18,12.78
2016,5,7,460.2,-0.99
2016,5,8,459.87,-0.33
2016,5,9,461.56,1.69
2016,5,10,450.7,-10.86
2016,5,11,452.28,1.57
2016,5,12,455.01,2.73
2016,5,13,455.76,0.75
2016,5,14,455.8,0.04
2016,5,15,457.89,2.08
2016,5,16,453.01,-4.88
2016,5,17,453.24,0.23
2016,5,18,453.52,0.27
2016,5,19,434.55,-18.97
2016,5,20,441.57,7.02
2016,5,21,440.81,-0.76
2016,5,22,437.48,-3.33
2016,5,23,443.51,6.03
2016,5,24,445.03,1.51
2016,5,25,449.09,4.06
2016,5,26,453.95,4.86
2016,5,27,472.01,18.06
2016,5,28,526.02,54.01
2016,5,29,531,4.98
2016,5,30,532.89,1.89
2016,5,31,530.69,-2.2
2016,6,1,536.79,6.09
2016,6,2,538.8,2.01
2016,6,3,570.87,32.07
2016,6,4,572.87,2
2016,6,5,574.02,1.14
2016,6,6,585.34,11.32
2016,6,7,576.88,-8.46
2016,6,8,583.05,6.17
2016,6,9,575.52,-7.53
2016,6,10,580.09,4.57
2016,6,11,614.51,34.42
2016,6,12,672,57.49
2016,6,13,705.87,33.87
2016,6,14,684.5,-21.37
2016,6,15,696.99,12.49
2016,6,16,769.5,72.51
2016,6,17,747.95,-21.55
2016,6,18,757.6,9.65
2016,6,19,767.3,9.7
2016,6,20,743.9,-23.4
2016,6,21,668.6,-75.3
2016,6,22,605.85,-62.75
2016,6,23,625.8,19.95
2016,6,24,665.5,39.7
2016,6,25,668.15325,2.65
2016,6,26,639.4175,-28.74
2016,6,27,657.24225,17.82
2016,6,28,648.128,-9.12
2016,6,29,639.65975,-8.47
2016,6,30,671.9135,32.25
2016,7,1,676.41,4.49
2016,7,2,702.4325,26.02
2016,7,3,659.085,-43.35
2016,7,4,679.30525,20.22
2016,7,5,668.675,-10.64
2016,7,6,676.395,7.72
2016,7,7,639.6375,-36.76
2016,7,8,665.939,26.3
2016,7,9,652.645,-13.3
2016,7,10,650.315,-2.33
2016,7,11,650.4725,0.15
2016,7,12,666.26,15.78
2016,7,13,654.6775,-11.59
2016,7,14,660.68,6
2016,7,15,665.63,4.95
2016,7,16,664.425,-1.21
2016,7,17,680.4525,16.02
2016,7,18,673.9675,-6.49
2016,7,19,673.3855,-0.59
2016,7,20,666.16275,-7.23
2016,7,21,665.785,-0.38
2016,7,22,651.52,-14.27
2016,7,23,656.7495,5.22
2016,7,24,662.4515,5.7
2016,7,25,655.1865,-7.27
2016,7,26,651.765,-3.43
2016,7,27,656.35725,4.59
2016,7,28,655.98,-0.38
2016,7,29,656.615,0.63
2016,7,30,655.3175,-1.3
2016,7,31,624.22,-31.1
2016,8,1,605.16775,-19.06
2016,8,2,537.445,-67.73
2016,8,3,570.15,32.7
2016,8,4,582.82825,12.67
2016,8,5,576.635,-6.2
2016,8,6,590.4845,13.84
2016,8,7,594.2525,3.76
2016,8,8,592.56775,-1.69
2016,8,9,585.5175,-7.06
2016,8,10,592.63275,7.11
2016,8,11,587.285,-5.35
2016,8,12,587.7,0.41
2016,8,13,585.4425,-2.26
2016,8,14,571.5025,-13.94
2016,8,15,567.01,-4.5
2016,8,16,577.8325,10.82
2016,8,17,573.3675,-4.47
2016,8,18,573.805,0.43
2016,8,19,573.295,-0.51
2016,8,20,580.5275,7.23
2016,8,21,580.055,-0.48
2016,8,22,584.98,4.92
2016,8,23,581.9975,-2.99
2016,8,24,579.34975,-2.65
2016,8,25,576.05,-3.3
2016,8,26,578.9,2.85
2016,8,27,569.7975,-9.11
2016,8,28,574.41075,4.61
2016,8,29,573.388,-1.03
2016,8,30,576.7675,3.37
2016,8,31,573.8025,-2.97
2016,9,1,571.9525,-1.86
2016,9,2,575.325,3.37
2016,9,3,599.23,23.9
2016,9,4,608.2625,9.03
2016,9,5,606.336,-1.93
2016,9,6,611.65775,5.32
2016,9,7,615.94125,4.28
2016,9,8,627.61225,11.67
2016,9,9,623.02,-4.6
2016,9,10,623.31725,0.29
2016,9,11,607.069,-16.25
2016,9,12,608.46675,1.39
2016,9,13,609.74225,1.27
2016,9,14,610.07275,0.33
2016,9,15,607.0505,-3.03
2016,9,16,607.385,0.33
2016,9,17,606.3,-1.09
2016,9,18,610.09475,3.79
2016,9,19,608.8775,-1.22
2016,9,20,602.2275,-6.66
2016,9,21,596.93,-5.3
2016,9,22,595.38075,-1.55
2016,9,23,602.4695,7.08
2016,9,24,602.08225,-0.39
2016,9,25,600.1595,-1.93
2016,9,26,607.4075,7.24
2016,9,27,605.34375,-2.07
2016,9,28,604.55725,-0.79
2016,9,29,605.95725,1.4
2016,9,30,609.675,3.71
2016,10,1,614.26375,4.58
2016,10,2,610.80925,-3.46
2016,10,3,613.0645,2.25
2016,10,4,609.865,-3.2
2016,10,5,612.2365,2.37
2016,10,6,612.2315,-0.01
2016,10,7,617.25975,5.02
2016,10,8,618.155,0.89
2016,10,9,615.745,-2.41
2016,10,10,617.7925,2.04
2016,10,11,641.11625,23.32
2016,10,12,635.2775,-5.84
2016,10,13,634.84075,-0.44
2016,10,14,638.4425,3.6
2016,10,15,637.50975,-0.94
2016,10,16,640.9375,3.42
2016,10,17,638.8565,-2.09
2016,10,18,635.755,-3.11
2016,10,19,629.56,-6.2
2016,10,20,628.9975,-0.57
2016,10,21,631.265,2.26
2016,10,22,656.06075,24.79
2016,10,23,651.99325,-4.07
2016,10,24,649.99,-2.01
2016,10,25,653.11975,3.12
2016,10,26,674.357,21.23
2016,10,27,685.677,11.32
2016,10,28,688.7125,3.03
2016,10,29,713.5875,24.87
2016,10,30,698.44925,-15.14
2016,10,31,697.69475,-0.76
2016,11,1,730.2385,32.54
2016,11,2,742.415,12.17
2016,11,3,688.57725,-53.84
2016,11,4,705.4965,16.91
2016,11,5,705.8145,0.31
2016,11,6,713.39925,7.58
2016,11,7,706.23375,-7.17
2016,11,8,711.2375,5
2016,11,9,721.585,10.34
2016,11,10,713.0925,-8.5
2016,11,11,716.5675,3.47
2016,11,12,702.78,-13.79
2016,11,13,702.0125,-0.77
2016,11,14,706.641,4.62
2016,11,15,711.82,5.17
2016,11,16,740.28825,28.46
2016,11,17,735.395,-4.9
2016,11,18,749.9355,14.54
2016,11,19,751.11,1.17
2016,11,20,729.02925,-22.09
2016,11,21,737.2625,8.23
2016,11,22,748.4975,11.23
2016,11,23,741.5225,-6.98
2016,11,24,737.5125,-4.01
2016,11,25,740.21,2.69
2016,11,26,733.54,-6.68
2016,11,27,728.71,-4.83
2016,11,28,731.6175,2.9
2016,11,29,732.0125,0.39
2016,11,30,742.339,10.32
2016,12,1,753.00475,10.66
2016,12,2,771.92975,18.92
2016,12,3,764.73625,-7.2
2016,12,4,766.17,1.43
2016,12,5,751.94725,-14.23
2016,12,6,758.86325,6.91
2016,12,7,764.42775,5.56
2016,12,8,767.687,3.25
2016,12,9,771.142,3.45
2016,12,10,773.735,2.59
2016,12,11,770.61025,-3.13
2016,12,12,778.3885,7.77
2016,12,13,777.3975,-1
2016,12,14,777.29725,-0.11
2016,12,15,776.265,-1.04
2016,12,16,782.5475,6.28
2016,12,17,789.86225,7.31
2016,12,18,790.95525,1.09
2016,12,19,791.135,0.17
2016,12,20,799.95225,8.81
2016,12,21,831.745,31.79
2016,12,22,858.6175,26.87
2016,12,23,916.14,57.52
2016,12,24,894.18,-21.96
2016,12,25,895.14225,0.96
2016,12,26,901.61775,6.47
2016,12,27,930.2575,28.63
2016,12,28,979.65775,49.4
2016,12,29,972.0525,-7.61
2016,12,30,961.29225,-10.77
2016,12,31,970.4175,9.12
2017,1,1,996.34775,25.93
2017,1,2,1015.50275,19.15
2017,1,3,1032.2975,16.79
2017,1,4,1130.39975,98.1
2017,1,5,1005.6425,-124.76
2017,1,6,894.70325,-110.94
2017,1,7,907.65,12.94
2017,1,8,915.99975,8.34
2017,1,9,901.73,-14.27
2017,1,10,906.91425,5.18
2017,1,11,785.9935,-120.93
2017,1,12,808.3385,22.34
2017,1,13,829.5125,21.17
2017,1,14,822.65275,-6.86
2017,1,15,827.50975,4.85
2017,1,16,833.5115,6
2017,1,17,906.14325,72.63
2017,1,18,888.24775,-17.9
2017,1,19,902.2675,14.01
2017,1,20,896.68225,-5.59
2017,1,21,924.1545,27.47
2017,1,22,926.2425,2.08
2017,1,23,915.347,-10.9
2017,1,24,885.91375,-29.44
2017,1,25,895.3225,9.4
2017,1,26,916.094,20.77
2017,1,27,920.98975,4.89
2017,1,28,920.80725,-0.19
2017,1,29,914.968,-5.84
2017,1,30,921.45,6.48
2017,1,31,968.74725,47.29
2017,2,1,988.57725,19.83
2017,2,2,1008.7165,20.13
2017,2,3,1016.8,8.08
2017,2,4,1032.77575,15.97
2017,2,5,1014.2965,-18.48
2017,2,6,1024.3925,10.09
2017,2,7,1053.2145,28.82
2017,2,8,1054.2095,0.99
2017,2,9,989.33,-64.88
2017,2,10,1000.4665,11.13
2017,2,11,1013.906,13.43
2017,2,12,1004.87925,-9.03
2017,2,13,1000.24275,-4.64
2017,2,14,1013.098,12.85
2017,2,15,1013.87,0.77
2017,2,16,1036.4605,22.59
2017,2,17,1056.14375,19.68
2017,2,18,1059.32475,3.18
2017,2,19,1055.5025,-3.83
2017,2,20,1086.9075,31.4
2017,2,21,1128.762,41.85
2017,2,22,1128.23225,-0.53
2017,2,23,1184.5075,56.27
2017,2,24,1183.9425,-0.57
2017,2,25,1151.451,-32.5
2017,2,26,1178.2475,26.79
2017,2,27,1193.79025,15.54
2017,2,28,1190.3725,-3.42
2017,3,1,1227.5725,37.2
2017,3,2,1260.105,32.53
2017,3,3,1285.79225,25.68
2017,3,4,1266.309,-19.49
2017,3,5,1273.4885,7.17
2017,3,6,1281.84,8.35
2017,3,7,1232.90425,-48.94
2017,3,8,1148.76175,-84.15
2017,3,9,1193.146,44.38
2017,3,10,1111.5675,-81.58
2017,3,11,1180.56725,68.99
2017,3,12,1229.79975,49.23
2017,3,13,1241.2,11.4
2017,3,14,1246.36875,5.16
2017,3,15,1258.7475,12.37
2017,3,16,1172.03,-86.72
2017,3,17,1058.0875,-113.95
2017,3,18,964.872,-93.22
2017,3,19,1016.50675,51.63
2017,3,20,1038.1325,21.62
2017,3,21,1113.247,75.11
2017,3,22,1035.5275,-77.72
2017,3,23,1027.955,-7.58
2017,3,24,930.5155,-97.44
2017,3,25,959.39475,28.87
2017,3,26,965.52375,6.12
2017,3,27,1041.71525,76.19
2017,3,28,1044.42775,2.71
2017,3,29,1040.9225,-3.51
2017,3,30,1039.4475,-1.48
2017,3,31,1080.825,41.37
2017,4,1,1089.414,8.58
2017,4,2,1101.72725,12.31
2017,4,3,1149.6845,47.95
2017,4,4,1144.5045,-5.19
2017,4,5,1135.115,-9.39
2017,4,6,1192.62,57.5
2017,4,7,1192.8025,0.18
2017,4,8,1183.875,-8.93
2017,4,9,1209.5625,25.68
2017,4,10,1210.28,0.71
2017,4,11,1222.55975,12.27
2017,4,12,1215.90225,-6.66
2017,4,13,1175.4925,-40.41
2017,4,14,1176.89275,1.4
2017,4,15,1175.4995,-1.4
2017,4,16,1174.827,-0.68
2017,4,17,1189.44,14.61
2017,4,18,1202.68775,13.24
2017,4,19,1208.46,5.77
2017,4,20,1237.66675,29.2
2017,4,21,1248.14975,10.48
2017,4,22,1240.837,-7.32
2017,4,23,1246.07,5.23
2017,4,24,1254.399,8.32
2017,4,25,1277.1975,22.79
2017,4,26,1292.96525,15.76
2017,4,27,1340.1325,47.16
2017,4,28,1339.9675,-0.17
2017,4,29,1346.359,6.39
2017,4,30,1362.02675,15.66
2017,5,1,1416.3535,54.32
2017,5,2,1459.97,43.61
2017,5,3,1516.94225,56.97
2017,5,4,1546.50875,29.56
2017,5,5,1532.79025,-13.72
2017,5,6,1564.9555,32.16
2017,5,7,1567.7285,2.77
2017,5,8,1679.74725,112.01
2017,5,9,1720.49225,40.74
2017,5,10,1785.7075,65.21
2017,5,11,1834.13475,48.42
2017,5,12,1694.987,-139.15
2017,5,13,1783.725,88.73
2017,5,14,1791.51,7.78
2017,5,15,1733.9275,-57.59
2017,5,16,1758.605,24.67
2017,5,17,1811.2115,52.6
2017,5,18,1893.425,82.21
2017,5,19,1965.25825,71.83
2017,5,20,2039.82475,74.56
2017,5,21,2027.914,-11.92
2017,5,22,2102.6455,74.73
2017,5,23,2257.54175,154.89
2017,5,24,2426.00125,168.45
2017,5,25,2309.3925,-116.61
2017,5,26,2255.89975,-53.5
2017,5,27,2061.69,-194.21
2017,5,28,2194.89325,133.2
2017,5,29,2275.28825,80.39
2017,5,30,2187.87925,-87.41
2017,5,31,2299.05525,111.17
2017,6,1,2411.24,112.18
2017,6,2,2484.78825,73.54
2017,6,3,2548.40475,63.61
2017,6,4,2523.05775,-25.35
2017,6,5,2693.8575,170.79
2017,6,6,2874.815,180.95
2017,6,7,2687.16775,-187.65
2017,6,8,2804.34025,117.17
2017,6,9,2814.29675,9.95
2017,6,10,2887.79475,73.49
2017,6,11,2959.51975,71.72
2017,6,12,2647.128,-312.4
2017,6,13,2709.5225,62.39
2017,6,14,2448.614,-260.91
2017,6,15,2419.93925,-28.68
2017,6,16,2480.01325,60.07
2017,6,17,2636.35575,156.34
2017,6,18,2512.4655,-123.9
2017,6,19,2593.707,81.24
2017,6,20,2726.08,132.37
2017,6,21,2647.6145,-78.47
2017,6,22,2692.00925,44.39
2017,6,23,2682.11,-9.9
2017,6,24,2563.22275,-118.89
2017,6,25,2498.21975,-65.01
2017,6,26,2412.4375,-85.79
2017,6,27,2562.3475,149.91
2017,6,28,2555.50275,-6.85
2017,6,29,2536.8885,-18.62
2017,6,30,2455.4225,-81.47
2017,7,1,2411.277,-44.15
2017,7,2,2508.61025,97.33
2017,7,3,2545.1375,36.52
2017,7,4,2600.95775,55.82
2017,7,5,2614.07675,13.11
2017,7,6,2604.10025,-9.98
2017,7,7,2500.832,-103.27
2017,7,8,2551.69925,50.86
2017,7,9,2502.82275,-48.88
2017,7,10,2330.78225,-172.05
2017,7,11,2305.81,-24.98
2017,7,12,2382.2715,76.46
2017,7,13,2339.968,-42.31
2017,7,14,2214.94925,-125.02
2017,7,15,1968.5575,-246.4
2017,7,16,1910.16225,-58.4
2017,7,17,2226.815,316.65
2017,7,18,2306.755,79.94
2017,7,19,2260.872,-45.89
2017,7,20,2873.343,612.47
2017,7,21,2664.86,-208.49
2017,7,22,2831.788,166.92
2017,7,23,2756.4875,-75.31
2017,7,24,2759.1595,2.67
2017,7,25,2560.773,-198.39
2017,7,26,2525.125,-35.65
2017,7,27,2667.4255,142.3
2017,7,28,2787.3175,119.89
2017,7,29,2700.72725,-86.6
2017,7,30,2753.8375,53.11
2017,7,31,2865.02325,111.18
2017,8,1,2730.15425,-134.87
2017,8,2,2701.9125,-28.25
2017,8,3,2790.2135,88.3
2017,8,4,2858.3245,68.11
2017,8,5,3253.94,395.61
2017,8,6,3224.683,-29.26
2017,8,7,3393.065,168.38
2017,8,8,3421.6175,28.55
2017,8,9,3351.6645,-69.96
2017,8,10,3428.36225,76.69
2017,8,11,3652.8,224.43
2017,8,12,3869.2565,216.45
2017,8,13,4061.17,191.91
2017,8,14,4325.198,264.02
2017,8,15,4160.66,-164.54
2017,8,16,4369.215,208.55
2017,8,17,4282.99,-86.23
2017,8,18,4111.3,-171.69
2017,8,19,4145.45075,34.15
2017,8,20,4059.4735,-85.98
2017,8,21,3997.2735,-62.2
2017,8,22,4093.795,96.52
2017,8,23,4137.42825,43.63
2017,8,24,4315.0655,177.63
2017,8,25,4369.55475,54.48
2017,8,26,4350.17475,-19.38
2017,8,27,4339.2825,-10.9
2017,8,28,4383.1945,43.91
2017,8,29,4589.49475,206.3
2017,8,30,4579.695,-9.8
2017,8,31,4737.9375,158.24
2017,9,1,4928.3975,190.46
2017,9,2,4630.785,-297.62
2017,9,3,4621.195,-9.6
2017,9,4,4349.555,-271.64
2017,9,5,4421.515,71.96
2017,9,6,4618.1875,196.67
2017,9,7,4630.5925,12.4
2017,9,8,4348.31,-282.29
2017,9,9,4327.6375,-20.68
2017,9,10,4252.04,-75.6
2017,9,11,4213.48,-38.57
2017,9,12,4166.5575,-46.93
2017,9,13,3864.4675,-302.09
2017,9,14,3243.755,-620.72
2017,9,15,3722.37,478.61
2017,9,16,3709.305,-13.07
2017,9,17,3704.605,-4.7
2017,9,18,4097.7825,393.17
2017,9,19,3903.3275,-194.46
2017,9,20,3868.905,-34.43
2017,9,21,3618.79,-250.12
2017,9,22,3614.7375,-4.06
2017,9,23,3784.775,170.03
2017,9,24,3668.48,-116.3
2017,9,25,3919.565,251.08
2017,9,26,3886.04,-33.53
2017,9,27,4204.4,318.36
2017,9,28,4188.065,-16.34
2017,9,29,4165.45,-22.62
2017,9,30,4334.18,168.73
2017,10,1,4386.1175,51.93
2017,10,2,4392.8975,6.77
2017,10,3,4308.205,-84.7
2017,10,4,4218.055,-90.15
2017,10,5,4315.975,97.92
2017,10,6,4362.865,46.88
2017,10,7,4426.3275,63.46
2017,10,8,4598.9925,172.66
2017,10,9,4764.3575,165.36
2017,10,10,4751.0025,-13.36
2017,10,11,4818.3625,67.36
2017,10,12,5438.095,619.73
2017,10,13,5638.67,200.57
2017,10,14,5805.1025,166.43
2017,10,15,5687.0025,-118.1
2017,10,16,5746.995,59.99
2017,10,17,5597.5175,-149.48
2017,10,18,5576.305,-21.22
2017,10,19,5698.2525,121.94
2017,10,20,5987.355,289.1
2017,10,21,6023.475,36.12
2017,10,22,5986.655,-36.83
2017,10,23,5894.89,-91.77
2017,10,24,5527.885,-367.01
2017,10,25,5745.0775,217.19
2017,10,26,5890.4075,145.33
2017,10,27,5777.7525,-112.66
2017,10,28,5740.6775,-37.08
2017,10,29,6135.035,394.35
2017,10,30,6123.335,-11.7
2017,10,31,6439.52,316.18
2017,11,1,6752.05,312.53
2017,11,2,7028.69,276.64
2017,11,3,7156.8525,128.16
2017,11,4,7385.7075,228.85
2017,11,5,7384.79,-0.92
2017,11,6,6970.3625,-414.43
2017,11,7,7123.6775,153.31
2017,11,8,7461.8275,338.15
2017,11,9,7151.9725,-309.86
2017,11,10,6583.4775,-568.5
2017,11,11,6342.9575,-240.52
2017,11,12,5871.5225,-471.44
2017,11,13,6534.585,663.06
2017,11,14,6620.3375,85.75
2017,11,15,7285.1625,664.82
2017,11,16,7822.1575,536.99
2017,11,17,7690.6425,-131.52
2017,11,18,7777.645,87
2017,11,19,8023.845,246.2
2017,11,20,8240.5725,216.72
2017,11,21,8109.4225,-131.15
2017,11,22,8239.0275,129.6
2017,11,23,8015.01,-224.02
2017,11,24,8199.295,184.28
2017,11,25,8745.7775,546.48
2017,11,26,9288.17,542.39
2017,11,27,9704.9725,416.8
2017,11,28,9889.88,184.9
2017,11,29,9845.9375,-43.95
2017,11,30,9968.3925,122.45
2017,12,1,10879.1425,910.75
2017,12,2,10897.8125,18.67
2017,12,3,11251.5775,353.76
2017,12,4,11640.9725,389.39
2017,12,5,11710.6875,69.71
2017,12,6,13796.59,2085.9
2017,12,7,16734.75,2938.16
2017,12,8,16084.735,-650.02
2017,12,9,14910.3425,-1174.4
2017,12,10,15037.4975,127.15
2017,12,11,16683.4875,1645.99
2017,12,12,17162.905,479.41
2017,12,13,16387.6525,-775.26
2017,12,14,16552.415,164.76
2017,12,15,17613.6675,1061.25
2017,12,16,19423.67,1810
2017,12,17,19128.2725,-295.4
2017,12,18,18948.92,-179.36
2017,12,19,17694.81,-1254.11
2017,12,20,16445.165,-1249.65
2017,12,21,15584.7025,-860.47
2017,12,22,14023.615,-1561.09
2017,12,23,14814.6275,791.01
2017,12,24,14059.955,-754.68
2017,12,25,13983.735,-76.22
2017,12,26,15800.17,1816.43
2017,12,27,15399.215,-400.96
2017,12,28,14489.3725,-909.85
2017,12,29,14470.21,-19.17
2017,12,30,12688.9175,-1781.3
2017,12,31,13888.3225,1199.4
2018,1,1,13441.9825,-446.34
2018,1,2,14770.635,1328.65
2018,1,3,15145.865,375.23
2018,1,4,15188.8125,42.94
2018,1,5,16955.8775,1767.06
2018,1,6,17127.915,172.03
2018,1,7,16144.1975,-983.72
2018,1,8,14999.085,-1145.12
2018,1,9,14469.6625,-529.43
2018,1,10,14908.0475,438.38
2018,1,11,13339.265,-1568.79
2018,1,12,13729.9175,390.65
2018,1,13,14240.0275,510.11
2018,1,14,13660.4225,-579.61
2018,1,15,13600.735,-59.69
2018,1,16,11472.14,-2128.6
2018,1,17,11204.1375,-268.01
2018,1,18,11284.275,80.13
2018,1,19,11546.3875,262.11
2018,1,20,12782.4175,1236.03
2018,1,21,11541.66,-1240.76
2018,1,22,10791.7475,-749.92
2018,1,23,10836.8675,45.12
2018,1,24,11381.0325,544.16
2018,1,25,11136.71,-244.33
2018,1,26,11088.1575,-48.56
2018,1,27,11381.0975,292.94
2018,1,28,11621.1475,240.05
2018,1,29,11142.7425,-478.41
2018,1,30,9988.305,-1154.44
2018,1,31,10115.7975,127.49
2018,2,1,9012.8875,-1102.91
2018,2,2,8811.005,-201.89
2018,2,3,9213.725,402.72
2018,2,4,8163.0125,-1050.72
2018,2,5,6878.9575,-1284.06
2018,2,6,7696.395,817.43
2018,2,7,7576.405,-119.99
2018,2,8,8227.215,650.81
2018,2,9,8685.7175,458.5
2018,2,10,8554.1725,-131.55
2018,2,11,8067.4975,-486.68
2018,2,12,8894.395,826.89
2018,2,13,8519.9425,-374.46
2018,2,14,9483.4825,963.54
2018,2,15,10025.8525,542.37
2018,2,16,10183.905,158.05
2018,2,17,11105.625,921.72
2018,2,18,10408.5275,-697.1
2018,2,19,11161.255,752.72
2018,2,20,11229.375,68.12
2018,2,21,10461.6925,-767.69
2018,2,22,9835.875,-625.82
2018,2,23,10157.6025,321.72
2018,2,24,9690.955,-466.65
2018,2,25,9590.7575,-100.2
2018,2,26,10311.7,720.94
2018,2,27,10561.5825,249.88
2018,2,28,10306.8075,-254.78
2018,3,1,10905,598.19
2018,3,2,11022.265,117.26
2018,3,3,11434.805,412.54
2018,3,4,11478.115,43.3
2018,3,5,11407.6725,-70.45
2018,3,6,10713.0325,-694.64
2018,3,7,9906.3225,-806.71
2018,3,8,9291.47,-614.86
2018,3,9,9246.625,-44.85
2018,3,10,8777.0275,-469.6
2018,3,11,9531.515,754.48
2018,3,12,9113.485,-418.03
2018,3,13,9143.8875,30.4
2018,3,14,8194.1825,-949.71
2018,3,15,8260.1575,65.97
2018,3,16,8263.8375,3.68
2018,3,17,7858.73,-405.11
2018,3,18,8190.1825,331.45
2018,3,19,8598.785,408.6
2018,3,20,8903.3125,304.52
2018,3,21,8892.0325,-11.29
2018,3,22,8710.45,-181.59
2018,3,23,8922.4225,211.97
2018,3,24,8537.1675,-385.26
2018,3,25,8452.085,-85.09
2018,3,26,8143.28,-308.81
2018,3,27,7791.6175,-351.67
2018,3,28,7940.075,148.45
2018,3,29,7083.77,-856.31
2018,3,30,6835.18,-248.59
2018,3,31,6922.18,87
2018,4,1,6812.6375,-109.55
2018,4,2,7050.615,237.97
2018,4,3,7418.625,368.01
2018,4,4,6794.085,-624.54
2018,4,5,6774.51,-19.58
2018,4,6,6611.62,-162.89
2018,4,7,6897,285.38
2018,4,8,7021.1225,124.12
2018,4,9,6773.91,-247.22
2018,4,10,6830.335,56.42
2018,4,11,6941.09,110.75
2018,4,12,7920.0175,978.92
2018,4,13,7887.1375,-32.88
2018,4,14,8001.6225,114.48
2018,4,15,8357.55,355.92
2018,4,16,8051.6125,-305.94
2018,4,17,7891.5925,-160.02
2018,4,18,8165.4725,273.88
2018,4,19,8272.5775,107.1
2018,4,20,8862.335,589.75
2018,4,21,8925.1825,62.84
2018,4,22,8799.1925,-126
2018,4,23,8941.3375,142.14
2018,4,24,9651.1975,709.86
2018,4,25,8862.92,-788.28
2018,4,26,9279.735,416.81
2018,4,27,8921.945,-357.79
2018,4,28,9339.5325,417.58
2018,4,29,9396.8725,57.34
2018,4,30,9243.395,-153.48
2018,5,1,9070.0825,-173.32
2018,5,2,9210.32,140.23
2018,5,3,9730.3925,520.07
2018,5,4,9690.46,-39.94
2018,5,5,9807.7725,117.31
2018,5,6,9607.08,-200.7
2018,5,7,9358.77,-248.31
2018,5,8,9174.9075,-183.87
2018,5,9,9305.605,130.69
2018,5,10,9015.02,-290.59
2018,5,11,8405.2475,-609.78
2018,5,12,8475.4775,70.23
2018,5,13,8691.595,216.11
2018,5,14,8671.9725,-19.63
2018,5,15,8472.7075,-199.27
2018,5,16,8345.1075,-127.6
2018,5,17,8062.51,-282.6
2018,5,18,8237.32,174.81
2018,5,19,8235.1525,-2.17
2018,5,20,8517.3525,282.2
2018,5,21,8392.9275,-124.43
2018,5,22,7986.6625,-406.27
2018,5,23,7501.415,-485.25
2018,5,24,7578.88,77.46
2018,5,25,7464.735,-114.15
2018,5,26,7334.285,-130.45
2018,5,27,7342.2625,7.97
2018,5,28,7105.2875,-236.98
2018,5,29,7463.0125,357.72
2018,5,30,7379.63,-83.39
2018,5,31,7486.93,107.3
2018,6,1,7512.7825,25.85
2018,6,2,7639.51,126.72
2018,6,3,7709.2075,69.69
2018,6,4,7492.7825,-216.43
2018,6,5,7615.6225,122.84
2018,6,6,7657.825,42.2
2018,6,7,7686.2175,28.39
2018,6,8,7624,-62.22
2018,6,9,7496.46,-127.54
2018,6,10,6772.345,-724.12
2018,6,11,6879.1525,106.8
2018,6,12,6549.9675,-329.19
2018,6,13,6300.4025,-249.57
2018,6,14,6641.2375,340.83
2018,6,15,6389.6,-251.64
2018,6,16,6485.1175,95.51
2018,6,17,6446.43,-38.69
2018,6,18,6708.57,262.14
2018,6,19,6738.5225,29.95
2018,6,20,6757.3675,18.84
2018,6,21,6717.83,-39.54
2018,6,22,6059.7875,-658.05
2018,6,23,6170.58,110.79
2018,6,24,6150.87,-19.71
2018,6,25,6246.9125,96.04
2018,6,26,6070.8275,-176.09
2018,6,27,6134.4525,63.62
2018,6,28,5852.18,-282.28
2018,6,29,6201.4975,349.31
2018,6,30,6386.4525,184.95
2018,7,1,6347.705,-38.75
2018,7,2,6614.4,266.69
2018,7,3,6503.6175,-110.79
2018,7,4,6584.91,81.29
2018,7,5,6530.5775,-54.34
2018,7,6,6593.61,63.03
2018,7,7,6755.6275,162.01
2018,7,8,6703.5375,-52.09
2018,7,9,6664.815,-38.73
2018,7,10,6301.69,-363.13
2018,7,11,6381.985,80.29
2018,7,12,6246.47,-135.52
2018,7,13,6214.195,-32.28
2018,7,14,6248.2625,34.06
2018,7,15,6345.355,97.09
2018,7,16,6726.5175,381.16
2018,7,17,7316.35,589.83
2018,7,18,7374.955,58.6
2018,7,19,7470.0775,95.12
2018,7,20,7330.025,-140.06
2018,7,21,7405.8525,75.82
2018,7,22,7398.9675,-6.89
2018,7,23,7718.3325,319.36
2018,7,24,8397.7825,679.45
2018,7,25,8164.3025,-233.48
2018,7,26,7927.3375,-236.97
2018,7,27,8184.1175,256.78
2018,7,28,8233.105,48.98
2018,7,29,8215.66,-17.45
2018,7,30,8166.77,-48.89
2018,7,31,7725.9375,-440.84
2018,8,1,7603.06,-122.88
2018,8,2,7535.2725,-67.79
2018,8,3,7414.94,-120.34
2018,8,4,7013.51,-401.43
2018,8,5,7030.395,16.88
2018,8,6,6935.35,-95.05
2018,8,7,6718.47,-216.88
2018,8,8,6279.1225,-439.35
2018,8,9,6541.67,262.54
2018,8,10,6134.1725,-407.5
2018,8,11,6233.8525,99.68
2018,8,12,6314.31,80.45
2018,8,13,6253.4025,-60.91
2018,8,14,6195.4,-58.01
2018,8,15,6270.1375,74.73
2018,8,16,6314.81,44.67
2018,8,17,6583.9,269.09
2018,8,18,6396.4775,-187.43
2018,8,19,6484.53,88.05
2018,8,20,6258.78,-225.75
2018,8,21,6476.7975,218.01
2018,8,22,6356.3875,-120.41
2018,8,23,6525.685,169.29
2018,8,24,6692.28,166.59
2018,8,25,6733.2925,41.01
2018,8,26,6706.6875,-26.61
2018,8,27,6908.6025,201.91
2018,8,28,7075.9375,167.33
2018,8,29,7030.0975,-45.84
2018,8,30,6982.0175,-48.08
2018,8,31,7016.315,34.29
2018,9,1,7190.8925,174.57
2018,9,2,7291.145,100.25
2018,9,3,7256.12,-35.03
2018,9,4,7358.805,102.68
2018,9,5,6685.4675,-673.34
2018,9,6,6494.815,-190.66
2018,9,7,6397.115,-97.7
2018,9,8,6251.295,-145.82
2018,9,9,6289.405,38.11
2018,9,10,6340.54,51.13
2018,9,11,6325.1225,-15.42
2018,9,12,6355.905,30.78
2018,9,13,6478.615,122.71
2018,9,14,6473.28,-5.34
2018,9,15,6503.625,30.34
2018,9,16,6487.8875,-15.74
2018,9,17,6302.7225,-185.17
2018,9,18,6363.5525,60.83
2018,9,19,6405.7775,42.22
2018,9,20,6483.24,77.46
2018,9,21,6677.605,194.36
2018,9,22,6647.5025,-30.11
2018,9,23,6638.72,-8.79
2018,9,24,6549.62,-89.1
2018,9,25,6439.1375,-110.49
2018,9,26,6456.585,17.44
2018,9,27,6625.275,168.69
2018,9,28,6577.185,-48.09
2018,9,29,6549.6875,-27.5
2018,9,30,6565.645,15.95
2018,10,1,6543.075,-22.58
2018,10,2,6488.5325,-54.55
2018,10,3,6460.5925,-27.95
2018,10,4,6524.52,63.92
2018,10,5,6552.9575,28.43
2018,10,6,6548,-4.96
2018,10,7,6572.825,24.82
2018,10,8,6605.705,32.88
2018,10,9,6589.215,-16.49
2018,10,10,6525.59,-63.63
2018,10,11,6152.845,-372.75
2018,10,12,6191.895,39.05
2018,10,13,6197.1475,5.25
2018,10,14,6182.4575,-14.69
2018,10,15,6439.245,256.78
2018,10,16,6458.7975,19.55
2018,10,17,6440.6225,-18.18
2018,10,18,6394.3875,-46.24
2018,10,19,6384.235,-10.16
2018,10,20,6413.0975,28.86
2018,10,21,6412.975,-0.13
2018,10,22,6407.685,-5.29
2018,10,23,6394.55,-13.14
2018,10,24,6413.46,18.91
2018,10,25,6392.9525,-20.51
2018,10,26,6405.34,12.38
2018,10,27,6409.2975,3.95
2018,10,28,6405.5225,-3.78
2018,10,29,6265.6225,-139.9
2018,10,30,6270.63,5
2018,10,31,6305.1325,34.5
2018,11,1,6342.2975,37.16
2018,11,2,6349.3525,7.05
2018,11,3,6332.705,-16.65
2018,11,4,6422.5075,89.8
2018,11,5,6404.12,-18.39
2018,11,6,6448.9275,44.8
2018,11,7,6502.23,53.3
2018,11,8,6406.6025,-95.63
2018,11,9,6332.5725,-74.03
2018,11,10,6348.9925,16.42
2018,11,11,6358.58,9.58
2018,11,12,6324.86,-33.72
2018,11,13,6259.6275,-65.24
2018,11,14,5602.1625,-657.47
2018,11,15,5576.9575,-25.21
2018,11,16,5512.78,-64.18
2018,11,17,5502.6175,-10.17
2018,11,18,5560.145,57.52
2018,11,19,4735.99,-824.16
2018,11,20,4354.4625,-381.53
2018,11,21,4544.4975,190.03
2018,11,22,4266.62,-277.88
2018,11,23,4286.6775,20.05
2018,11,24,3782.6575,-504.02
2018,11,25,3935.5125,152.85
2018,11,26,3729.05,-206.47
2018,11,27,3772.035,42.98
2018,11,28,4222.17,450.13
2018,11,29,4245.0575,22.88
2018,11,30,3971.615,-273.45
2018,12,1,4140.5975,168.98
2018,12,2,4102.0975,-38.5
2018,12,3,3833.88,-268.22
2018,12,4,3903.5,69.62
2018,12,5,3694.325,-209.18
2018,12,6,3435.64,-258.69
2018,12,7,3379.455,-56.19
2018,12,8,3397.8,18.34
2018,12,9,3532.5225,134.72
2018,12,10,3409.4375,-123.09
2018,12,11,3349.4975,-59.94
2018,12,12,3431.8775,82.38
2018,12,13,3263.2925,-168.59
2018,12,14,3195.4475,-67.85
2018,12,15,3181.675,-13.78
2018,12,16,3192.87,11.19
2018,12,17,3499.5975,306.72
2018,12,18,3667.9625,168.36
2018,12,19,3683.645,15.68
2018,12,20,4075.2,391.55
2018,12,21,3839.425,-235.78
2018,12,22,3980.5025,141.07
2018,12,23,3944.385,-36.12
2018,12,24,4034.35,89.96
2018,12,25,3779.115,-255.24
2018,12,26,3809.235,30.12
2018,12,27,3589.7125,-219.53
2018,12,28,3888.1825,298.47
2018,12,29,3727.34,-160.85
2018,12,30,3831.0375,103.69
2018,12,31,3692.3525,-138.69
2019,1,1,3823.3175,130.96
2019,1,2,3888.3275,65.01
2019,1,3,3787.1975,-101.13
2019,1,4,3820.925,33.72
2019,1,5,3796.1175,-24.81
2019,1,6,4040.9525,244.83
2019,1,7,4006.0575,-34.9
2019,1,8,3993.475,-12.59
2019,1,9,4001.705,8.23
2019,1,10,3625.9725,-375.74
2019,1,11,3635.0225,9.05
2019,1,12,3617.965,-17.06
2019,1,13,3514.2175,-103.75
2019,1,14,3664.04,149.82
2019,1,15,3581.695,-82.35
2019,1,16,3607.3425,25.64
2019,1,17,3641.015,33.67
2019,1,18,3609.315,-31.7
2019,1,19,3683.4125,74.09
2019,1,20,3534.25,-149.17
2019,1,21,3532.23,-2.02
2019,1,22,3576.72,44.49
2019,1,23,3553.6125,-23.11
2019,1,24,3570.3125,16.69
2019,1,25,3560.8175,-9.5
2019,1,26,3556.505,-4.32
2019,1,27,3531.82,-24.69
2019,1,28,3430.0375,-101.79
2019,1,29,3394.6025,-35.44
2019,1,30,3436.6025,42
2019,1,31,3411.5775,-25.03
2019,2,1,3437.85,26.27
2019,2,2,3466.5775,28.72
2019,2,3,3415.1975,-51.38
2019,2,4,3411.4525,-3.75
2019,2,5,3429.8175,18.36
2019,2,6,3366.5525,-63.27
2019,2,7,3359.655,-6.9
2019,2,8,3622.38,262.72
2019,2,9,3624.04,1.65
2019,2,10,3648.38,24.34
2019,2,11,3589.835,-58.55
2019,2,12,3587.8775,-1.96
2019,2,13,3575.5225,-12.36
2019,2,14,3561.6375,-13.89
2019,2,15,3566.85,5.21
2019,2,16,3581.1725,14.32
2019,2,17,3625.62,44.44
2019,2,18,3868.6225,243
2019,2,19,3889.15,20.52
2019,2,20,3939.67,50.52
2019,2,21,3899.2,-40.47
2019,2,22,3942.225,43.02
2019,2,23,4111.955,169.73
2019,2,24,3732.395,-379.56
2019,2,25,3819.89,87.49
2019,2,26,3797.6825,-22.21
2019,2,27,3799.37,1.68
2019,2,28,3792.1725,-7.2
2019,3,1,3806.51,14.33
2019,3,2,3810.6275,4.11
2019,3,3,3787.94,-22.69
2019,3,4,3700.075,-87.87
2019,3,5,3844.8225,144.74
2019,3,6,3851.4,6.57
2019,3,7,3855.7375,4.33
2019,3,8,3843.515,-12.23
2019,3,9,3917.53,74.01
2019,3,10,3898.95312045,-18.58
2019,3,11,3850.195,-48.76
2019,3,12,3861.24,11.04
2019,3,13,3850.965,-10.28
2019,3,14,3854.6225,3.65
2019,3,15,3901.3025,46.68
2019,3,16,3989.8,88.49
2019,3,17,3965.74,-24.07
2019,3,18,3969.92,4.18
2019,3,19,4000.07,30.15
2019,3,20,4031.885,31.81
2019,3,21,3973.595,-58.29
2019,3,22,3983.655,10.06
2019,3,23,3982.725,-0.94
2019,3,24,3970.085,-12.64
2019,3,25,3908.16,-61.93
2019,3,26,3920.73,12.57
2019,3,27,4026.295,105.56
2019,3,28,4012.5025,-13.8
2019,3,29,4088.1575,75.65
2019,3,30,4093.4975,5.34
2019,3,31,4095.32,1.82
2019,4,1,4136.915,41.59
2019,4,2,4902.065,765.15
2019,4,3,4975.835,73.77
2019,4,4,4906.9525,-68.89
2019,4,5,5039.8725,132.92
2019,4,6,5044.8925,5.01
2019,4,7,5193.965,149.07
2019,4,8,5286.6,92.63
2019,4,9,5191.3975,-95.21
2019,4,10,5320.65,129.25
2019,4,11,5041.97,-278.68
2019,4,12,5081.23,39.25
2019,4,13,5066.2325,-15
2019,4,14,5161.725,95.49
2019,4,15,5032.24,-129.49
2019,4,16,5203.27,171.03
2019,4,17,5232.93,29.66
2019,4,18,5282.48,49.54
2019,4,19,5288.225,5.74
2019,4,20,5319.1475,30.92
2019,4,21,5296.6375,-22.51
2019,4,22,5387.1,90.46
2019,4,23,5531.93,144.83
2019,4,24,5442.5525,-89.38
2019,4,25,5133.6225,-308.93
2019,4,26,5152.02,18.39
2019,4,27,5170.5475,18.52
2019,4,28,5157.275,-13.28
2019,4,29,5149.055,-8.22
2019,4,30,5269.5575,120.5
2019,5,1,5323.21,53.65
2019,5,2,5389.005,65.79
2019,5,3,5658.98,269.97
2019,5,4,5766.9175,107.93
2019,5,5,5714.345,-52.58
2019,5,6,5686.8525,-27.5
2019,5,7,5747.2475,60.39
2019,5,8,5941,193.75
2019,5,9,6151.8425,210.84
2019,5,10,6350.4725,198.63
2019,5,11,7218.7675,868.29
2019,5,12,6976.065,-242.71
2019,5,13,7818.4875,842.42
2019,5,14,7991.525,173.03
2019,5,15,8203.37,211.84
2019,5,16,7880.26,-323.11
2019,5,17,7356.83,-523.43
2019,5,18,7262.96,-93.87
2019,5,19,8196.835,933.87
2019,5,20,8003.5375,-193.3
2019,5,21,7953.3125,-50.23
2019,5,22,7623.3825,-329.93
2019,5,23,7880.255,256.87
2019,5,24,8001.27,121.01
2019,5,25,8067.455,66.18
2019,5,26,8737.8225,670.36
2019,5,27,8775.72,37.89
2019,5,28,8719.955,-55.77
2019,5,29,8662.0575,-57.9
2019,5,30,8275.2025,-386.86
2019,5,31,8542.59,267.38
2019,6,1,8557.805,15.21
2019,6,2,8739.8225,182.01
2019,6,3,8110.6475,-629.18
2019,6,4,7672.325,-438.33
2019,6,5,7788.485,116.16
2019,6,6,7804.0925,15.6
2019,6,7,8000.715,196.62
2019,6,8,7931.865,-68.85
2019,6,9,7638.2825,-293.59
2019,6,10,8020.26,381.97
2019,6,11,7919.825,-100.44
2019,6,12,8174.9325,255.1
2019,6,13,8242.6825,67.75
2019,6,14,8697.1775,454.49
2019,6,15,8856.88,159.7
2019,6,16,8978.795,121.91
2019,6,17,9333.1625,354.36
2019,6,18,9080.5325,-252.63
2019,6,19,9278.89,198.35
2019,6,20,9533.845,254.95
2019,6,21,10227.86,694.01
2019,6,22,10667.11,439.25
2019,6,23,10830.4725,163.36
2019,6,24,11029.3875,198.91
2019,6,25,11757.885,728.49
2019,6,26,12929.5325,1171.64
2019,6,27,11151.1925,-1778.34
2019,6,28,12365.78,1214.58
2019,6,29,11868.7375,-497.05
2019,6,30,10754.915,-1113.83
2019,7,1,10545.515,-209.4
2019,7,2,10832.3,286.78
2019,7,3,11977.7425,1145.44
2019,7,4,11143.8725,-833.87
2019,7,5,11001.4125,-142.46
2019,7,6,11238.3725,236.96
2019,7,7,11475.0375,236.66
2019,7,8,12296.2,821.16
2019,7,9,12569.815,273.61
2019,7,10,12097.6125,-472.21
2019,7,11,11340.29,-757.33
2019,7,12,11796.3525,456.06
2019,7,13,11376.2825,-420.07
2019,7,14,10299.7,-1076.59
2019,7,15,10848.7175,549.01
2019,7,16,9421.22,-1427.5
2019,7,17,9700.785,279.56
2019,7,18,10645.53,944.74
2019,7,19,10536.0375,-109.5
2019,7,20,10759.8025,223.76
2019,7,21,10594.06,-165.75
2019,7,22,10325.69,-268.37
2019,7,23,9842.615,-483.08
2019,7,24,9769.06,-73.56
2019,7,25,9888.9575,119.89
2019,7,26,9848.24,-40.72
2019,7,27,9477.8625,-370.38
2019,7,28,9530.3275,52.46
2019,7,29,9498.6325,-31.7
2019,7,30,9593.95,95.31
2019,7,31,10085.57,491.62
2019,8,1,10408.135,322.56
2019,8,2,10530.7075,122.57
2019,8,3,10817.38,286.67
2019,8,4,10977.9675,160.58
2019,8,5,11808.5925,830.62
2019,8,6,11464.6575,-343.94
2019,8,7,11970.4575,505.8
2019,8,8,11947.725,-22.74
2019,8,9,11857.525,-90.2
2019,8,10,11280.7725,-576.76
2019,8,11,11530.865,250.09
2019,8,12,11385.025,-145.84
2019,8,13,10857.9225,-527.11
2019,8,14,10020.9325,-836.99
2019,8,15,10300.9525,280.02
2019,8,16,10357.36,56.4
2019,8,17,10209.83,-147.53
2019,8,18,10319.71,109.88
2019,8,19,10922.2725,602.56
2019,8,20,10762.0675,-160.21
2019,8,21,10130.5475,-631.52
2019,8,22,10122.97,-7.58
2019,8,23,10406.7225,283.75
2019,8,24,10147.4975,-259.23
2019,8,25,10136.39,-11.11
2019,8,26,10363.6125,227.22
2019,8,27,10173.06,-190.56
2019,8,28,9717.26,-455.8
2019,8,29,9489.395,-227.87
2019,8,30,9580.5325,91.13
2019,8,31,9600.935,20.4
2019,9,1,9768.0175,167.08
2019,9,2,10386.88,618.86
2019,9,3,10621.4725,234.59
2019,9,4,10584.2825,-37.2
2019,9,5,10580.8225,-3.46
2019,9,6,10320.7025,-260.12
2019,9,7,10483.8825,163.18
2019,9,8,10403.6725,-80.21
2019,9,9,10311.485,-92.19
2019,9,10,10095.8775,-215.61
2019,9,11,10159.12,63.24
2019,9,12,10424.1725,265.05
2019,9,13,10363.9875,-60.19
2019,9,14,10359.7775,-4.21
2019,9,15,10309.045,-50.74
2019,9,16,10266.095,-42.96
2019,9,17,10190.78,-75.32
2019,9,18,10156.9375,-33.85
2019,9,19,10265.2275,108.29
2019,9,20,10170.0075,-95.23
2019,9,21,9979.65,-190.36
2019,9,22,10026.9475,47.29
2019,9,23,9689.0275,-337.92
2019,9,24,8536.7225,-1152.31
2019,9,25,8435.3525,-101.37
2019,9,26,8060.1075,-375.25
2019,9,27,8193.6775,133.57
2019,9,28,8219.08,25.4
2019,9,29,8052.3225,-166.76
2019,9,30,8303.7925,251.47
2019,10,1,8323.5375,19.74
2019,10,2,8380.4875,56.94
2019,10,3,8231.22,-149.27
2019,10,4,8154.56,-76.66
2019,10,5,8148.0425,-6.52
2019,10,6,7859.23,-288.82
2019,10,7,8209.15,349.92
2019,10,8,8184.0775,-25.08
2019,10,9,8589.7875,405.71
2019,10,10,8586.93,-2.86
2019,10,11,8269.06,-317.87
2019,10,12,8307.945,38.88
2019,10,13,8280.48,-27.47
2019,10,14,8357.115,76.63
2019,10,15,8161.255,-195.86
2019,10,16,7997.9125,-163.35
2019,10,17,8075.2625,77.35
2019,10,18,7956.58,-118.69
2019,10,19,7961.1675,4.58
2019,10,20,8234.765,273.59
2019,10,21,8213.5325,-21.24
2019,10,22,8023.59,-189.95
2019,10,23,7472.3575,-551.24
2019,10,24,7438.235,-34.13
2019,10,25,8666.525,1228.29
2019,10,26,9260.7525,594.22
2019,10,27,9549.05,288.29
2019,10,28,9220.2875,-328.77
2019,10,29,9431.4625,211.17
2019,10,30,9165.3975,-266.07
2019,10,31,9152.5625,-12.84
2019,11,1,9252.3375,99.77
2019,11,2,9306.1125,53.77
2019,11,3,9205.705,-100.41
2019,11,4,9413.55,207.84
2019,11,5,9319.0325,-94.52
2019,11,6,9343.63,24.59
2019,11,7,9201.3425,-142.29
2019,11,8,8766.13,-435.22
2019,11,9,8810.3575,44.22
2019,11,10,9033.985,223.62
2019,11,11,8720.11,-313.88
2019,11,12,8812.7525,92.64
2019,11,13,8759.3575,-53.4
2019,11,14,8631.415,-127.95
2019,11,15,8458.5375,-172.88
2019,11,16,8482.635,24.09
2019,11,17,8500.63,17.99
2019,11,18,8170.925,-329.71
2019,11,19,8121.9725,-48.96
2019,11,20,8083.375,-38.6
2019,11,21,7615.5175,-467.86
2019,11,22,7285.1575,-330.36
2019,11,23,7325.3475,40.19
2019,11,24,6908.4475,-416.9
2019,11,25,7124.6625,216.21
2019,11,26,7161.5975,36.93
2019,11,27,7524.3925,362.79
2019,11,28,7431.89,-92.51
2019,11,29,7757.21,325.32
2019,11,30,7554.92,-202.29
2019,12,1,7403.8775,-151.05
2019,12,2,7305.5,-98.38
2019,12,3,7299.71,-5.79
2019,12,4,7195,-104.71
2019,12,5,7392.7875,197.78
2019,12,6,7542.82,150.03
2019,12,7,7503.51,-39.31
2019,12,8,7523.3275,19.81
2019,12,9,7338.185,-185.15
2019,12,10,7219.035,-119.15
2019,12,11,7202.7875,-16.25
2019,12,12,7189.4625,-13.33
2019,12,13,7252.3525,62.89
2019,12,14,7065.535,-186.82
2019,12,15,7114.98,49.44
2019,12,16,6879.2925,-235.69
2019,12,17,6613.77,-265.53
2019,12,18,7288.2375,674.46
2019,12,19,7150.8725,-137.37
2019,12,20,7190.62,39.74
2019,12,21,7143.5625,-47.06
2019,12,22,7511.47,367.9
2019,12,23,7316.8825,-194.59
2019,12,24,7255.145,-61.74
2019,12,25,7193.1525,-62
2019,12,26,7193.44,0.28
2019,12,27,7244.9725,51.53
2019,12,28,7299.9275,54.95
2019,12,29,7387.9625,88.03
2019,12,30,7216.0525,-171.91
2019,12,31,7167.07,-48.99
2020,1,1,7175.6525,8.58
2020,1,2,6945.695,-229.96
2020,1,3,7335.29,389.59
2020,1,4,7349.0325,13.74
2020,1,5,7352.6925,3.65
2020,1,6,7761.8475,409.15
2020,1,7,8159.0075,397.16
2020,1,8,8043.8175,-115.19
2020,1,9,7814.6425,-229.18
2020,1,10,8195.22,380.57
2020,1,11,8021.475,-173.75
2020,1,12,8178.0025,156.52
2020,1,13,8105.8775,-72.13
2020,1,14,8817.81,711.93
2020,1,15,8810.445,-7.37
2020,1,16,8714.43,-96.02
2020,1,17,8898.5,184.07
2020,1,18,8908.3325,9.83
2020,1,19,8700.1475,-208.19
2020,1,20,8627.775,-72.38
2020,1,21,8719.995,92.22
2020,1,22,8659.8475,-60.15
2020,1,23,8386.2825,-273.57
2020,1,24,8425.3425,39.06
2020,1,25,8327.83,-97.52
2020,1,26,8590.48,262.65
2020,1,27,8896.025,305.54
2020,1,28,9398.35,502.32
2020,1,29,9284.64,-113.71
2020,1,30,9500.19,215.55
2020,1,31,9333.17,-167.02
2020,2,1,9378.7625,45.59
2020,2,2,9324.0225,-54.75
2020,2,3,9282.0225,-42
2020,2,4,9162.5025,-119.52
2020,2,5,9615.87,453.36
2020,2,6,9758.425,142.55
2020,2,7,9807.01,48.58
2020,2,8,9906.1175,99.1
2020,2,9,10167.7075,261.59
2020,2,10,9852.9925,-314.72
2020,2,11,10270.4125,417.42
2020,2,12,10351.8125,81.4
2020,2,13,10238.0375,-113.78
2020,2,14,10369.7275,131.69
2020,2,15,9904.735,-465
2020,2,16,9922.8975,18.16
2020,2,17,9701.0875,-221.81
2020,2,18,10185.295,484.2
2020,2,19,9598.8125,-586.49
2020,2,20,9610.905,12.09
2020,2,21,9698.3575,87.45
2020,2,22,9670.8825,-27.48
2020,2,23,9968.39,297.5
2020,2,24,9660.7575,-307.64
2020,2,25,9307.825,-352.94
2020,2,26,8780.31,-527.52
2020,2,27,8812.2875,31.97
2020,2,28,8708.2775,-104.01
2020,2,29,8526.76,-181.52
2020,3,1,8527.415,0.65
2020,3,2,8917.49,390.07
2020,3,3,8754.4925,-163
2020,3,4,8757.4225,2.93
2020,3,5,9067.5425,310.12
2020,3,6,9156.305,88.76
2020,3,7,8899.3625,-256.95
2020,3,8,8036.475,-862.89
2020,3,9,7932.88,-103.6
2020,3,10,7887.13,-45.75
2020,3,11,7937.8525,50.72
2020,3,12,4844.805,-3093.05
2020,3,13,5635.8925,791.08
2020,3,14,5166.4675,-469.43
2020,3,15,5343.135,176.66
2020,3,16,5037.2225,-305.92
2020,3,17,5332.8675,295.64
2020,3,18,5414.0525,81.18
2020,3,19,6185.74,771.68
2020,3,20,6207.055,21.31
2020,3,21,6197.8275,-9.23
2020,3,22,5824.085,-373.75
2020,3,23,6497.31,673.22
2020,3,24,6769.9625,272.65
2020,3,25,6691.9525,-78.01
2020,3,26,6753.585,61.63
2020,3,27,6375.7975,-377.79
2020,3,28,6253.6775,-122.12
2020,3,29,5876.4525,-377.23
2020,3,30,6406.07,529.61
2020,3,31,6424.0325,17.96
2020,4,1,6661.81,237.77
2020,4,2,6802.8275,141.01
2020,4,3,6741.01,-61.82
2020,4,4,6874.445,133.43
2020,4,5,6777.015,-97.43
2020,4,6,7343.6125,566.59
2020,4,7,7202.6875,-140.93
2020,4,8,7368.7675,166.08
2020,4,9,7299.13,-69.64
2020,4,10,6873.5425,-425.59
2020,4,11,6888.695,15.15
2020,4,12,6906.54,17.84
2020,4,13,6862.78,-43.76
2020,4,14,6876.885,14.1
2020,4,15,6622.355,-254.53
2020,4,16,7114.9175,492.56
2020,4,17,7033.0025,-81.92
2020,4,18,7262.19,229.18
2020,4,19,7130.2775,-131.92
2020,4,20,6840.2975,-289.98
2020,4,21,6854.9675,14.67
2020,4,22,7137.135,282.16
2020,4,23,7507.5425,370.4
2020,4,24,7510.8825,3.34
2020,4,25,7548.32,37.43
2020,4,26,7703.1325,154.81
2020,4,27,7790.8125,87.68
2020,4,28,7761.97,-28.85
2020,4,29,8788.7275,1026.75
2020,4,30,8627.93,-160.8
2020,5,1,8827.04,199.11
2020,5,2,8982.3675,155.32
2020,5,3,8908.385,-73.99
2020,5,4,8884.475,-23.91
2020,5,5,9028.66,144.18
2020,5,6,9157.695,129.03
2020,5,7,10002.4525,844.75
2020,5,8,9806.6125,-195.84
2020,5,9,9541.09,-265.53
2020,5,10,8726.06,-815.03
2020,5,11,8571.67,-154.39
2020,5,12,8823.31,251.64
2020,5,13,9316.36,493.05
2020,5,14,9790.2375,473.87
2020,5,15,9311.1425,-479.1
2020,5,16,9387.115,75.97
2020,5,17,9670.7075,283.59
2020,5,18,9726.3225,55.61
2020,5,19,9782.035,55.71
2020,5,20,9512.655,-269.38
2020,5,21,9059.705,-452.95
2020,5,22,9168.7,108.99
2020,5,23,9179.705,11
2020,5,24,8716.09,-463.62
2020,5,25,8898.915,182.82
2020,5,26,8842.3325,-56.59
2020,5,27,9210.6075,368.27
2020,5,28,9556.0825,345.47
2020,5,29,9424.535,-131.55
2020,5,30,9701.15,276.61
2020,5,31,9448.95,-252.2
2020,6,1,10206.925,757.97
2020,6,2,9523.3525,-683.58
2020,6,3,9666.645,143.29
2020,6,4,9791.94,125.29
2020,6,5,9618.695,-173.25
2020,6,6,9671.7825,53.08
2020,6,7,9752.5925,80.81
2020,6,8,9782.51,29.91
2020,6,9,9780.1875,-2.33
2020,6,10,9893.4425,113.25
2020,6,11,9266.2725,-627.17
2020,6,12,9464.24,197.96
2020,6,13,9474.3475,10.1
2020,6,14,9329.6975,-144.65
2020,6,15,9430.55,100.85
2020,6,16,9527.8625,97.31
2020,6,17,9456.335,-71.53
2020,6,18,9376.185,-80.15
2020,6,19,9301.5275,-74.66
2020,6,20,9357.655,56.12
2020,6,21,9285.9675,-71.69
2020,6,22,9688.89,402.92
2020,6,23,9622.5125,-66.38
2020,6,24,9289.48,-333.04
2020,6,25,9238.85,-50.63
2020,6,26,9154.7425,-84.11
2020,6,27,9004.28,-150.47
2020,6,28,9116.235,111.95
2020,6,29,9186.5725,70.33
2020,6,30,9134.015,-52.56
2020,7,1,9236.385,102.37
2020,7,2,9093.3025,-143.09
2020,7,3,9064.355,-28.95
2020,7,4,9140.565,76.21
2020,7,5,9078.89,-61.68
2020,7,6,9347.485,268.59
2020,7,7,9256.945,-90.54
2020,7,8,9439.2625,182.31
2020,7,9,9237.495,-201.77
2020,7,10,9288.2275,50.73
2020,7,11,9237.305,-50.93
2020,7,12,9302.385,65.08
2020,7,13,9236.425,-65.97
2020,7,14,9254.7525,18.32
2020,7,15,9192.06,-62.7
2020,7,16,9131.8425,-60.22
2020,7,17,9154.5775,22.73
2020,7,18,9176.77,22.19
2020,7,19,9213.99,37.21
2020,7,20,9163.4975,-50.5
2020,7,21,9393.93,230.43
2020,7,22,9535.435,141.5
2020,7,23,9615.2925,79.85
2020,7,24,9551.6625,-63.63
2020,7,25,9712.85,161.18
2020,7,26,9942.845,229.99
2020,7,27,11046.5075,1103.66
2020,7,28,10936.3525,-110.16
2020,7,29,11111.095,174.74
2020,7,30,11128.7175,17.62
2020,7,31,11354.0825,225.36
2020,8,1,11812.8525,458.77
2020,8,2,11066.14,-746.72
2020,8,3,11236.735,170.59
2020,8,4,11196.035,-40.71
2020,8,5,11755.6625,559.62
2020,8,6,11773.815,18.15
2020,8,7,11606.64,-167.18
2020,8,8,11775.3475,168.7
2020,8,9,11687.8175,-87.53
2020,8,10,11900.03,212.21
2020,8,11,11390.4325,-509.6
2020,8,12,11570.8525,180.42
2020,8,13,11795.9525,225.1
2020,8,14,11777.6425,-18.31
2020,8,15,11859.085,81.44
2020,8,16,11918.0375,58.95
2020,8,17,12305.01,386.97
2020,8,18,11956.1375,-348.88
2020,8,19,11759.73,-196.41
2020,8,20,11857.665,97.93
2020,8,21,11529.71,-327.96
2020,8,22,11673.4475,143.73
2020,8,23,11650.9875,-22.47
2020,8,24,11760.61,109.62
2020,8,25,11327.7775,-432.84
2020,8,26,11470.0925,142.31
2020,8,27,11320.96,-149.14
2020,8,28,11538.1775,217.21
2020,8,29,11476.0725,-62.11
2020,8,30,11713.08,237
2020,8,31,11657.2675,-55.82
2020,9,1,11925.9375,268.67
2020,9,2,11397.7725,-528.17
2020,9,3,10171.66,-1226.12
2020,9,4,10470.58,298.92
2020,9,5,10166.6325,-303.95
2020,9,6,10258.09,91.45
2020,9,7,10378.3725,120.28
2020,9,8,10126.5975,-251.78
2020,9,9,10230.265,103.66
2020,9,10,10346.9775,116.71
2020,9,11,10397.115,50.13
2020,9,12,10446.5425,49.42
2020,9,13,10335.125,-111.42
2020,9,14,10678.515,343.39
2020,9,15,10785.185,106.67
2020,9,16,10955.3775,170.19
2020,9,17,10944.9075,-10.48
2020,9,18,10935.2675,-9.64
2020,9,19,11081.2575,145.99
2020,9,20,10921.11,-160.15
2020,9,21,10415.95,-505.16
2020,9,22,10535.13,119.17
2020,9,23,10234.5225,-300.61
2020,9,24,10749.985,515.46
2020,9,25,10691.8375,-58.15
2020,9,26,10731.0575,39.22
2020,9,27,10777.975,46.91
2020,9,28,10694.3675,-83.61
2020,9,29,10841.27,146.9
2020,9,30,10779.1975,-62.08
2020,10,1,10621.26,-157.94
2020,10,2,10575.665,-45.6
2020,10,3,10553.77,-21.9
2020,10,4,10673.18,119.41
2020,10,5,10796.145,122.96
2020,10,6,10605.925,-190.22
2020,10,7,10670.07,64.14
2020,10,8,10930.3575,260.28
2020,10,9,11056.8425,126.48
2020,10,10,11302.1025,245.26
2020,10,11,11375.2725,73.16
2020,10,12,11535.7025,160.43
2020,10,13,11428.785,-106.92
2020,10,14,11429.41,0.62
2020,10,15,11506.8975,77.48
2020,10,16,11325.495,-181.41
2020,10,17,11367.0225,41.52
2020,10,18,11513.1325,146.11
2020,10,19,11760.85,247.71
2020,10,20,11923.335,162.48
2020,10,21,12811.105,887.77
2020,10,22,12985.925,174.82
2020,10,23,12940.1275,-45.8
2020,10,24,13127.4175,187.29
2020,10,25,13042.115,-85.31
2020,10,26,13071.8175,29.7
2020,10,27,13663.92,592.1
2020,10,28,13286.15,-377.77
2020,10,29,13466.4225,180.27
2020,10,30,13570.475,104.05
2020,10,31,13809.855,239.38
2020,11,1,13768.1925,-41.67
2020,11,2,13569.8975,-198.3
2020,11,3,14037.9525,468.05
2020,11,4,14162.7275,124.77
2020,11,5,15610.2425,1447.51
2020,11,6,15601.6325,-8.62
2020,11,7,14838.965,-762.67
2020,11,8,15484.175,645.21
2020,11,9,15336.3475,-147.83
2020,11,10,15315.845,-20.51
2020,11,11,15708.3125,392.46
2020,11,12,16308.4025,600.09
2020,11,13,16342.135,33.73
2020,11,14,16084.31,-257.83
2020,11,15,15969.7475,-114.57
2020,11,16,16724.2975,754.55
2020,11,17,17683.04,958.74
2020,11,18,17792.575,109.53
2020,11,19,17825.9375,33.36
2020,11,20,18682.275,856.33
2020,11,21,18719.7725,37.49
2020,11,22,18442.9925,-276.78
2020,11,23,18390.1275,-52.87
2020,11,24,19169.8975,779.77
2020,11,25,18727.64,-442.26
2020,11,26,17167.14,-1560.5
2020,11,27,17152.92,-14.23
2020,11,28,17740.0325,587.11
2020,11,29,18197.3175,457.28
2020,11,30,19709.54,1512.22
2020,12,1,18779.14,-930.4
2020,12,2,19228.5225,449.38
2020,12,3,19449.8775,221.35
2020,12,4,18667.305,-782.58
2020,12,5,19159.9025,492.59
2020,12,6,19382.2675,222.36
2020,12,7,19178.0925,-204.18
2020,12,8,18317.92,-860.18
2020,12,9,18551.52,233.6
2020,12,10,18247.86,-303.66
2020,12,11,18035.185,-212.68
2020,12,12,18814.7425,779.55
2020,12,13,19164.8025,350.06
2020,12,14,19276.6175,111.81
2020,12,15,19442.235,165.61
2020,12,16,21370.875,1928.64
2020,12,17,22824.125,1453.25
2020,12,18,23139.1,314.97
2020,12,19,23856.9625,717.86
2020,12,20,23478.995,-377.97
2020,12,21,22729.9375,-749.06
2020,12,22,23834.1425,1104.2
2020,12,23,23234.965,-599.18
2020,12,24,23725.2675,490.3
2020,12,25,24705.6075,980.34
2020,12,26,26458.9725,1753.36
2020,12,27,26259.1225,-199.85
2020,12,28,27037.975,778.85
2020,12,29,27370.3625,332.38
2020,12,30,28889.2925,1518.93
2020,12,31,28980.4525,91.16
2021,1,1,29404.035,423.58
2021,1,2,32223.72,2819.68
2021,1,3,33096.3175,872.59
2021,1,4,32028.2225,-1068.1
2021,1,5,34052.6475,2024.42
2021,1,6,36873.235,2820.58
2021,1,7,39501.2625,2628.02
2021,1,8,40658.6275,1157.36
2021,1,9,40252.745,-405.89
2021,1,10,38173.345,-2079.4
2021,1,11,35458.7275,-2714.62
2021,1,12,34034.27,-1424.46
2021,1,13,37399.4125,3365.14
2021,1,14,39139.71,1740.29
2021,1,15,36760.6625,-2379.05
2021,1,16,36010.045,-750.62
2021,1,17,35822.635,-187.41
2021,1,18,36625.1225,802.48
2021,1,19,35915.7275,-709.4
2021,1,20,35502.5025,-413.23
2021,1,21,30839.85,-4662.66
2021,1,22,33001.7675,2161.91
2021,1,23,32111.9675,-889.8
2021,1,24,32291.01,179.04
2021,1,25,32271.49,-19.52
2021,1,26,32513.14,241.65
2021,1,27,30427.465,-2085.68
2021,1,28,33460.75,3033.28
2021,1,29,34257.6675,796.91
2021,1,30,34321.5575,63.89
2021,1,31,33138.715,-1182.85
2021,2,1,33538.6675,399.95
2021,2,2,35514.35,1975.68
2021,2,3,37688.8725,2174.52
2021,2,4,36987.58,-701.3
2021,2,5,38309.9425,1322.36
2021,2,6,39273.03,963.08
2021,2,7,38868.57,-404.46
2021,2,8,46431.245,7562.67
2021,2,9,46507.4325,76.18
2021,2,10,44851.2175,-1656.22
2021,2,11,47987.3325,3136.11
2021,2,12,47438.89,-548.45
2021,2,13,47230.7775,-208.12
2021,2,14,48660.45,1429.67
2021,2,15,47935.8025,-724.65
2021,2,16,49184.5275,1248.72
2021,2,17,52161.055,2976.52
2021,2,18,51591.845,-569.21
2021,2,19,55970.9075,4379.06
2021,2,20,55951.415,-19.5
2021,2,21,57492.04,1540.62
2021,2,22,54157.43,-3334.61
2021,2,23,48910.7625,-5246.67
2021,2,24,49748.1475,837.38
2021,2,25,47074.9725,-2673.18
2021,2,26,46329.3875,-745.59
2021,2,27,46167.6375,-161.75
2021,2,28,45238.64,-929
2021,3,1,49638.7375,4400.09
2021,3,2,48502.02,-1136.72
2021,3,3,50383.17,1881.15
2021,3,4,48356.735,-2026.44
2021,3,5,48754.165,397.43
2021,3,6,48902.95,148.78
2021,3,7,50977.285,2074.33
2021,3,8,52408.405,1431.12
2021,3,9,54923.065,2514.66
2021,3,10,55858.515,935.45
2021,3,11,57804.9625,1946.44
2021,3,12,57241.355,-563.61
2021,3,13,61173.205,3931.85
2021,3,14,58997.37,-2175.84
2021,3,15,55628.8325,-3368.54
2021,3,16,56917.675,1288.84
2021,3,17,58917.345,1999.67
2021,3,18,57640.2625,-1277.09
2021,3,19,58090,449.73
2021,3,20,58117.48,27.48
2021,3,21,57378.6275,-738.86
2021,3,22,54095.6,-3283.03
2021,3,23,54364.5825,268.98
2021,3,24,52289.62,-2074.97
2021,3,25,51324.1225,-965.5
2021,3,26,55069.4325,3745.31
2021,3,27,55853.0675,783.63
2021,3,28,55786.5525,-66.52
2021,3,29,57610.7275,1824.17
2021,3,30,58774.2275,1163.5
2021,3,31,58793.155,18.92
2021,4,1,58728.87,-64.29
2021,4,2,59004.0675,275.19
2021,4,3,57091.5725,-1912.5
2021,4,4,58210.9525,1119.38
2021,4,5,59121.7175,910.76
2021,4,6,58022.615,-1099.11
2021,4,7,55940.0875,-2082.53
2021,4,8,58075.6975,2135.61
2021,4,9,58108.4575,32.75
2021,4,10,59776.6,1668.14
2021,4,11,59975.28,198.68
2021,4,12,59839.575,-135.71
2021,4,13,63589.9225,3750.34
2021,4,14,62974.7825,-615.14
2021,4,15,63237.2225,262.44
2021,4,16,61438.79,-1798.44
2021,4,17,60061.09,-1377.7
2021,4,18,56271.87,-3789.22
2021,4,19,55700.7925,-571.08
2021,4,20,56501.88,801.08
2021,4,21,53806.5825,-2695.3
2021,4,22,51704.1075,-2102.48
2021,4,23,51187.5525,-516.56
2021,4,24,50107.2925,-1080.26
2021,4,25,49123.22,-984.08
2021,4,26,54059.8475,4936.62
2021,4,27,55080.8275,1020.98
2021,4,28,54895.465,-185.37
2021,4,29,53590.8525,-1304.62
2021,4,30,57789.0575,4198.2
2021,5,1,57859.9475,70.89
2021,5,2,56625.7675,-1234.18
2021,5,3,57209.99,584.22
2021,5,4,53239.4225,-3970.57
2021,5,5,57511.91,4272.48
2021,5,6,56439.795,-1072.12
2021,5,7,57384.81,945.01
2021,5,8,58969.925,1585.11
2021,5,9,58303.4025,-666.53
2021,5,10,55879.4175,-2423.99
2021,5,11,56759.9075,880.49
2021,5,12,49459.7575,-7300.15
2021,5,13,49685.1225,225.36
2021,5,14,49890.035,204.91
2021,5,15,46756.4075,-3133.63
2021,5,16,46456.4725,-299.94
2021,5,17,43577.1775,-2879.3
2021,5,18,42879.025,-698.16
2021,5,19,36752.975,-6126.05
2021,5,20,40612.6375,3859.66
2021,5,21,37335.305,-3277.34
2021,5,22,37485.48,150.17
2021,5,23,34730.7875,-2754.7
2021,5,24,38853.5125,4122.72
2021,5,25,38384.4825,-469.03
2021,5,26,39294.965,910.48
2021,5,27,38536.2775,-758.69
2021,5,28,35685.1975,-2851.08
2021,5,29,34619.3575,-1065.84
2021,5,30,35676.71,1057.35
2021,5,31,37308.4825,1631.77
2021,6,1,36685.2475,-623.24
2021,6,2,37580.4475,895.2
2021,6,3,39229.3325,1648.88
2021,6,4,36864.8875,-2364.45
2021,6,5,35536.965,-1327.93
2021,6,6,35803.195,266.23
2021,6,7,33584.455,-2218.74
2021,6,8,33412.1675,-172.29
2021,6,9,37401.73,3989.56
2021,6,10,36685.765,-715.97
2021,6,11,37336.5825,650.81
2021,6,12,35546.655,-1789.93
2021,6,13,39026.525,3479.87
2021,6,14,40534.765,1508.24
2021,6,15,40174.73,-360.04
2021,6,16,38349.0475,-1825.69
2021,6,17,38091.5475,-257.5
2021,6,18,35828.5925,-2262.96
2021,6,19,35496.7275,-331.87
2021,6,20,35592.295,95.56
2021,6,21,31628.705,-3963.59
2021,6,22,32531.0825,902.37
2021,6,23,33676.2075,1145.12
2021,6,24,34666.66,990.45
2021,6,25,31594.5075,-3072.16
2021,6,26,32275.4475,680.94
2021,6,27,34690.9775,2415.53
2021,6,28,34488.3475,-202.63
2021,6,29,35907.5775,1419.23
2021,6,30,35041.1075,-866.47
2021,7,1,33534.25,-1506.86
2021,7,2,33809.2275,274.97
2021,7,3,34684.7125,875.48
2021,7,4,35293.315,608.6
2021,7,5,33697.2525,-1596.07
2021,7,6,34232.385,535.13
2021,7,7,33882.7525,-349.64
2021,7,8,32883.2225,-999.53
2021,7,9,33818.1725,934.95
2021,7,10,33519.4025,-298.78
2021,7,11,34251.9575,732.55
2021,7,12,33103.185,-1148.78
2021,7,13,32727.8275,-375.36
2021,7,14,32819.0775,91.25
2021,7,15,31856.78,-962.3
2021,7,16,31394.39,-462.39
2021,7,17,31527.1125,132.72
2021,7,18,31784.15,257.03
2021,7,19,30830.1625,-953.99
2021,7,20,29793,-1037.17
2021,7,21,32135.375,2342.37
2021,7,22,32291.6375,156.26
2021,7,23,33654.6525,1363.01
2021,7,24,34289.215,634.56
2021,7,25,35428.2675,1139.05
2021,7,26,37268.7025,1840.43
2021,7,27,39484.85,2216.14
2021,7,28,40026.4275,541.57
2021,7,29,40029.9225,3.49
2021,7,30,42228.505,2198.58
2021,7,31,41493.865,-734.64
2021,8,1,39867.6725,-1626.2
2021,8,2,39156.295,-711.38
2021,8,3,38180.29,-976.01
2021,8,4,39728.1325,1547.84
2021,8,5,40889.9125,1161.78
2021,8,6,42839.7175,1949.8
2021,8,7,44624.2,1784.48
2021,8,8,43842.615,-781.59
2021,8,9,46291.175,2448.56
2021,8,10,45599.3,-691.88
2021,8,11,45553.7625,-45.54
2021,8,12,44424.67,-1129.1
2021,8,13,47838.4075,3413.73
2021,8,14,47115.0775,-723.33
2021,8,15,47022.2825,-92.8
2021,8,16,45917.8125,-1104.47
2021,8,17,44680.955,-1236.86
2021,8,18,44702.93,21.97
2021,8,19,46764.05,2061.12
2021,8,20,49343.1725,2579.12
2021,8,21,48872.535,-470.64
2021,8,22,49288.8975,416.36
2021,8,23,49530.47,241.57
2021,8,24,47713.01,-1817.46
2021,8,25,49000.2575,1287.24
2021,8,26,46858.64,-2141.62
2021,8,27,49084.0325,2225.39
2021,8,28,48925.0275,-159.01
2021,8,29,48800.0725,-124.96
2021,8,30,46995.615,-1804.46
2021,8,31,47140.64,145.02
2021,9,1,48852.29,1711.65
2021,9,2,49289.2625,436.97
2021,9,3,50022.6475,733.38
2021,9,4,49946.33,-76.32
2021,9,5,51791.6375,1845.3
2021,9,6,52698.0575,906.42
2021,9,7,46878.23,-5819.83
2021,9,8,46077.8625,-800.37
2021,9,9,46392.3625,314.5
2021,9,10,44853.1875,-1539.18
2021,9,11,45164.76,311.57
2021,9,12,46038.8925,874.13
2021,9,13,44961.89,-1077.01
2021,9,14,47112.045,2150.15
2021,9,15,48150.2275,1038.18
2021,9,16,47765.91,-384.32
2021,9,17,47291.0575,-474.86
2021,9,18,48315.1775,1024.12
2021,9,19,47249.3475,-1065.83
2021,9,20,43011.9325,-4237.42
2021,9,21,40685.64,-2326.3
2021,9,22,43575.315,2889.67
2021,9,23,44897.02,1321.7
2021,9,24,42844.64,-2052.38
2021,9,25,42712.155,-132.49
2021,9,26,43194.81,482.65
2021,9,27,42177.77,-1017.04
2021,9,28,41038.115,-1139.66
2021,9,29,41533.695,495.58
2021,9,30,43821.91,2288.21
2021,10,1,48166.92,4345.01
2021,10,2,47670.6225,-496.3
2021,10,3,48235.595,564.97
2021,10,4,49241.84,1006.24
2021,10,5,51501.91,2260.07
2021,10,6,55340.09,3838.18
2021,10,7,53798.51,-1541.58
2021,10,8,53957.7325,159.22
2021,10,9,54966.9725,1009.24
2021,10,10,54696.93,-270.05
2021,10,11,57493.035,2796.1
2021,10,12,56007.4425,-1485.6
2021,10,13,57376.32,1368.87
2021,10,14,57356.9225,-19.4
2021,10,15,61668.5875,4311.66
2021,10,16,60871.4575,-797.13
2021,10,17,61532.1675,660.71
2021,10,18,62048.745,516.57
2021,10,19,64278.115,2229.37
2021,10,20,66023.1025,1744.98
2021,10,21,62210.005,-3813.1
2021,10,22,60693.4425,-1516.57
2021,10,23,61316.555,623.11
2021,10,24,60875.2975,-441.26
2021,10,25,63087.895,2212.59
2021,10,26,60319.11,-2768.79
2021,10,27,58473.77,-1845.34
2021,10,28,60600.135,2126.36
2021,10,29,62279.4025,1679.26
2021,10,30,61899.5925,-379.81
2021,10,31,61357.63,-541.97
2021,11,1,60947.0975,-410.54
2021,11,2,63266.1025,2319
2021,11,3,62937.0925,-329.01
2021,11,4,61450.845,-1486.25
2021,11,5,61016.1575,-434.69
2021,11,6,61543.7625,527.6
2021,11,7,63312.7675,1769
2021,11,8,67556.4625,4243.69
2021,11,9,66947.1225,-609.34
2021,11,10,64936.2625,-2010.86
2021,11,11,64822.07,-114.2
2021,11,12,64153.33,-668.74
2021,11,13,64406.96,253.62
2021,11,14,65502.47,1095.51
2021,11,15,63617.4125,-1885.06
2021,11,16,60127.2875,-3490.13
2021,11,17,60362.0725,234.78
2021,11,18,57052.64,-3309.44
2021,11,19,58118.075,1065.43
2021,11,20,59730.88,1612.8
2021,11,21,58666.18,-1064.7
2021,11,22,56306.57,-2359.61
2021,11,23,57573.43,1266.86
2021,11,24,57180.33,-393.1
2021,11,25,58971.93,1791.6
2021,11,26,53786.51,-5185.42
2021,11,27,54775.66,989.15
2021,11,28,57322.77,2547.11
2021,11,29,57838.79,516.02
2021,11,30,56969.7,-869.09
2021,12,1,57241.55,271.85
2021,12,2,56531.25,-710.3
2021,12,3,53676.95,-2854.3
2021,12,4,49242.47,-4434.48
2021,12,5,49467,224.53
2021,12,6,50543.48,1076.48
2021,12,7,50636.64,93.15
2021,12,8,50523.27,-113.38
2021,12,9,47582.37,-2940.9
2021,12,10,47171.93,-410.44
2021,12,11,49394.45,2222.52
2021,12,12,50109.38,714.93
2021,12,13,46725.12,-3384.26
2021,12,14,48385.28,1660.16
2021,12,15,48884.45,499.17
2021,12,16,47643.53,-1240.92
2021,12,17,46176.46,-1467.07
2021,12,18,46868.13,691.67
2021,12,19,46696.22,-171.91
2021,12,20,46914.68,218.46
2021,12,21,48924.74,2010.06
2021,12,22,48618.04,-306.7
2021,12,23,50838.48,2220.44
2021,12,24,50837.01,-1.48
2021,12,25,50440.34,-396.68
2021,12,26,50799.86,359.52
2021,12,27,50702.05,-97.81
2021,12,28,47546.13,-3155.92
2021,12,29,46475.49,-1070.64
2021,12,30,47135.21,659.72
2021,12,31,46198.9,-936.31
2022,1,1,47748.78,1549.88
2022,1,2,47317.13,-431.65
2022,1,3,46449.55,-867.58
2022,1,4,45831.42,-618.13
2022,1,5,43429.74,-2401.68
2022,1,6,43102.27,-327.47
2022,1,7,41545.24,-1557.03
2022,1,8,41691.12,145.88
2022,1,9,41868.49,177.36
2022,1,10,41842.27,-26.23
2022,1,11,42742.74,900.47
2022,1,12,43928.88,1186.14
2022,1,13,42568.64,-1360.24
2022,1,14,43091.7,523.06
2022,1,15,43101,9.3
2022,1,16,43171.39,70.39
2022,1,17,42520.05,-651.34
2022,1,18,42622.29,102.23
2022,1,19,42100.67,-521.62
2022,1,20,41363.23,-737.44
2022,1,21,38194.95,-3168.28
2022,1,22,37146.04,-1048.91
2022,1,23,38053.15,907.11
2022,1,24,38369.21,316.06
2022,1,25,38575.68,206.47
2022,1,26,38464.14,-111.54
2022,1,27,37201.76,-1262.38
2022,1,28,37743.16,541.4
2022,1,29,38180.96,437.8
2022,1,30,37923.56,-257.4
2022,1,31,38498.99,575.43
2022,2,1,38723.35,224.36
2022,2,2,36914.92,-1808.43
2022,2,3,37322.6,407.68
2022,2,4,41595.79,4273.19
2022,2,5,41418.02,-177.78
2022,2,6,42417.63,999.61
2022,2,7,43869.2,1451.57
2022,2,8,44082.62,213.42
2022,2,9,44420.56,337.93
2022,2,10,43528.61,-891.95
2022,2,11,42397.41,-1131.2
2022,2,12,42242.26,-155.15
2022,2,13,42073.76,-168.5
2022,2,14,42550.24,476.48
2022,2,15,44573.39,2023.15
2022,2,16,43888.51,-684.88
2022,2,17,40546.12,-3342.39
2022,2,18,39993.25,-552.87
2022,2,19,40104.1,110.84
2022,2,20,38386.55,-1717.55
2022,2,21,37032.64,-1353.91
2022,2,22,38259.84,1227.2
2022,2,23,37261.73,-998.11
2022,2,24,38353.01,1091.28
2022,2,25,39232.14,879.13
2022,2,26,39133.73,-98.41
2022,2,27,37711.29,-1422.44
2022,2,28,43188.92,5477.63
2022,3,1,44438.27,1249.35
2022,3,2,43926.92,-511.35
2022,3,3,42466.71,-1460.21
2022,3,4,39161.89,-3304.82
2022,3,5,39406.8,244.91
2022,3,6,38423,-983.8
2022,3,7,38008.62,-414.38
2022,3,8,38752.44,743.82
2022,3,9,41964.16,3211.72
2022,3,10,39438.05,-2526.11
2022,3,11,38735.35,-702.7
2022,3,12,38809.19,73.84
2022,3,13,37790.82,-1018.37
2022,3,14,39673.63,1882.81
2022,3,15,39351.91,-321.72
2022,3,16,41134.5,1782.59
2022,3,17,40951.81,-182.7
2022,3,18,41782.51,830.7
2022,3,19,42228.16,445.65
2022,3,20,41277.41,-950.75
2022,3,21,41027.61,-249.81
2022,3,22,42382.59,1354.98
2022,3,23,42910.55,527.96
2022,3,24,44008.86,1098.31
2022,3,25,44325.51,316.65
2022,3,26,44542.83,217.32
2022,3,27,46856.67,2313.84
2022,3,28,47140.78,284.11
2022,3,29,47454.07,313.29
2022,3,30,47069.52,-384.55
2022,3,31,45526.92,-1542.6
2022,4,1,46308.14,781.22
2022,4,2,45821.46,-486.68
2022,4,3,46415.99,594.53
2022,4,4,46602.28,186.29
2022,4,5,45498.32,-1103.96
2022,4,6,43181.76,-2316.56
2022,4,7,43461.88,280.11
2022,4,8,42281.62,-1180.26
2022,4,9,42767.81,486.18
2022,4,10,42155.88,-611.93
2022,4,11,39532.17,-2623.71
2022,4,12,40087.3,555.13
2022,4,13,41144.7,1057.4
2022,4,14,39953.82,-1190.88
2022,4,15,40563.6,609.78
2022,4,16,40389.5,-174.1
2022,4,17,39687.65,-701.85
2022,4,18,40809.49,1121.84
2022,4,19,41503.85,694.36
2022,4,20,41375.16,-128.69
2022,4,21,40481.15,-894.01
2022,4,22,39719.22,-761.93
2022,4,23,39440.84,-278.39
2022,4,24,39465.69,24.85
2022,4,25,40440.55,974.86
2022,4,26,38123.48,-2317.07
2022,4,27,39252.85,1129.37
2022,4,28,39748.89,496.04
2022,4,29,38592.08,-1156.81
2022,4,30,37648.79,-943.29
2022,5,1,38479.3,830.51
2022,5,2,38511.75,32.44
2022,5,3,37725.77,-785.98
2022,5,4,39680.04,1954.27
2022,5,5,36541.63,-3138.41
2022,5,6,36010.24,-531.39
2022,5,7,35461.25,-548.99
2022,5,8,34027.56,-1433.69
2022,5,9,30076.35,-3951.21
2022,5,10,31001.31,924.96
2022,5,11,28991.23,-2010.08
2022,5,12,28928.01,-63.23
2022,5,13,29234,305.99
2022,5,14,29874.84,640.84
2022,5,15,31293.29,1418.45
2022,5,16,29832.75,-1460.54
2022,5,17,30414.61,581.86
2022,5,18,28672.03,-1742.58
2022,5,19,30283.19,1611.16
2022,5,20,29166.42,-1116.77
2022,5,21,29410.96,244.54
2022,5,22,30264.11,853.15
2022,5,23,29075.93,-1188.18
2022,5,24,29630.68,554.75
2022,5,25,29511.36,-119.32
2022,5,26,29175.27,-336.09
2022,5,27,28586.94,-588.33
2022,5,28,29013.09,426.15
2022,5,29,29449.54,436.45
2022,5,30,31719.73,2270.19
2022,5,31,31775.89,56.16
2022,6,1,29787.13,-1988.76
2022,6,2,30433.5,646.37
2022,6,3,29673.24,-760.26
2022,6,4,29845.93,172.69
2022,6,5,29899.4,53.47
2022,6,6,31351.91,1452.51
2022,6,7,31107.6,-244.31
2022,6,8,30185.45,-922.15
2022,6,9,30080.69,-104.77
2022,6,10,29061.48,-1019.21
2022,6,11,28387.02,-674.46
2022,6,12,26565.12,-1821.9
2022,6,13,22458.28,-4106.84
2022,6,14,22109.15,-349.13
2022,6,15,22560.52,451.37
2022,6,16,20350.22,-2210.3
2022,6,17,20441.06,90.84
2022,6,18,18951.09,-1489.97
2022,6,19,20552.98,1601.89
2022,6,20,20586.13,33.15
2022,6,21,20702.57,116.43
2022,6,22,19961.51,-741.06
2022,6,23,21096.53,1135.02
2022,6,24,21216.63,120.1
2022,6,25,21481.56,264.93
2022,6,26,21029.53,-452.03
2022,6,27,20711.61,-317.92
2022,6,28,20253.96,-457.65
2022,6,29,20091.47,-162.49
2022,6,30,19949.77,-141.7
2022,7,1,19248.11,-701.66
2022,7,2,19224.84,-23.28
2022,7,3,19292.67,67.82
2022,7,4,20208.46,915.79
2022,7,5,20162.71,-45.75
2022,7,6,20544.2,381.49
2022,7,7,21621.52,1077.32
2022,7,8,21589.1,-32.43
2022,7,9,21581.19,-7.91
2022,7,10,20843.12,-738.07
2022,7,11,19946.61,-896.51
2022,7,12,19310.95,-635.66
2022,7,13,20229.58,918.63
2022,7,14,20576.56,346.98
2022,7,15,20828.63,252.07
2022,7,16,21196.9,368.27
2022,7,17,20793.29,-403.61
2022,7,18,22438.4,1645.11
2022,7,19,23402.53,964.13
2022,7,20,23223.96,-178.57
2022,7,21,23158.95,-65.01
2022,7,22,22684.25,-474.7
2022,7,23,22459.15,-225.1
2022,7,24,22586.22,127.07
2022,7,25,21306.56,-1279.66
2022,7,26,21264.87,-41.7
2022,7,27,22964.43,1699.56
2022,7,28,23855.88,891.45
2022,7,29,23789.6,-66.29
2022,7,30,23645.08,-144.52
2022,7,31,23315.95,-329.13
2022,8,1,23277.07,-38.89
2022,8,2,22994.19,-282.88
2022,8,3,22831.86,-162.33
2022,8,4,22621.93,-209.93
2022,8,5,23322.46,700.53
2022,8,6,22952.69,-369.77
2022,8,7,23181.62,228.93
2022,8,8,23820.8,639.18
2022,8,9,23159.22,-661.58
2022,8,10,23961.97,802.75
2022,8,11,23954.9,-7.07
2022,8,12,24413.41,458.51
2022,8,13,24452.44,39.02
2022,8,14,24314.02,-138.42
2022,8,15,24103.81,-210.21
2022,8,16,23865.17,-238.65
2022,8,17,23341.6,-523.57
2022,8,18,23196.34,-145.26
2022,8,19,20836.46,-2359.88
2022,8,20,21140.87,304.41
2022,8,21,21495.97,355.1
2022,8,22,21404.35,-91.63
2022,8,23,21523,118.65
2022,8,24,21370.71,-152.29
2022,8,25,21566.32,195.61
2022,8,26,20246.01,-1320.31
2022,8,27,20037.31,-208.7
2022,8,28,19550.11,-487.2
2022,8,29,20294.27,744.16
2022,8,30,19811.34,-482.93
2022,8,31,20053.81,242.47
2022,9,1,20127.44,73.62
2022,9,2,19954.25,-173.19
2022,9,3,19835.94,-118.32
2022,9,4,20004.08,168.14
2022,9,5,19791.58,-212.5
2022,9,6,18790.61,-1000.97
2022,9,7,19285.24,494.63
2022,9,8,19322.2,36.95
2022,9,9,21370.03,2047.83
2022,9,10,21655.74,285.71
2022,9,11,21839.13,183.39
2022,9,12,22403.06,563.93
2022,9,13,20174.25,-2228.81
2022,9,14,20231.86,57.61
2022,9,15,19699.88,-531.98
2022,9,16,19800.14,100.25
2022,9,17,20117,316.86
2022,9,18,19420.94,-696.06
2022,9,19,19538.12,117.18
2022,9,20,18876.62,-661.5
2022,9,21,18456.46,-420.16
2022,9,22,19403.42,946.96
2022,9,23,19289.97,-113.45
2022,9,24,18924.36,-365.61
2022,9,25,18808.52,-115.84
2022,9,26,19227.65,419.13
2022,9,27,19081.15,-146.5
2022,9,28,19409.26,328.11
2022,9,29,19594.92,185.66
2022,9,30,19426.02,-168.9
2022,10,1,19315.3,-110.73
2022,10,2,19057.33,-257.97
2022,10,3,19634.52,577.19
2022,10,4,20344.04,709.52
2022,10,5,20163.1,-180.95
2022,10,6,19958.59,-204.51
2022,10,7,19532.76,-425.83
2022,10,8,19418.17,-114.59
2022,10,9,19445.94,27.77
2022,10,10,19131.93,-314.01
2022,10,11,19056.5,-75.43
2022,10,12,19156.58,100.08
2022,10,13,19380.96,224.37
2022,10,14,19181.61,-199.35
2022,10,15,19069.45,-112.16
2022,10,16,19263.43,193.98
2022,10,17,19550.45,287.02
2022,10,18,19331.81,-218.64
2022,10,19,19125.59,-206.22
2022,10,20,19044.25,-81.34
2022,10,21,19166.92,122.66
2022,10,22,19206.4,39.48
2022,10,23,19570.93,364.53
2022,10,24,19332.22,-238.71
2022,10,25,20086.89,754.67
2022,10,26,20774.74,687.85
2022,10,27,20292.27,-482.47
2022,10,28,20599.09,306.82
2022,10,29,20820.06,220.97
2022,10,30,20628.62,-191.45
2022,10,31,20495.81,-132.81
2022,11,1,20480.62,-15.2
2022,11,2,20153.01,-327.61
2022,11,3,20206.42,53.41
2022,11,4,21150.52,944.1
2022,11,5,21300.78,150.25
2022,11,6,20914.74,-386.04
2022,11,7,20570.04,-344.7
2022,11,8,18547.62,-2022.42
2022,11,9,15878.21,-2669.41
2022,11,10,17557.04,1678.83
2022,11,11,16992.47,-564.57
2022,11,12,16776.14,-216.33
2022,11,13,16309.05,-467.09
2022,11,14,16590.41,281.36
2022,11,15,16873.79,283.38
2022,11,16,16647.91,-225.88
2022,11,17,16677.78,29.86
2022,11,18,16681.04,3.26
2022,11,19,16685.13,4.09
2022,11,20,16255.15,-429.98
2022,11,21,15760.8,-494.35
2022,11,22,16195.94,435.14
2022,11,23,16597.42,401.48
2022,11,24,16587.76,-9.66
2022,11,25,16507.83,-79.93
2022,11,26,16452.93,-54.91
2022,11,27,16424.41,-28.53
2022,11,28,16209.05,-215.36
2022,11,29,16433.95,224.9
2022,11,30,17167.82,733.87
2022,12,1,16977.74,-190.08
2022,12,2,17094.08,116.34
2022,12,3,16894.08,-200
2022,12,4,17113.75,219.67
2022,12,5,16966.51,-147.25
2022,12,6,17088.06,121.55
2022,12,7,16838.69,-249.38
2022,12,8,17229.22,390.53
2022,12,9,17130.89,-98.34
2022,12,10,17130.07,-0.82
2022,12,11,17091.9,-38.17
2022,12,12,17210.86,118.96
2022,12,13,17772.5,561.64
2022,12,14,17804.11,31.61
2022,12,15,17359.72,-444.39
2022,12,16,16633.41,-726.31
2022,12,17,16786.54,153.13
2022,12,18,16745.81,-40.73
2022,12,19,16440.67,-305.15
2022,12,20,16902.24,461.57
2022,12,21,16825.25,-77
2022,12,22,16819.09,-6.16
2022,12,23,16779.36,-39.73
2022,12,24,16840.76,61.39
2022,12,25,16828.9,-11.86
2022,12,26,16913.94,85.03
2022,12,27,16697.52,-216.42
2022,12,28,16538.67,-158.86
2022,12,29,16629.82,91.15
2022,12,30,16597.29,-32.53
2022,12,31,16528.89,-68.41
2023,1,1,16613.48,84.59
2023,1,2,16668.97,55.49
2023,1,3,16670.73,1.75
2023,1,4,16849.16,178.43
2023,1,5,16825.79,-23.37
2023,1,6,16950.52,124.73
2023,1,7,16944.81,-5.71
2023,1,8,17124.86,180.05
2023,1,9,17179.7,54.84
2023,1,10,17443.89,264.19
2023,1,11,17941.69,497.8
2023,1,12,18852.7,911.01
2023,1,13,19932.48,1079.78
2023,1,14,20959.43,1026.95
2023,1,15,20884.18,-75.25
2023,1,16,21189.86,305.68
2023,1,17,21140.12,-49.75
2023,1,18,20676.07,-464.05
2023,1,19,21085.41,409.34
2023,1,20,22679.14,1593.73
2023,1,21,22785.95,106.81
2023,1,22,22717.7,-68.25
2023,1,23,22921.29,203.59
2023,1,24,22638,-283.29
2023,1,25,23056.8,418.8
2023,1,26,23011.11,-45.69
2023,1,27,23080.06,68.95
2023,1,28,23031.1,-48.97
2023,1,29,23750.97,719.87
2023,1,30,22832.84,-918.13
2023,1,31,23132.21,299.37
2023,2,1,23729.84,597.63
2023,2,2,23491.99,-237.85
2023,2,3,23437.01,-54.99
2023,2,4,23332.69,-104.32
2023,2,5,22938.34,-394.35
2023,2,6,22764.17,-174.18
2023,2,7,23250.93,486.76
2023,2,8,22966.38,-284.55
2023,2,9,21797.75,-1168.63
2023,2,10,21635.15,-162.6
2023,2,11,21864.96,229.8
2023,2,12,21787.12,-77.84
2023,2,13,21789.63,2.51
2023,2,14,22211.03,421.4
2023,2,15,24330.81,2119.78
2023,2,16,23519.85,-810.96
2023,2,17,24578.37,1058.52
2023,2,18,24638.27,59.9
2023,2,19,24288.51,-349.76
2023,2,20,24841.34,552.83
2023,2,21,24449.26,-392.08
2023,2,22,24186.54,-262.72
2023,2,23,23943.19,-243.35
2023,2,24,23190.5,-752.69
2023,2,25,23164.72,-25.78
2023,2,26,23558.98,394.26
2023,2,27,23492.47,-66.51
2023,2,28,23133.61,-358.86
2023,3,1,23638.25,504.64
2023,3,2,23467.3,-170.95
2023,3,3,22394,-1073.3
2023,3,4,22349.12,-44.89
2023,3,5,22428.98,79.86
2023,3,6,22417.1,-11.89
2023,3,7,22201.84,-215.26
2023,3,8,21701.47,-500.37
2023,3,9,20346.9,-1354.57
2023,3,10,20222.68,-124.22
2023,3,11,20726.53,503.85
2023,3,12,22242.23,1515.7
2023,3,13,24216.58,1974.35
2023,3,14,24758.48,541.9
2023,3,15,24376.05,-382.43
2023,3,16,25051.83,675.78
2023,3,17,27454.17,2402.34
2023,3,18,26976.15,-478.02
2023,3,19,28051.94,1075.79
2023,3,20,27806.91,-245.03
2023,3,21,28190.61,383.7
2023,3,22,27319.63,-870.98
2023,3,23,28342.19,1022.56
2023,3,24,27493.31,-848.88
2023,3,25,27492.9,-0.41
2023,3,26,28001,508.1
2023,3,27,27140.89,-860.11
2023,3,28,27274.8,133.91
2023,3,29,28348.99,1074.19
2023,3,30,28012.29,-336.7
2023,3,31,28475.97,463.68
2023,4,1,28469.31,-6.66
2023,4,2,28189.84,-279.47
2023,4,3,27811.63,-378.21
2023,4,4,28177.64,366.01
2023,4,5,28180.65,3.01
2023,4,6,28048.62,-132.04
2023,4,7,27927.76,-120.86
2023,4,8,27961.12,33.36
2023,4,9,28336.98,375.86
2023,4,10,29655.05,1318.07
2023,4,11,30235.59,580.54
2023,4,12,29903.45,-332.14
2023,4,13,30408.8,505.35
2023,4,14,30492.28,83.48
2023,4,15,30318.23,-174.05
2023,4,16,30320.82,2.59
2023,4,17,29447.25,-873.57
2023,4,18,30387.96,940.71
2023,4,19,28816.34,-1571.62
2023,4,20,28214.41,-601.93
2023,4,21,27257.38,-957.03
2023,4,22,27819.07,561.69
2023,4,23,27592.89,-226.18
2023,4,24,27514.14,-78.75
2023,4,25,28301.82,787.68
2023,4,26,28425.22,123.4
2023,4,27,29480.04,1054.82
2023,4,28,29334.33,-145.71
2023,4,29,29246.06,-88.27
2023,4,30,29240.15,-5.91
2023,5,1,28085.02,-1155.13
2023,5,2,28679.69,594.67
2023,5,3,29032.03,352.34
2023,5,4,28851.84,-180.19
2023,5,5,29537.89,686.05
2023,5,6,28904.26,-633.63
2023,5,7,28462.89,-441.37
2023,5,8,27692.79,-770.1
2023,5,9,27645.16,-47.64
2023,5,10,27619.39,-25.78
2023,5,11,26987.97,-631.42
2023,5,12,26808.58,-179.39
2023,5,13,26787.17,-21.42
2023,5,14,26927.54,140.37
2023,5,15,27167.35,239.81
2023,5,16,27038.99,-128.36
2023,5,17,27404.3,365.31
2023,5,18,26821.77,-582.53
2023,5,19,26890.71,68.93
2023,5,20,27113.42,222.71
2023,5,21,26752.43,-360.99
2023,5,22,26853.97,101.54
2023,5,23,27224.36,370.39
2023,5,24,26326.93,-897.43
2023,5,25,26478.85,151.91
2023,5,26,26716.9,238.05
2023,5,27,26869.59,152.69
2023,5,28,28079.34,1209.75
2023,5,29,27744.77,-334.57
2023,5,30,27701.79,-42.98
2023,5,31,27218.46,-483.33
2023,6,1,26823.94,-394.52
2023,6,2,27252.07,428.13
2023,6,3,27076.44,-175.63
2023,6,4,27121.86,45.42
2023,6,5,25734.32,-1387.54
2023,6,6,27240.65,1506.33
2023,6,7,26350,-890.65
2023,6,8,26509.58,159.58
2023,6,9,26483.46,-26.13
2023,6,10,25854.68,-628.78
2023,6,11,25935.88,81.2
2023,6,12,25904.71,-31.18
2023,6,13,25931.61,26.9
2023,6,14,25127.23,-804.38
2023,6,15,25573.66,446.43
2023,6,16,26329,755.34
2023,6,17,26509.37,180.37
2023,6,18,26338.83,-170.54
2023,6,19,26840.03,501.2
2023,6,20,28315.77,1475.74
2023,6,21,29996.52,1680.75
2023,6,22,29890.82,-105.7
2023,6,23,30701.74,810.92
2023,6,24,30545.75,-156
2023,6,25,30473,-72.75
2023,6,26,30270.85,-202.15
2023,6,27,30697.83,426.98
2023,6,28,30080.68,-617.15
2023,6,29,30449.02,368.34
2023,6,30,30469.98,20.95
2023,7,1,30589.67,119.68
2023,7,2,30617.86,28.19
2023,7,3,31154.1,536.24
2023,7,4,30775.34,-378.76
2023,7,5,30503.63,-271.71
2023,7,6,29910.44,-593.19
2023,7,7,30348.93,438.49
2023,7,8,30292.66,-56.27
2023,7,9,30170.46,-122.2
2023,7,10,30418.12,247.66
2023,7,11,30623,204.88
2023,7,12,30386.03,-236.97
2023,7,13,31476.41,1090.38
2023,7,14,30331.88,-1144.53
2023,7,15,30300.3,-31.59
2023,7,16,30245.6,-54.71
2023,7,17,30147.96,-97.64
2023,7,18,29864.26,-283.7
2023,7,19,29916.8,52.54
2023,7,20,29805.48,-111.32
2023,7,21,29910.21,104.73
2023,7,22,29786.08,-124.13
2023,7,23,30085.1,299.01
2023,7,24,29178.1,-907
2023,7,25,29228.62,50.52
2023,7,26,29348.33,119.71
2023,7,27,29216.45,-131.88
2023,7,28,29317.29,100.84
2023,7,29,29359.46,42.16
2023,7,30,29279.33,-80.13
2023,7,31,29230.16,-49.18
2023,8,1,29698.56,468.4
2023,8,2,29160.34,-538.22
2023,8,3,29182,21.66
2023,8,4,29077.71,-104.29
2023,8,5,29048.65,-29.06
2023,8,6,29039.93,-8.73
2023,8,7,29179.08,139.15
2023,8,8,29767.69,588.61
2023,8,9,29566.13,-201.56
2023,8,10,29426.29,-139.84
2023,8,11,29400.81,-25.48
2023,8,12,29415.55,14.73
2023,8,13,29280.68,-134.87
2023,8,14,29410.46,129.78
2023,8,15,29171.11,-239.35
2023,8,16,28700.25,-470.86
2023,8,17,26636.54,-2063.71
2023,8,18,26049.7,-586.84
2023,8,19,26094.41,44.7
2023,8,20,26189.37,94.96
2023,8,21,26123.47,-65.9
2023,8,22,26041.97,-81.5
2023,8,23,26426.2,384.23
2023,8,24,26167.89,-258.31
2023,8,25,26050.46,-117.43
2023,8,26,26006.58,-43.88
2023,8,27,26090.67,84.08
2023,8,28,26106.36,15.69
2023,8,29,27723.45,1617.09
2023,8,30,27300.96,-422.49
2023,8,31,25933.06,-1367.9
2023,9,1,25799.99,-133.07
2023,9,2,25867.76,67.76
2023,9,3,25968.69,100.93
2023,9,4,25813.74,-154.95
2023,9,5,25784.58,-29.16
2023,9,6,25752.96,-31.63
2023,9,7,26251.59,498.63
2023,9,8,25907.09,-344.5
2023,9,9,25896.65,-10.44
2023,9,10,25831.23,-65.43
2023,9,11,25157.81,-673.42
2023,9,12,25840.88,683.07
2023,9,13,26227.94,387.06
2023,9,14,26532.4,304.46
2023,9,15,26606.05,73.64
2023,9,16,26566.95,-39.1
2023,9,17,26535.25,-31.71
2023,9,18,26765.06,229.81
2023,9,19,27217.94,452.88
2023,9,20,27128.9,-89.04
2023,9,21,26568.29,-560.61
2023,9,22,26581.06,12.77
2023,9,23,26581.4,0.34
2023,9,24,26250.5,-330.9
2023,9,25,26294.44,43.93
2023,9,26,26193.8,-100.64
2023,9,27,26358.22,164.42
2023,9,28,27025.96,667.74
2023,9,29,26911.4,-114.56
2023,9,30,26968.4,57
2023,10,1,27980.6,1012.2
2023,10,2,27505.92,-474.68
2023,10,3,27429.59,-76.33
2023,10,4,27791.13,361.54
2023,10,5,27423.49,-367.64
2023,10,6,27946.99,523.5
2023,10,7,27973.62,26.62
2023,10,8,27933.75,-39.87
2023,10,9,27587.63,-346.12
2023,10,10,27396.55,-191.08
2023,10,11,26865.94,-530.61
2023,10,12,26755.5,-110.44
2023,10,13,26861.86,106.36
2023,10,14,26855.62,-6.25
2023,10,15,27172.86,317.24
2023,10,16,28517.96,1345.1
2023,10,17,28409.87,-108.09
2023,10,18,28329.7,-80.17
2023,10,19,28733.63,403.93
2023,10,20,29682.89,949.26
2023,10,21,29923.02,240.13
2023,10,22,29998.27,75.25
2023,10,23,33065.93,3067.66
2023,10,24,33921.29,855.36
2023,10,25,34498.74,577.45
2023,10,26,34159.78,-338.96
2023,10,27,33907.63,-252.15
2023,10,28,34090.07,182.44
2023,10,29,34535.73,445.66
2023,10,30,34496.69,-39.05
2023,10,31,34659.78,163.08
2023,11,1,35441.03,781.25
2023,11,2,34941.17,-499.86
2023,11,3,34734.39,-206.78
2023,11,4,35087.96,353.57
2023,11,5,35042.56,-45.41
2023,11,6,35044.68,2.12
2023,11,7,35429.47,384.79
2023,11,8,35639.8,210.33
2023,11,9,36709.903971,1070.1
2023,11,10,37304.77379417,594.86
2023,11,11,37148.64725547,-156.13
2023,11,12,37071.80915969,-76.84
2023,11,13,36484.54,-587.27
2023,11,14,35560.21,-924.33
2023,11,15,37886.47,2326.26
2023,11,16,36183.56,-1702.91
2023,11,17,36614.81,431.25
2023,11,18,36582.13,-32.68
2023,11,19,37377.58,795.45
2023,11,20,37469.15,91.57
2023,11,21,35772.45,-1696.7
2023,11,22,37418.75,1646.3
2023,11,23,37304.7,-114.06
2023,11,24,37717.89,413.19
2023,11,25,37809.78,91.89
2023,11,26,37465.83,-343.95
2023,11,27,37255.74,-210.1
2023,11,28,37818.22,562.48
2023,11,29,37870.86,52.63
2023,11,30,37728.97,-141.89
2023,12,1,38688.85,959.88
2023,12,2,39471.17,782.32
2023,12,3,39988.27,517.1
2023,12,4,42005.44,2017.17
2023,12,5,44073.04,2067.6
2023,12,6,43771.48,-301.56
2023,12,7,43276.31,-495.18
2023,12,8,44185.19,908.88
2023,12,9,43725.01,-460.18
2023,12,10,43801.2,76.18
2023,12,11,41253.16,-2548.04
2023,12,12,41473.28,220.11
2023,12,13,42849.07,1375.79
2023,12,14,43030.52,181.44
2023,12,15,41945.23,-1085.29
2023,12,16,42273.53,328.29
2023,12,17,41343.51,-930.02
2023,12,18,42617.58,1274.07
2023,12,19,42267.25,-350.33
2023,12,20,43655.71,1388.46
2023,12,21,43861.62,205.91
2023,12,22,43974.33,112.71
2023,12,23,43736.05,-238.28
2023,12,24,43005.68,-730.37
2023,12,25,43601.04,595.36
2023,12,26,42520.23,-1080.81
2023,12,27,43432.47,912.24
2023,12,28,42594.77,-837.7
2023,12,29,42082.07,-512.7
2023,12,30,42146.38,64.3
2023,12,31,42284.71,138.33
2024,1,1,44165.88,1881.17
2024,1,2,44964.68,798.8
2024,1,3,42855.11,-2109.57
2024,1,4,44171.58,1316.47
2024,1,5,44188.64,17.05
2024,1,6,44008.11,-180.53
2024,1,7,43947.06,-61.06
2024,1,8,46979.41,3032.35
2024,1,9,46147.55,-831.86
2024,1,10,46658.68,511.13
2024,1,11,46354.23,-304.45
2024,1,12,42784.68,-3569.55
2024,1,13,42834.13,49.44
2024,1,14,41732.68,-1101.45
2024,1,15,42491.28,758.6
2024,1,16,43110.23,618.95
2024,1,17,42761.67,-348.57
2024,1,18,41282.04,-1479.63
2024,1,19,41619.59,337.54
2024,1,20,41659.07,39.48
2024,1,21,41551.57,-107.5
2024,1,22,39541.6,-2009.97
2024,1,23,39853.25,311.65
2024,1,24,40052.4,199.15
2024,1,25,39945.62,-106.78
2024,1,26,41796.66,1851.04
2024,1,27,42111.19,314.53
2024,1,28,42031.95,-79.25
2024,1,29,43296.19,1264.24
2024,1,30,42942.15,-354.04
2024,1,31,42580.43,-361.72
2024,2,1,43052.42,471.99
2024,2,2,43185.97,133.55
2024,2,3,42991.05,-194.92
2024,2,4,42570.33,-420.72
2024,2,5,42688.9,118.57
2024,2,6,43043.57,354.67
2024,2,7,44337.66,1294.09
2024,2,8,45279.32,941.66
2024,2,9,47140.17,1860.85
2024,2,10,47772.77,632.6
2024,2,11,48312.66,539.89
2024,2,12,49934.34,1621.68
2024,2,13,49715.7,-218.64
2024,2,14,51814.67,2098.97
2024,2,15,51927.93,113.26
2024,2,16,52177.35,249.42
2024,2,17,51678.05,-499.3
2024,2,18,52147.67,469.62
2024,2,19,51788.1,-359.57
2024,2,20,52270.68,482.58
2024,2,21,51858.74,-411.94
2024,2,22,51293.8,-564.94
2024,2,23,50710.95,-582.85
2024,2,24,51560.77,849.82
2024,2,25,51726.87,166.1
2024,2,26,54475.62,2748.75
2024,2,27,57078.36,2602.74
2024,2,28,62461.81,5383.45
2024,2,29,61206.43,-1255.38
2024,3,1,62419.9,1213.47
2024,3,2,62037.09,-382.82
2024,3,3,63153.53,1116.44
2024,3,4,68272.89,5119.36
2024,3,5,63805.59,-4467.3
2024,3,6,66155.08,2349.49
2024,3,7,66857.22,702.14
2024,3,8,68227.4,1370.18
2024,3,9,68459.98,232.58
2024,3,10,69090.75,630.77
2024,3,11,72148.23,3057.48
2024,3,12,71469.52,-678.71
2024,3,13,73085.94,1616.42
2024,3,14,71425.06,-1660.88
2024,3,15,69468.63,-1956.43
2024,3,16,65313.5,-4155.13
2024,3,17,68343.27,3029.77
2024,3,18,67557.86,-785.41
2024,3,19,61930.92,-5626.94
2024,3,20,67800.01,5869.09
2024,3,21,65510,-2290.01
2024,3,22,63776.64,-1733.36
2024,3,23,64010.32,233.68
2024,3,24,67208.32,3198
2024,3,25,69882.16,2673.84
2024,3,26,69999.33,117.16
2024,3,27,69464.48,-534.86
2024,3,28,70745.84,1281.36
2024,3,29,69854.65,-891.19
2024,3,30,69624.22,-230.43
2024,3,31,71316.08,1691.86
2024,4,1,69658.46,-1657.62
2024,4,2,65481.2,-4177.26
2024,4,3,65978.95,497.75
2024,4,4,68509.51,2530.56
2024,4,5,67848.42,-661.09
2024,4,6,68912.02,1063.6
2024,4,7,69374.42,462.39
2024,4,8,71620.26,2245.84
2024,4,9,69144.49,-2475.77
2024,4,10,70603.08,1458.59
2024,4,11,70003.48,-599.6
2024,4,12,67129.26,-2874.22
2024,4,13,63950.99,-3178.27
2024,4,14,65742.41,1791.42
2024,4,15,63482.47,-2259.94
2024,4,16,63809.94,327.47
2024,4,17,61298.85,-2511.09
2024,4,18,63466.01,2167.16
2024,4,19,63842.56,376.54
2024,4,20,64965.29,1122.73
2024,4,21,64962.24,-3.06
2024,4,22,66831.37,1869.13
2024,4,23,66440.19,-391.18
2024,4,24,64290.8,-2149.39
2024,4,25,64464.99,174.18
2024,4,26,63757.02,-707.97
2024,4,27,63435.7,-321.32
2024,4,28,63075.21,-360.49
2024,4,29,63835.42,760.21
2024,4,30,60652.82,-3182.6
2024,5,1,58301.58,-2351.24
2024,5,2,58987.16,685.58
2024,5,3,62875.31,3888.15
2024,5,4,63915.26,1039.95
2024,5,5,64019.93,104.66
2024,5,6,63172.1,-847.83
2024,5,7,62315.67,-856.43
2024,5,8,61198.71,-1116.96
2024,5,9,63047.21,1848.5
2024,5,10,60791.81,-2255.4
2024,5,11,60814.29,22.48
2024,5,12,61464.48,650.19
2024,5,13,62909.72,1445.24
2024,5,14,61563.41,-1346.31
2024,5,15,66177.5,4614.09
2024,5,16,65257.47,-920.03
2024,5,17,67028.04,1770.57
2024,5,18,66935.63,-92.41
2024,5,19,66282.99,-652.64
2024,5,20,71417.6,5134.61
2024,5,21,70151.03,-1266.57
2024,5,22,69150.9,-1000.13
2024,5,23,67942.48,-1208.42
2024,5,24,67609.02,-333.46
