2018,9,9,222.42,0
2018,9,10,223.195,0.77
2018,9,11,214.2775,-8.92
2018,9,12,212.5925,-1.69
2018,9,13,234.1675,21.57
2018,9,14,233.9725,-0.2
2018,9,15,241.87,7.89
2018,9,16,240.5775,-1.3
2018,9,17,222.5475,-18.03
2018,9,18,231.7575,9.21
2018,9,19,232.8275,1.07
2018,9,20,243.7475,10.92
2018,9,21,261.285,17.53
2018,9,22,255.83,-5.46
2018,9,23,258.7675,2.93
2018,9,24,246.505,-12.27
2018,9,25,239.84,-6.67
2018,9,26,235.9925,-3.85
2018,9,27,247.185,11.19
2018,9,28,241.3625,-5.83
2018,9,29,248.84,7.47
2018,9,30,249.6,0.75
2018,10,1,248.15,-1.45
2018,10,2,244.0525,-4.1
2018,10,3,239.7975,-4.26
2018,10,4,241.24,1.44
2018,10,5,245.41,4.17
2018,10,6,243.5,-1.91
2018,10,7,244.05,0.55
2018,10,8,246.3275,2.27
2018,10,9,245.23,-1.1
2018,10,10,243.225,-2.01
2018,10,11,216.7175,-26.51
2018,10,12,220.9925,4.27
2018,10,13,223.0975,2.1
2018,10,14,219.3025,-3.8
2018,10,15,229.0225,9.72
2018,10,16,229.68,0.65
2018,10,17,228,-1.68
2018,10,18,224.85,-3.15
2018,10,19,225.6925,0.84
2018,10,20,227.4825,1.79
2018,10,21,227.06,-0.43
2018,10,22,226.345,-0.72
2018,10,23,226.335,-0.01
2018,10,24,226.0375,-0.3
2018,10,25,225.2125,-0.83
2018,10,26,226.0075,0.79
2018,10,27,226.5725,0.56
2018,10,28,227.3175,0.74
2018,10,29,221.2275,-6.09
2018,10,30,221.99,0.76
2018,10,31,223.185,1.19
2018,11,1,223.865,0.68
2018,11,2,225.24,1.37
2018,11,3,224.2775,-0.97
2018,11,4,233.0625,8.78
2018,11,5,231.935,-1.13
2018,11,6,239.395,7.46
2018,11,7,238.065,-1.33
2018,11,8,233.0975,-4.97
2018,11,9,231.5175,-1.58
2018,11,10,233.2325,1.71
2018,11,11,232.8775,-0.36
2018,11,12,232.0275,-0.85
2018,11,13,227.93,-4.1
2018,11,14,208.9525,-18.98
2018,11,15,209.4675,0.51
2018,11,16,204.875,-4.6
2018,11,17,204.7975,-0.08
2018,11,18,207.3075,2.51
2018,11,19,184.5225,-22.79
2018,11,20,171.18,-13.35
2018,11,21,176.475,5.29
2018,11,22,167.9175,-8.56
2018,11,23,166.4775,-1.44
2018,11,24,158.3325,-8.15
2018,11,25,161.2625,2.93
2018,11,26,155.6175,-5.65
2018,11,27,157,1.38
2018,11,28,166.85,9.85
2018,11,29,162.7525,-4.1
2018,11,30,159.305,-3.45
2018,12,1,163.12,3.81
2018,12,2,161.545,-1.58
2018,12,3,155.8525,-5.7
2018,12,4,156.9675,1.11
2018,12,5,150.9525,-6.02
2018,12,6,142.2975,-8.66
2018,12,7,144.8725,2.57
2018,12,8,142.99,-1.89
2018,12,9,145.005,2.01
2018,12,10,142.4425,-2.57
2018,12,11,140.685,-1.76
2018,12,12,142.315,1.63
2018,12,13,139.37,-2.95
2018,12,14,137.7,-1.67
2018,12,15,137.685,-0.02
2018,12,16,138.275,0.59
2018,12,17,145.845,7.57
2018,12,18,151.215,5.37
2018,12,19,150.02,-1.2
2018,12,20,161.38,11.36
2018,12,21,156.27,-5.11
2018,12,22,162.5275,6.25
2018,12,23,172.6075,10.08
2018,12,24,179.8675,7.26
2018,12,25,172.225,-7.65
2018,12,26,173.27,1.04
2018,12,27,161.3425,-11.93
2018,12,28,178.305,16.96
2018,12,29,176.0625,-2.25
2018,12,30,179.5825,3.52
2018,12,31,173.5375,-6.05
2019,1,1,180.275,6.73
2019,1,2,190.635,10.36
2019,1,3,185.81,-4.83
2019,1,4,190.56,4.75
2019,1,5,191.0075,0.44
2019,1,6,192.385,1.37
2019,1,7,188.3425,-4.05
2019,1,8,187.16,-1.19
2019,1,9,187.5425,0.38
2019,1,10,170.3,-17.25
2019,1,11,169.87,-0.44
2019,1,12,168.865,-1.01
2019,1,13,162.0525,-6.82
2019,1,14,171.7575,9.7
2019,1,15,165.49,-6.27
2019,1,16,167.0575,1.56
2019,1,17,167.3475,0.28
2019,1,18,165.195,-2.16
2019,1,19,168.0075,2.81
2019,1,20,163.5325,-4.48
2019,1,21,162.41,-1.13
2019,1,22,163.995,1.58
2019,1,23,162.8875,-1.11
2019,1,24,162.7625,-0.13
2019,1,25,161.7375,-1.03
2019,1,26,161.73,-0.01
2019,1,27,158.9125,-2.82
2019,1,28,154.5525,-4.36
2019,1,29,153.455,-1.1
2019,1,30,156.17,2.71
2019,1,31,154.785,-1.39
2019,2,1,154.9225,0.13
2019,2,2,157.4625,2.54
2019,2,3,154.9775,-2.49
2019,2,4,155.04,0.06
2019,2,5,155.0275,-0.02
2019,2,6,153.005,-2.03
2019,2,7,152.905,-0.1
2019,2,8,164.065,11.16
2019,2,9,164.0175,-0.05
2019,2,10,168.44,4.42
2019,2,11,165.13,-3.31
2019,2,12,166.1925,1.06
2019,2,13,165.985,-0.21
2019,2,14,165,-0.99
2019,2,15,165.78,0.78
2019,2,16,166.7225,0.94
2019,2,17,174.765,8.04
2019,2,18,183.9625,9.19
2019,2,19,182.5675,-1.4
2019,2,20,186.105,3.53
2019,2,21,183.685,-2.42
2019,2,22,185.455,1.77
2019,2,23,193.6725,8.21
2019,2,24,174.3225,-19.35
2019,2,25,178.7075,4.38
2019,2,26,177.32,-1.39
2019,2,27,176.25,-1.07
2019,2,28,176.415,0.16
2019,3,1,176.595,0.18
2019,3,2,174.7075,-1.89
2019,3,3,172.8025,-1.91
2019,3,4,169.44,-3.37
2019,3,5,177.7675,8.32
2019,3,6,178.2275,0.45
2019,3,7,177.665,-0.57
2019,3,8,175.09,-2.58
2019,3,9,177.78,2.69
2019,3,10,176.4825,-1.3
2019,3,11,174.425,-2.06
2019,3,12,175.11,0.68
2019,3,13,173.8725,-1.24
2019,3,14,174.045,0.17
2019,3,15,177.3725,3.32
2019,3,16,180.865,3.49
2019,3,17,179.04,-1.83
2019,3,18,178.205,-0.84
2019,3,19,179.0375,0.83
2019,3,20,179.535,0.49
2019,3,21,176.31,-3.23
2019,3,22,177.33,1.02
2019,3,23,177.9225,0.59
2019,3,24,177.0075,-0.92
2019,3,25,175.245,-1.77
2019,3,26,175.42,0.17
2019,3,27,179.815,4.39
2019,3,28,178.5425,-1.28
2019,3,29,182.135,3.59
2019,3,30,182.055,-0.08
2019,3,31,181.455,-0.6
2019,4,1,181.23,-0.23
2019,4,2,198.985,17.75
2019,4,3,196.3775,-2.61
2019,4,4,193.7575,-2.62
2019,4,5,199.99,6.23
2019,4,6,199.665,-0.33
2019,4,7,206.5975,6.93
2019,4,8,211.1225,4.52
2019,4,9,207.415,-3.71
2019,4,10,208.67,1.25
2019,4,11,199.16,-9.51
2019,4,12,198.92,-0.25
2019,4,13,198.355,-0.57
2019,4,14,201.625,3.27
2019,4,15,195.695,-5.93
2019,4,16,200.3375,4.64
2019,4,17,200.42,0.08
2019,4,18,205.96,5.54
2019,4,19,205.8875,-0.08
2019,4,20,205.8325,-0.06
2019,4,21,202.9725,-2.86
2019,4,22,204.165,1.19
2019,4,23,203.3825,-0.79
2019,4,24,199.7875,-3.6
2019,4,25,189.575,-10.22
2019,4,26,190.235,0.66
2019,4,27,192.205,1.97
2019,4,28,190.36,-1.85
2019,4,29,189.73,-0.64
2019,4,30,195.7825,6.05
2019,5,1,194.3125,-1.47
2019,5,2,194.555,0.24
2019,5,3,199.1475,4.59
2019,5,4,196.9975,-2.15
2019,5,5,196.465,-0.54
2019,5,6,203.8475,7.38
2019,5,7,200.3725,-3.48
2019,5,8,202.6,2.22
2019,5,9,203.0225,0.42
2019,5,10,205.0075,1.98
2019,5,11,219.83,14.82
2019,5,12,216.4975,-3.34
2019,5,13,222.6675,6.17
2019,5,14,238.405,15.73
2019,5,15,262.51,24.1
2019,5,16,274.0425,11.53
2019,5,17,258.955,-15.09
2019,5,18,251.2625,-7.7
2019,5,19,271.265,20
2019,5,20,264.84,-6.43
2019,5,21,266.69,1.85
2019,5,22,258.0625,-8.63
2019,5,23,259.7975,1.73
2019,5,24,262.8725,3.07
2019,5,25,264.4375,1.56
2019,5,26,276.725,12.28
2019,5,27,279.05,2.32
2019,5,28,278.965,-0.09
2019,5,29,277.5525,-1.42
2019,5,30,266.37,-11.19
2019,5,31,274.9925,8.62
2019,6,1,274.165,-0.83
2019,6,2,277.465,3.29
2019,6,3,262.7425,-14.73
2019,6,4,256.2275,-6.52
2019,6,5,260.0925,3.86
2019,6,6,262.42,2.32
2019,6,7,262.56,0.13
2019,6,8,258.735,-3.83
2019,6,9,249.0275,-9.71
2019,6,10,261.2525,12.22
2019,6,11,259.38,-1.88
2019,6,12,272.775,13.39
2019,6,13,267.135,-5.64
2019,6,14,273.3375,6.2
2019,6,15,277.475,4.13
2019,6,16,276.885,-0.6
2019,6,17,280.8875,4
2019,6,18,273.8025,-7.09
2019,6,19,277.1575,3.35
2019,6,20,279.4875,2.33
2019,6,21,297.75,18.26
2019,6,22,306.9775,9.22
2019,6,23,305.45,-1.53
2019,6,24,308.6125,3.16
2019,6,25,312.9375,4.32
2019,6,26,326.385,13.44
2019,6,27,295.6675,-30.72
2019,6,28,307.715,12.04
2019,6,29,313.49,5.77
2019,6,30,292.7575,-20.74
2019,7,1,294.5475,1.79
2019,7,2,293.7775,-0.78
2019,7,3,302.095,8.31
2019,7,4,283,-19.1
2019,7,5,287.9,4.9
2019,7,6,287.685,-0.22
2019,7,7,306.495,18.81
2019,7,8,313.4375,6.94
2019,7,9,307.9375,-5.5
2019,7,10,288.64,-19.3
2019,7,11,268.475,-20.17
2019,7,12,275.57,7.09
2019,7,13,269.2,-6.37
2019,7,14,228.7725,-40.43
2019,7,15,228.2525,-0.53
2019,7,16,198.6775,-29.58
2019,7,17,211.495,12.81
2019,7,18,226.2425,14.74
2019,7,19,221.3825,-4.86
2019,7,20,228.73,7.34
2019,7,21,225.485,-3.25
2019,7,22,217.105,-8.38
2019,7,23,212.075,-5.03
2019,7,24,216.545,4.47
2019,7,25,219.3775,2.83
2019,7,26,219.345,-0.04
2019,7,27,207.0425,-12.31
2019,7,28,211.13,4.08
2019,7,29,210.765,-0.37
2019,7,30,209.8025,-0.97
2019,7,31,218.6325,8.83
2019,8,1,217.53,-1.11
2019,8,2,217.6825,0.15
2019,8,3,221.915,4.23
2019,8,4,222.9175,1
2019,8,5,232.955,10.03
2019,8,6,225.9525,-7.01
2019,8,7,225.9675,0.01
2019,8,8,220.455,-5.52
2019,8,9,210.3275,-10.13
2019,8,10,206.195,-4.14
2019,8,11,216.105,9.91
2019,8,12,211.1975,-4.91
2019,8,13,208.47,-2.73
2019,8,14,186.2075,-22.27
2019,8,15,188.1375,1.92
2019,8,16,185.33,-2.81
2019,8,17,185.555,0.22
2019,8,18,194.675,9.12
2019,8,19,202.405,7.73
2019,8,20,196.47,-5.94
2019,8,21,187.13,-9.34
2019,8,22,191.3125,4.18
2019,8,23,194.5675,3.25
2019,8,24,190.9325,-3.64
2019,8,25,186.545,-4.39
2019,8,26,188.3675,1.82
2019,8,27,187.1575,-1.21
2019,8,28,172.825,-14.34
2019,8,29,168.845,-3.98
2019,8,30,168.29,-0.56
2019,8,31,171.9175,3.62
2019,9,1,171.285,-0.64
2019,9,2,178.795,7.51
2019,9,3,179.0275,0.23
2019,9,4,174.9575,-4.07
2019,9,5,174.4925,-0.47
2019,9,6,169.0925,-5.4
2019,9,7,178.2475,9.15
2019,9,8,181.52,3.27
2019,9,9,180.7825,-0.74
2019,9,10,179.7675,-1.02
2019,9,11,178.3925,-1.38
2019,9,12,180.92,2.52
2019,9,13,181.4075,0.48
2019,9,14,188.7725,7.36
2019,9,15,189.445,0.67
2019,9,16,197.7325,8.28
2019,9,17,207.9525,10.22
2019,9,18,210.2875,2.33
2019,9,19,217.3575,7.07
2019,9,20,215.575,-1.79
2019,9,21,213.1125,-2.47
2019,9,22,211.1775,-1.94
2019,9,23,200.8225,-10.36
2019,9,24,166.3975,-34.43
2019,9,25,169.94,3.54
2019,9,26,165.8225,-4.12
2019,9,27,174.2625,8.44
2019,9,28,173.8975,-0.37
2019,9,29,169.3575,-4.54
2019,9,30,181.26,11.9
2019,10,1,176.2225,-5.04
2019,10,2,180.835,4.61
2019,10,3,174.965,-5.87
2019,10,4,176.11,1.14
2019,10,5,176.54,0.42
2019,10,6,170.195,-6.35
2019,10,7,180.2775,10.08
2019,10,8,180.85,0.57
2019,10,9,193.2925,12.44
2019,10,10,191.66,-1.64
2019,10,11,180.8125,-10.85
2019,10,12,179.9525,-0.87
2019,10,13,181.1225,1.17
2019,10,14,186.7625,5.64
2019,10,15,180.6125,-6.15
2019,10,16,174.4975,-6.12
2019,10,17,177.385,2.88
2019,10,18,172.985,-4.4
2019,10,19,172.005,-0.99
2019,10,20,175.555,3.55
2019,10,21,174.43,-1.13
2019,10,22,171.335,-3.1
2019,10,23,162.5125,-8.83
2019,10,24,160.8625,-1.65
2019,10,25,181.6625,20.8
2019,10,26,180.115,-1.55
2019,10,27,184.2425,4.12
2019,10,28,182.04,-2.21
2019,10,29,191.125,9.08
2019,10,30,183.345,-7.78
2019,10,31,182.4875,-0.86
2019,11,1,183.275,0.78
2019,11,2,183.055,-0.22
2019,11,3,181.6275,-1.43
2019,11,4,186.2575,4.63
2019,11,5,188.795,2.53
2019,11,6,191.1775,2.38
2019,11,7,186.3775,-4.8
2019,11,8,183.76,-2.62
2019,11,9,184.8875,1.12
2019,11,10,188.935,4.04
2019,11,11,184.6275,-4.31
2019,11,12,186.905,2.27
2019,11,13,187.7575,0.85
2019,11,14,184.52,-3.24
2019,11,15,179.8625,-4.66
2019,11,16,182.2875,2.42
2019,11,17,183.8575,1.57
2019,11,18,177.8925,-5.97
2019,11,19,175.63,-2.27
2019,11,20,174.27,-1.36
2019,11,21,160.8825,-13.39
2019,11,22,150.06,-10.83
2019,11,23,152.15,2.09
2019,11,24,140.0325,-12.12
2019,11,25,146.0725,6.04
2019,11,26,147.755,1.68
2019,11,27,152.85,5.09
2019,11,28,151.065,-1.79
2019,11,29,154.6425,3.57
2019,11,30,151.7425,-2.9
2019,12,1,151.1125,-0.63
2019,12,2,148.965,-2.15
2019,12,3,147.4,-1.57
2019,12,4,145.4375,-1.97
2019,12,5,148.0025,2.56
2019,12,6,148.76,0.75
2019,12,7,147.35,-1.41
2019,12,8,150.67,3.32
2019,12,9,147.3675,-3.31
2019,12,10,145.6125,-1.76
2019,12,11,143.2125,-2.4
2019,12,12,144.7475,1.53
2019,12,13,144.62,-0.13
2019,12,14,141.72,-2.9
2019,12,15,142.1225,0.4
2019,12,16,132.4175,-9.71
2019,12,17,121.81,-10.61
2019,12,18,132.9175,11.1
2019,12,19,128.13,-4.79
2019,12,20,128.3475,0.21
2019,12,21,127.045,-1.31
2019,12,22,132.36,5.31
2019,12,23,128.0075,-4.36
2019,12,24,127.7125,-0.3
2019,12,25,124.945,-2.77
2019,12,26,125.4375,0.49
2019,12,27,126.23,0.79
2019,12,28,127.825,1.59
2019,12,29,134.2675,6.44
2019,12,30,131.0625,-3.21
2019,12,31,128.65,-2.42
2020,1,1,130.26,1.61
2020,1,2,126.78,-3.48
2020,1,3,134,7.22
2020,1,4,134.0675,0.06
2020,1,5,135.2275,1.16
2020,1,6,144.255,9.02
2020,1,7,143.1025,-1.16
2020,1,8,140.725,-2.38
2020,1,9,137.825,-2.9
2020,1,10,144.78,6.95
2020,1,11,142.6175,-2.17
2020,1,12,146.4875,3.87
2020,1,13,143.595,-2.9
2020,1,14,165.9275,22.33
2020,1,15,166.24,0.31
2020,1,16,164.0575,-2.19
2020,1,17,169.7575,5.7
2020,1,18,174.09,4.33
2020,1,19,166.815,-7.28
2020,1,20,166.72,-0.1
2020,1,21,169.2625,2.54
2020,1,22,167.7325,-1.53
2020,1,23,162.5075,-5.23
2020,1,24,162.325,-0.19
2020,1,25,160.225,-2.1
2020,1,26,167.475,7.25
2020,1,27,169.8425,2.36
2020,1,28,176.0875,6.24
2020,1,29,173.4825,-2.61
2020,1,30,184.4125,10.93
2020,1,31,179.7525,-4.66
2020,2,1,183.49,3.73
2020,2,2,188.265,4.77
2020,2,3,189.68,1.41
2020,2,4,188.235,-1.45
2020,2,5,203.8075,15.57
2020,2,6,213.0375,9.23
2020,2,7,223.1475,10.11
2020,2,8,223.4,0.25
2020,2,9,228.71,5.31
2020,2,10,223.0725,-5.64
2020,2,11,237.915,14.84
2020,2,12,266.595,28.68
2020,2,13,268.69,2.09
2020,2,14,286.1675,17.47
2020,2,15,264.8625,-21.31
2020,2,16,258.81,-6.06
2020,2,17,268.055,9.24
2020,2,18,282.915,14.86
2020,2,19,258.7875,-24.13
2020,2,20,257.645,-1.15
2020,2,21,265.6225,7.97
2020,2,22,262.3,-3.33
2020,2,23,275.6975,13.39
2020,2,24,265.765,-9.94
2020,2,25,246.5225,-19.25
2020,2,26,223.7425,-22.78
2020,2,27,227.375,3.63
2020,2,28,227.2875,-0.09
2020,2,29,217.5175,-9.77
2020,3,1,217.4875,-0.04
2020,3,2,232.06,14.57
2020,3,3,223.6275,-8.44
2020,3,4,224.5575,0.93
2020,3,5,228.58,4.02
2020,3,6,245.6625,17.08
2020,3,7,237.61,-8.06
2020,3,8,199.5975,-38.02
2020,3,9,202.95,3.35
2020,3,10,200.4575,-2.5
2020,3,11,194.6125,-5.85
2020,3,12,109.445,-85.17
2020,3,13,135.4525,26
2020,3,14,122.3125,-13.14
2020,3,15,123.3875,1.07
2020,3,16,111.225,-12.17
2020,3,17,116.2,4.97
2020,3,18,118.63,2.43
2020,3,19,136.7925,18.16
2020,3,20,133.415,-3.38
2020,3,21,132.635,-0.78
2020,3,22,122.475,-10.16
2020,3,23,136.69,14.21
2020,3,24,139.12,2.43
2020,3,25,136.345,-2.78
2020,3,26,138.49,2.14
2020,3,27,131.5925,-6.9
2020,3,28,131.3375,-0.26
2020,3,29,124.45,-6.89
2020,3,30,132.33,7.88
2020,3,31,133.185,0.85
2020,4,1,136,2.81
2020,4,2,141.57,5.57
2020,4,3,141.43,-0.14
2020,4,4,144.55,3.12
2020,4,5,142.935,-1.62
2020,4,6,171.57,28.63
2020,4,7,164.605,-6.97
2020,4,8,173.4625,8.85
2020,4,9,170.225,-3.24
2020,4,10,158.125,-12.1
2020,4,11,158.61,0.48
2020,4,12,158.635,0.02
2020,4,13,156.8825,-1.76
2020,4,14,158.615,1.73
2020,4,15,152.8225,-5.8
2020,4,16,172.605,19.78
2020,4,17,170.9025,-1.71
2020,4,18,187.8025,16.9
2020,4,19,180.295,-7.51
2020,4,20,170.565,-9.73
2020,4,21,171.03,0.46
2020,4,22,183.1225,12.09
2020,4,23,186.5275,3.4
2020,4,24,187.68,1.15
2020,4,25,194.355,6.67
2020,4,26,197.8325,3.47
2020,4,27,196.875,-0.96
2020,4,28,196.7725,-0.11
2020,4,29,215.59,18.81
2020,4,30,206.33,-9.26
2020,5,1,211.9975,5.66
2020,5,2,214.2575,2.26
2020,5,3,210.04,-4.22
2020,5,4,207.0175,-3.03
2020,5,5,205.565,-1.46
2020,5,6,199.19,-6.38
2020,5,7,212.4225,13.23
2020,5,8,211.6625,-0.77
2020,5,9,210.01,-1.66
2020,5,10,187.9475,-22.07
2020,5,11,186.0625,-1.89
2020,5,12,189.9475,3.88
2020,5,13,199.91,9.96
2020,5,14,203.2775,3.36
2020,5,15,194.6375,-8.64
2020,5,16,200.57,5.93
2020,5,17,206.9825,6.41
2020,5,18,214.8325,7.85
2020,5,19,214.7275,-0.11
2020,5,20,209.9475,-4.78
2020,5,21,198.5525,-11.4
2020,5,22,207.1975,8.64
2020,5,23,206.7075,-0.49
2020,5,24,199.7,-7.01
2020,5,25,204.08,4.38
2020,5,26,201.005,-3.08
2020,5,27,208.2525,7.24
2020,5,28,219.48625,11.23
2020,5,29,220.5575,1.07
2020,5,30,243.565,23
2020,5,31,231.7325,-11.84
2020,6,1,248.3475,16.61
2020,6,2,237.64,-10.71
2020,6,3,244.65,7.01
2020,6,4,243.31,-1.34
2020,6,5,240.04,-3.27
2020,6,6,242.0775,2.03
2020,6,7,244.8325,2.75
2020,6,8,246.6125,1.78
2020,6,9,244.1,-2.52
2020,6,10,248.04,3.94
2020,6,11,230.1,-17.94
2020,6,12,237.5575,7.45
2020,6,13,238.09,0.53
2020,6,14,232.0725,-6.02
2020,6,15,230.9825,-1.09
2020,6,16,235.315,4.33
2020,6,17,233.66,-1.66
2020,6,18,231.04,-2.62
2020,6,19,228.6575,-2.39
2020,6,20,228.81,0.15
2020,6,21,227.7675,-1.05
2020,6,22,243.2925,15.52
2020,6,23,243.115,-0.18
2020,6,24,234.5025,-8.62
2020,6,25,232.2875,-2.22
2020,6,26,229.3775,-2.91
2020,6,27,220.765,-8.62
2020,6,28,224.9075,4.14
2020,6,29,227.85,2.94
2020,6,30,225.585,-2.27
2020,7,1,231.115,5.53
2020,7,2,226.6725,-4.45
2020,7,3,225.0925,-1.58
2020,7,4,229.255,4.16
2020,7,5,227.8525,-1.41
2020,7,6,241.7625,13.91
2020,7,7,239.345,-2.42
2020,7,8,247.0875,7.74
2020,7,9,242.0425,-5.05
2020,7,10,241.205,-0.84
2020,7,11,239.18,-2.03
2020,7,12,242.8475,3.66
2020,7,13,239.4825,-3.37
2020,7,14,240.43,0.94
2020,7,15,238.46,-1.97
2020,7,16,234.01,-4.45
2020,7,17,232.7725,-1.24
2020,7,18,235.81,3.03
2020,7,19,239.18,3.37
2020,7,20,236.125,-3.06
2020,7,21,245.8275,9.7
2020,7,22,264.3275,18.5
2020,7,23,275.685,11.35
2020,7,24,279.435,3.75
2020,7,25,305.7175,26.28
2020,7,26,311.4475,5.73
2020,7,27,322.5475,11.1
2020,7,28,317.5175,-5.03
2020,7,29,318.245,0.72
2020,7,30,335.04,16.79
2020,7,31,346.7175,11.67
2020,8,1,387.465,40.74
2020,8,2,372.1125,-15.36
2020,8,3,386.1875,14.07
2020,8,4,389.835,3.64
2020,8,5,401.2875,11.45
2020,8,6,395.1525,-6.14
2020,8,7,379.78,-15.38
2020,8,8,397.5175,17.73
2020,8,9,390.46,-7.06
2020,8,10,395.9175,5.45
2020,8,11,378.7975,-17.12
2020,8,12,387.24,8.44
2020,8,13,424.745,37.5
2020,8,14,438.7925,14.04
2020,8,15,432.725,-6.07
2020,8,16,433.855,1.13
2020,8,17,431.1125,-2.75
2020,8,18,422.33,-8.79
2020,8,19,407.535,-14.8
2020,8,20,415.7075,8.17
2020,8,21,388.015,-27.7
2020,8,22,395.81,7.79
2020,8,23,390.75,-5.06
2020,8,24,408.0425,17.29
2020,8,25,383.3375,-24.71
2020,8,26,385.92,2.58
2020,8,27,382.5825,-3.34
2020,8,28,395.5,12.91
2020,8,29,398.6375,3.13
2020,8,30,429.0175,30.38
2020,8,31,433.9825,4.96
2020,9,1,475.735,41.75
2020,9,2,439.92,-35.82
2020,9,3,382.7125,-57.21
2020,9,4,386.4725,3.76
2020,9,5,335.275,-51.2
2020,9,6,352.6725,17.39
2020,9,7,353.4525,0.77
2020,9,8,337.2825,-16.17
2020,9,9,351.2625,13.98
2020,9,10,368.115,16.85
2020,9,11,374,5.88
2020,9,12,387.6875,13.68
2020,9,13,366.4625,-21.23
2020,9,14,377.2125,10.75
2020,9,15,364.1225,-13.09
2020,9,16,365.11,0.98
2020,9,17,389.5175,24.4
2020,9,18,384.5275,-4.99
2020,9,19,385.4175,0.89
2020,9,20,370.875,-14.55
2020,9,21,340.04,-30.84
2020,9,22,344.1625,4.12
2020,9,23,320.245,-23.92
2020,9,24,349.6975,29.45
2020,9,25,351.865,2.16
2020,9,26,354.08,2.21
2020,9,27,357.3875,3.3
2020,9,28,353.9425,-3.45
2020,9,29,359.7975,5.85
2020,9,30,359.7775,-0.03
2020,10,1,353.05,-6.73
2020,10,2,345.7,-7.35
2020,10,3,346.205,0.5
2020,10,4,352.5525,6.34
2020,10,5,353.6775,1.12
2020,10,6,340.7525,-12.93
2020,10,7,341.835,1.08
2020,10,8,351.255,9.42
2020,10,9,365.4775,14.22
2020,10,10,371.0275,5.55
2020,10,11,374.4325,3.4
2020,10,12,386.7425,12.31
2020,10,13,381.33,-5.42
2020,10,14,379.08,-2.25
2020,10,15,377.89,-1.19
2020,10,16,365.5375,-12.36
2020,10,17,368.53,2.99
2020,10,18,378.4125,9.88
2020,10,19,379.41,0.99
2020,10,20,368.7925,-10.62
2020,10,21,391.5525,22.76
2020,10,22,414.62,23.06
2020,10,23,409.7475,-4.88
2020,10,24,412.565,2.81
2020,10,25,406.3575,-6.21
2020,10,26,393.3325,-13.03
2020,10,27,404.315,10.98
2020,10,28,388.6875,-15.63
2020,10,29,387.5275,-1.17
2020,10,30,382.775,-4.76
2020,10,31,386.8875,4.11
2020,11,1,396.8375,9.95
2020,11,2,383.78,-13.06
2020,11,3,388.285,4.5
2020,11,4,402.9125,14.62
2020,11,5,417.0875,14.17
2020,11,6,456.46,39.37
2020,11,7,435.65,-20.81
2020,11,8,454.6525,19
2020,11,9,444.4825,-10.17
2020,11,10,450.9475,6.46
2020,11,11,464.08,13.13
2020,11,12,463.21,-0.87
2020,11,13,477.075,13.86
2020,11,14,461.21,-15.87
2020,11,15,448.6225,-12.59
2020,11,16,460.6125,11.99
2020,11,17,482.835,22.22
2020,11,18,479.0675,-3.77
2020,11,19,471.9625,-7.11
2020,11,20,510.465,38.5
2020,11,21,552.8675,42.4
2020,11,22,561.0675,8.2
2020,11,23,609.3925,48.32
2020,11,24,605.5225,-3.87
2020,11,25,569.3775,-36.15
2020,11,26,520.235,-49.15
2020,11,27,518.835,-1.4
2020,11,28,538.1125,19.27
2020,11,29,576.5475,38.43
2020,11,30,616.74,40.19
2020,12,1,586.28,-30.46
2020,12,2,597.835,11.55
2020,12,3,616.6825,18.84
2020,12,4,567.8525,-48.83
2020,12,5,597.255,29.4
2020,12,6,602.36,5.1
2020,12,7,591.41,-10.95
2020,12,8,554.79,-36.62
2020,12,9,573.3875,18.59
2020,12,10,558.58,-14.81
2020,12,11,544.19,-14.39
2020,12,12,568.25,24.06
2020,12,13,590.5625,22.31
2020,12,14,586.26,-4.31
2020,12,15,589.2125,2.95
2020,12,16,638.16,48.94
2020,12,17,643.52,5.36
2020,12,18,654.9025,11.38
2020,12,19,658.8425,3.93
2020,12,20,638.365,-20.48
2020,12,21,607.9075,-30.46
2020,12,22,637.1325,29.22
2020,12,23,585.395,-51.74
2020,12,24,612.37,26.97
2020,12,25,626.7975,14.42
2020,12,26,636.415,9.61
2020,12,27,683.6525,47.23
2020,12,28,729.5075,45.85
2020,12,29,731.6975,2.18
2020,12,30,752.595,20.89
2020,12,31,737.4375,-15.16
2021,1,1,731.06,-6.38
2021,1,2,775.205,44.14
2021,1,3,979.4725,204.26
2021,1,4,1042.6925,63.22
2021,1,5,1103.39,60.69
2021,1,6,1212.275,108.88
2021,1,7,1226.64,14.36
2021,1,8,1218.1675,-8.48
2021,1,9,1280.7275,62.56
2021,1,10,1255.285,-25.45
2021,1,11,1088.53,-166.76
2021,1,12,1049.43,-39.1
2021,1,13,1130.6825,81.25
2021,1,14,1231.6475,100.96
2021,1,15,1169.2125,-62.44
2021,1,16,1228.1675,58.95
2021,1,17,1233.205,5.03
2021,1,18,1258.3075,25.1
2021,1,19,1368.435,110.12
2021,1,20,1377.765,9.33
2021,1,21,1110.665,-267.1
2021,1,22,1234.475,123.81
2021,1,23,1234.3775,-0.1
2021,1,24,1393.0775,158.7
2021,1,25,1318.22,-74.86
2021,1,26,1367.9925,49.77
2021,1,27,1240.565,-127.43
2021,1,28,1332.6525,92.08
2021,1,29,1378.94,46.28
2021,1,30,1378.93,-0.01
2021,1,31,1313.8225,-65.11
2021,2,1,1374.9525,61.13
2021,2,2,1513.3875,138.43
2021,2,3,1667.82,154.43
2021,2,4,1598.1675,-69.66
2021,2,5,1721.2375,123.07
2021,2,6,1679.3775,-41.86
2021,2,7,1615.3725,-64.01
2021,2,8,1753.0925,137.72
2021,2,9,1771.9725,18.88
2021,2,10,1743.1075,-28.87
2021,2,11,1787.4525,44.34
2021,2,12,1845.6425,58.19
2021,2,13,1818.035,-27.61
2021,2,14,1803.2825,-14.76
2021,2,15,1779.465,-23.82
2021,2,16,1781.98,2.51
2021,2,17,1851.375,69.39
2021,2,18,1940.01,88.63
2021,2,19,1958,17.99
2021,2,20,1915.74,-42.26
2021,2,21,1935.5425,19.8
2021,2,22,1779.3225,-156.22
2021,2,23,1578.135,-201.19
2021,2,24,1625.5225,47.38
2021,2,25,1481.59,-143.94
2021,2,26,1445.1875,-36.41
2021,2,27,1460.1475,14.96
2021,2,28,1422.0975,-38.05
2021,3,1,1571.31,149.21
2021,3,2,1488.805,-82.51
2021,3,3,1567.735,78.93
2021,3,4,1538.4875,-29.25
2021,3,5,1528.625,-9.87
2021,3,6,1651.535,122.91
2021,3,7,1727.5,75.96
2021,3,8,1834.605,107.1
2021,3,9,1871.58,36.97
2021,3,10,1794.745,-76.84
2021,3,11,1826.69,31.94
2021,3,12,1767.275,-59.42
2021,3,13,1920.8225,153.54
2021,3,14,1848.0375,-72.79
2021,3,15,1793.605,-54.44
2021,3,16,1805.98,12.37
2021,3,17,1823.7675,17.78
2021,3,18,1776.2425,-47.53
2021,3,19,1810.105,33.86
2021,3,20,1805.4375,-4.67
2021,3,21,1784.465,-20.98
2021,3,22,1681.64,-102.83
2021,3,23,1668.9625,-12.68
2021,3,24,1582.0275,-86.94
2021,3,25,1586.7725,4.74
2021,3,26,1699.935,113.16
2021,3,27,1713.6125,13.67
2021,3,28,1686.6475,-26.97
2021,3,29,1816.5025,129.85
2021,3,30,1841.7625,25.26
2021,3,31,1918.9275,77.16
2021,4,1,1968.5025,49.57
2021,4,2,2134.3275,165.82
2021,4,3,2009.3875,-124.94
2021,4,4,2076.5325,67.14
2021,4,5,2107.4675,30.93
2021,4,6,2113.0375,5.56
2021,4,7,1963.3875,-149.65
2021,4,8,2081.32,117.93
2021,4,9,2066.4725,-14.85
2021,4,10,2134.07,67.59
2021,4,11,2149.6275,15.55
2021,4,12,2137.5425,-12.09
2021,4,13,2299.785,162.24
2021,4,14,2432.535,132.75
2021,4,15,2517.37,84.83
2021,4,16,2426.015,-91.36
2021,4,17,2318.1025,-107.92
2021,4,18,2241.1425,-76.96
2021,4,19,2163.305,-77.84
2021,4,20,2333.565,170.26
2021,4,21,2357.7,24.13
2021,4,22,2400.3025,42.6
2021,4,23,2369.7575,-30.55
2021,4,24,2217.7425,-152.02
2021,4,25,2322.155,104.41
2021,4,26,2534.735,212.58
2021,4,27,2668.6225,133.88
2021,4,28,2750.545,81.92
2021,4,29,2758.62,8.07
2021,4,30,2776.8775,18.25
2021,5,1,2948.19,171.31
2021,5,2,2952.0575,3.86
2021,5,3,3432.0525,479.99
2021,5,4,3240.82,-191.24
2021,5,5,3528.525,287.7
2021,5,6,3491.8975,-36.63
2021,5,7,3484.295,-7.61
2021,5,8,3916.1475,431.85
2021,5,9,3928.15,12
2021,5,10,3950.6925,22.54
2021,5,11,4179.245,228.55
2021,5,12,3830.6425,-348.61
2021,5,13,3719.4825,-111.16
2021,5,14,4080.66,361.17
2021,5,15,3647.79,-432.87
2021,5,16,3584.8075,-62.99
2021,5,17,3283.1025,-301.71
2021,5,18,3378.7425,95.64
2021,5,19,2444.76,-933.99
2021,5,20,2774.64,329.88
2021,5,21,2434.75,-339.89
2021,5,22,2297.015,-137.74
2021,5,23,2098.76,-198.26
2021,5,24,2650.375,551.61
2021,5,25,2707.24,56.86
2021,5,26,2888.965,181.72
2021,5,27,2742.48,-146.49
2021,5,28,2412.3675,-330.12
2021,5,29,2279.6425,-132.73
2021,5,30,2388.385,108.74
2021,5,31,2707.225,318.84
2021,6,1,2634.3025,-72.93
2021,6,2,2706.8025,72.5
2021,6,3,2855.97,149.16
2021,6,4,2691.6475,-164.33
2021,6,5,2629.34,-62.31
2021,6,6,2711.495,82.15
2021,6,7,2593.38,-118.12
2021,6,8,2509.0625,-84.32
2021,6,9,2611.005,101.94
2021,6,10,2471.115,-139.89
2021,6,11,2355.135,-115.98
2021,6,12,2369.26,14.12
2021,6,13,2509.8775,140.61
2021,6,14,2582.4925,72.61
2021,6,15,2543.9175,-38.58
2021,6,16,2367.6125,-176.31
2021,6,17,2372.7425,5.12
2021,6,18,2232.38,-140.37
2021,6,19,2165.97,-66.41
2021,6,20,2243.0425,77.07
2021,6,21,1886.53,-356.52
2021,6,22,1880.795,-5.74
2021,6,23,1968.355,87.56
2021,6,24,1986.4925,18.13
2021,6,25,1810.205,-176.29
2021,6,26,1829.8125,19.6
2021,6,27,1983.7225,153.91
2021,6,28,2084.0075,100.28
2021,6,29,2164.815,80.8
2021,6,30,2276.9675,112.15
2021,7,1,2108.355,-168.62
2021,7,2,2155.72,47.36
2021,7,3,2227.3325,71.61
2021,7,4,2323.875,96.54
2021,7,5,2198.0375,-125.84
2021,7,6,2322.5525,124.51
2021,7,7,2315.3975,-7.16
2021,7,8,2116.275,-199.13
2021,7,9,2146.8125,30.53
2021,7,10,2110.3525,-36.46
2021,7,11,2139.63,29.27
2021,7,12,2032.5575,-107.08
2021,7,13,1940.3525,-92.21
2021,7,14,1994.215,53.86
2021,7,15,1917.2275,-76.99
2021,7,16,1876.4275,-40.8
2021,7,17,1899.1275,22.7
2021,7,18,1891.3875,-7.74
2021,7,19,1817.8475,-73.54
2021,7,20,1785.9025,-31.95
2021,7,21,1995.5425,209.64
2021,7,22,2022.6325,27.09
2021,7,23,2125.2375,102.6
2021,7,24,2186.2975,61.06
2021,7,25,2193.1475,6.84
2021,7,26,2228.67,35.52
2021,7,27,2302.025,73.35
2021,7,28,2300.1775,-1.85
2021,7,29,2383.1275,82.95
2021,7,30,2464.19,81.06
2021,7,31,2530.7125,66.52
2021,8,1,2556.4525,25.74
2021,8,2,2608.625,52.17
2021,8,3,2507.94,-100.69
2021,8,4,2724.665,216.72
2021,8,5,2829.6475,104.98
2021,8,6,2892.675,63.02
2021,8,7,3162.7925,270.11
2021,8,8,3014.215,-148.58
2021,8,9,3164.89,150.67
2021,8,10,3141.79,-23.1
2021,8,11,3163.34,21.55
2021,8,12,3047.1025,-116.24
2021,8,13,3324.2675,277.16
2021,8,14,3266.9225,-57.35
2021,8,15,3311.965,45.04
2021,8,16,3147.2025,-164.77
2021,8,17,3011.9925,-135.21
2021,8,18,3013.88,1.88
2021,8,19,3184.765,170.88
2021,8,20,3286.4825,101.71
2021,8,21,3226.3,-60.19
2021,8,22,3241.1775,14.87
2021,8,23,3321.8925,80.71
2021,8,24,3173.3875,-148.51
2021,8,25,3229.435,56.04
2021,8,26,3093.2225,-136.22
2021,8,27,3275.475,182.25
2021,8,28,3246.7675,-28.71
2021,8,29,3225.455,-21.32
2021,8,30,3227.8825,2.42
2021,8,31,3431.58,203.69
2021,9,1,3831.1625,399.58
2021,9,2,3789.13,-42.04
2021,9,3,3939.0325,149.9
2021,9,4,3887.32,-51.72
2021,9,5,3952.5725,65.25
2021,9,6,3928.6275,-23.95
2021,9,7,3433.1,-495.53
2021,9,8,3498.985,65.88
2021,9,9,3423.9275,-75.06
2021,9,10,3209.2275,-214.7
2021,9,11,3266.35,57.12
2021,9,12,3405.7125,139.36
2021,9,13,3284.7775,-120.94
2021,9,14,3434.89,150.11
2021,9,15,3615.31,180.42
2021,9,16,3569.66,-45.65
2021,9,17,3399.0575,-170.61
2021,9,18,3436.14,37.08
2021,9,19,3328.9,-107.24
2021,9,20,2977.31,-351.59
2021,9,21,2765.4475,-211.87
2021,9,22,3078.87,313.42
2021,9,23,3154.68,75.81
2021,9,24,2930.44,-224.24
2021,9,25,2925.9525,-4.49
2021,9,26,3062.4,136.44
2021,9,27,2925.9475,-136.46
2021,9,28,2807.145,-118.81
2021,9,29,2850.6825,43.53
2021,9,30,3000.43,149.74
2021,10,1,3310.765,310.33
2021,10,2,3390.225,79.46
2021,10,3,3418.455,28.23
2021,10,4,3385.7575,-32.7
2021,10,5,3516.21,130.45
2021,10,6,3576.15,59.94
2021,10,7,3588.175,12.02
2021,10,8,3562.8375,-25.34
2021,10,9,3574.8175,11.98
2021,10,10,3417.135,-157.69
2021,10,11,3543.58,126.44
2021,10,12,3490.24,-53.34
2021,10,13,3608.075,117.83
2021,10,14,3791.0425,182.96
2021,10,15,3868.6725,77.63
2021,10,16,3828.36,-40.32
2021,10,17,3846.5325,18.17
2021,10,18,3746.0275,-100.51
2021,10,19,3877.685,131.65
2021,10,20,4162.4425,284.75
2021,10,21,4055.06,-107.39
2021,10,22,3971.1525,-83.91
2021,10,23,4170.0875,198.93
2021,10,24,4083.265,-86.83
2021,10,25,4220.2425,136.97
2021,10,26,4130.6925,-89.55
2021,10,27,3923.6375,-207.06
2021,10,28,4289.08,365.44
2021,10,29,4418.385,129.3
2021,10,30,4322.6175,-95.77
2021,10,31,4289.93,-32.69
2021,11,1,4323.77,33.84
2021,11,2,4593.4625,269.69
2021,11,3,4606.2275,12.76
2021,11,4,4537.7525,-68.48
2021,11,5,4493.0025,-44.75
2021,11,6,4522.2625,29.26
2021,11,7,4595.38,73.11
2021,11,8,4811.71,216.33
2021,11,9,4681.59,-130.12
2021,11,10,4633.575,-48.02
2021,11,11,4722.6425,89.06
2021,11,12,4670.1525,-52.49
2021,11,13,4617.635,-52.52
2021,11,14,4628.4,10.76
2021,11,15,4564.0825,-64.32
2021,11,16,4210.74,-353.35
2021,11,17,4291.64,80.9
2021,11,18,3992.145,-299.5
2021,11,19,4299.7875,307.64
2021,11,20,4415.38,115.59
2021,11,21,4264.35,-151.03
2021,11,22,4091.42,-172.93
2021,11,23,4341.85,250.43
2021,11,24,4271.43,-70.42
2021,11,25,4526.07,254.64
2021,11,26,4044.74,-481.33
2021,11,27,4100.02,55.28
2021,11,28,4299.5,199.48
2021,11,29,4447.69,148.19
2021,11,30,4631.96,184.27
2021,12,1,4587.83,-44.13
2021,12,2,4514.87,-72.96
2021,12,3,4220.52,-294.35
2021,12,4,4124.83,-95.69
2021,12,5,4200.93,76.1
2021,12,6,4355.3,154.37
2021,12,7,4310.12,-45.18
2021,12,8,4440.76,130.64
2021,12,9,4106.2,-334.56
2021,12,10,3901.22,-204.98
2021,12,11,4089.49,188.27
2021,12,12,4134.57,45.08
2021,12,13,3784.61,-349.96
2021,12,14,3861.98,77.37
2021,12,15,4020.79,158.81
2021,12,16,3956.77,-64.02
2021,12,17,3877.8,-78.97
2021,12,18,3961.91,84.11
2021,12,19,3924.54,-37.37
2021,12,20,3944.15,19.61
2021,12,21,4018.28,74.13
2021,12,22,3981.18,-37.1
2021,12,23,4112.82,131.64
2021,12,24,4049.12,-63.7
2021,12,25,4097.34,48.22
2021,12,26,4064,-33.34
2021,12,27,4038.04,-25.96
2021,12,28,3792.68,-245.36
2021,12,29,3628.97,-163.71
2021,12,30,3710.11,81.14
2021,12,31,3676.83,-33.28
2022,1,1,3767.54,90.71
2022,1,2,3830.84,63.3
2022,1,3,3765.49,-65.35
2022,1,4,3785.76,20.27
2022,1,5,3538.64,-247.12
2022,1,6,3406.91,-131.73
2022,1,7,3197.03,-209.88
2022,1,8,3080.54,-116.49
2022,1,9,3151.52,70.98
2022,1,10,3084.39,-67.13
2022,1,11,3240.99,156.6
2022,1,12,3373.42,132.43
2022,1,13,3241.3,-132.12
2022,1,14,3309.83,68.53
2022,1,15,3329.28,19.45
2022,1,16,3347.78,18.5
2022,1,17,3244.02,-103.76
2022,1,18,3206.56,-37.46
2022,1,19,3148.64,-57.92
2022,1,20,3086.41,-62.23
2022,1,21,2762.21,-324.2
2022,1,22,2644.43,-117.78
2022,1,23,2742.13,97.7
2022,1,24,2667.49,-74.64
2022,1,25,2680.17,12.68
2022,1,26,2683.4,3.23
2022,1,27,2425.83,-257.57
2022,1,28,2547.28,121.45
2022,1,29,2603.03,55.75
2022,1,30,2603.28,0.25
2022,1,31,2689.01,85.73
2022,2,1,2790.26,101.25
2022,2,2,2682.6,-107.66
2022,2,3,2697.83,15.23
2022,2,4,2997.45,299.62
2022,2,5,3015.63,18.18
2022,2,6,3057.85,42.22
2022,2,7,3141.94,84.09
2022,2,8,3119.72,-22.23
2022,2,9,3246.67,126.95
2022,2,10,3074.51,-172.16
2022,2,11,2928.76,-145.75
2022,2,12,2917.85,-10.92
2022,2,13,2872.11,-45.74
2022,2,14,2932.68,60.57
2022,2,15,3186.27,253.59
2022,2,16,3123.74,-62.53
2022,2,17,2896.1,-227.64
2022,2,18,2781.1,-115
2022,2,19,2764.4,-16.7
2022,2,20,2622.27,-142.13
2022,2,21,2569.5,-52.77
2022,2,22,2638.45,68.95
2022,2,23,2580.57,-57.88
2022,2,24,2598.31,17.73
2022,2,25,2768.49,170.18
2022,2,26,2779.72,11.23
2022,2,27,2616.66,-163.06
2022,2,28,2923.94,307.28
2022,3,1,2976.98,53.04
2022,3,2,2949.43,-27.55
2022,3,3,2834.43,-115
2022,3,4,2622.87,-211.56
2022,3,5,2666.21,43.34
2022,3,6,2550.4,-115.81
2022,3,7,2493.13,-57.27
2022,3,8,2577.83,84.7
2022,3,9,2727.97,150.14
2022,3,10,2608.29,-119.68
2022,3,11,2556.9,-51.39
2022,3,12,2567.86,10.96
2022,3,13,2516.05,-51.81
2022,3,14,2590.66,74.61
2022,3,15,2620.88,30.22
2022,3,16,2775.34,154.46
2022,3,17,2814.75,39.41
2022,3,18,2940.45,125.7
2022,3,19,2951.82,11.37
2022,3,20,2861.28,-90.54
2022,3,21,2892.93,31.64
2022,3,22,2970.67,77.74
2022,3,23,3037.97,67.3
2022,3,24,3112.51,74.54
2022,3,25,3104.78,-7.73
2022,3,26,3146.89,42.11
2022,3,27,3297.18,150.29
2022,3,28,3333.89,36.71
2022,3,29,3402.82,68.93
2022,3,30,3386.82,-16
2022,3,31,3282.73,-104.09
2022,4,1,3456.54,173.81
2022,4,2,3444.74,-11.81
2022,4,3,3521.59,76.85
2022,4,4,3520.81,-0.79
2022,4,5,3407.32,-113.49
2022,4,6,3168.71,-238.61
2022,4,7,3228.81,60.1
2022,4,8,3193.43,-35.38
2022,4,9,3260.32,66.89
2022,4,10,3202.06,-58.26
2022,4,11,2979.52,-222.54
2022,4,12,3029.16,49.64
2022,4,13,3118.37,89.21
2022,4,14,3021.88,-96.49
2022,4,15,3041.04,19.16
2022,4,16,3059.99,18.95
2022,4,17,2988.37,-71.62
2022,4,18,3056.39,68.02
2022,4,19,3102.43,46.04
2022,4,20,3077.76,-24.67
2022,4,21,2984.28,-93.48
2022,4,22,2963.11,-21.17
2022,4,23,2933.26,-29.85
2022,4,24,2922.4,-10.87
2022,4,25,3006.68,84.28
2022,4,26,2810.37,-196.31
2022,4,27,2890.02,79.65
2022,4,28,2937.19,47.17
2022,4,29,2816.92,-120.27
2022,4,30,2727.39,-89.53
2022,5,1,2826.07,98.68
2022,5,2,2856.07,30
2022,5,3,2780.39,-75.68
2022,5,4,2940.22,159.83
2022,5,5,2747.27,-192.95
2022,5,6,2692.05,-55.22
2022,5,7,2635.41,-56.64
2022,5,8,2519.89,-115.52
2022,5,9,2229.97,-289.92
2022,5,10,2341.35,111.38
2022,5,11,2074.41,-266.94
2022,5,12,1952.5,-121.91
2022,5,13,2006.27,53.77
2022,5,14,2041.27,35
2022,5,15,2142.85,101.58
2022,5,16,2018.84,-124.01
2022,5,17,2089.06,70.22
2022,5,18,1911.43,-177.63
2022,5,19,2017.45,106.02
2022,5,20,1957.07,-60.38
2022,5,21,1972.88,15.81
2022,5,22,2041.11,68.23
2022,5,23,1970.79,-70.32
2022,5,24,1976.87,6.07
2022,5,25,1940.98,-35.89
2022,5,26,1790.71,-150.27
2022,5,27,1723.56,-67.15
2022,5,28,1790.6,67.04
2022,5,29,1811.16,20.56
2022,5,30,1997.64,186.48
2022,5,31,1940.39,-57.25
2022,6,1,1816.29,-124.1
2022,6,2,1832.65,16.36
2022,6,3,1773.49,-59.16
2022,6,4,1803.39,29.9
2022,6,5,1805.08,1.68
2022,6,6,1858.86,53.78
2022,6,7,1812.32,-46.54
2022,6,8,1790.96,-21.36
2022,6,9,1787.42,-3.54
2022,6,10,1660.72,-126.7
2022,6,11,1530.57,-130.15
2022,6,12,1433.28,-97.29
2022,6,13,1209.17,-224.11
2022,6,14,1206.47,-2.71
2022,6,15,1236.72,30.25
2022,6,16,1064.98,-171.74
2022,6,17,1085.2,20.22
2022,6,18,994.81,-90.39
2022,6,19,1125.28,130.47
2022,6,20,1127.32,2.03
2022,6,21,1124.7,-2.62
2022,6,22,1048.41,-76.29
2022,6,23,1143.75,95.34
2022,6,24,1224.27,80.52
2022,6,25,1241.46,17.19
2022,6,26,1197.58,-43.88
2022,6,27,1190.65,-6.93
2022,6,28,1142.56,-48.09
2022,6,29,1098.73,-43.83
2022,6,30,1070.96,-27.77
2022,7,1,1057.95,-13.01
2022,7,2,1065.74,7.79
2022,7,3,1073.14,7.4
2022,7,4,1149.45,76.31
2022,7,5,1131.91,-17.54
2022,7,6,1185.58,53.67
2022,7,7,1237.34,51.76
2022,7,8,1213.66,-23.68
2022,7,9,1216.54,2.87
2022,7,10,1167.16,-49.38
2022,7,11,1095.66,-71.5
2022,7,12,1036.76,-58.9
2022,7,13,1114.91,78.15
2022,7,14,1192.36,77.45
2022,7,15,1231.11,38.75
2022,7,16,1356.47,125.36
2022,7,17,1337.87,-18.6
2022,7,18,1581.61,243.74
2022,7,19,1542.59,-39.02
2022,7,20,1521.85,-20.74
2022,7,21,1575.59,53.74
2022,7,22,1535.54,-40.05
2022,7,23,1549.36,13.82
2022,7,24,1597.67,48.31
2022,7,25,1439.77,-157.9
2022,7,26,1449.68,9.91
2022,7,27,1637.08,187.4
2022,7,28,1725.38,88.3
2022,7,29,1721.98,-3.41
2022,7,30,1697.29,-24.69
2022,7,31,1679.91,-17.38
2022,8,1,1631.34,-48.57
2022,8,2,1631.59,0.25
2022,8,3,1619.01,-12.58
2022,8,4,1607.59,-11.42
2022,8,5,1736.86,129.27
2022,8,6,1690.48,-46.38
2022,8,7,1700.73,10.25
2022,8,8,1778.52,77.79
2022,8,9,1703.32,-75.2
2022,8,10,1854.4,151.08
2022,8,11,1881.69,27.29
2022,8,12,1960.08,78.39
2022,8,13,1984.21,24.13
2022,8,14,1936.18,-48.03
2022,8,15,1899.9,-36.28
2022,8,16,1877.49,-22.41
2022,8,17,1834.32,-43.17
2022,8,18,1846.47,12.15
2022,8,19,1609.18,-237.29
2022,8,20,1576,-33.18
2022,8,21,1618.32,42.32
2022,8,22,1625.03,6.71
2022,8,23,1664.83,39.8
2022,8,24,1656.75,-8.08
2022,8,25,1696.01,39.26
2022,8,26,1508.53,-187.48
2022,8,27,1491.17,-17.36
2022,8,28,1425.82,-65.35
2022,8,29,1552.53,126.71
2022,8,30,1523.95,-28.58
2022,8,31,1554.63,30.68
2022,9,1,1585.93,31.3
2022,9,2,1576.1,-9.84
2022,9,3,1557.92,-18.18
2022,9,4,1579.46,21.54
2022,9,5,1617.46,38
2022,9,6,1557.95,-59.51
2022,9,7,1630.15,72.2
2022,9,8,1635.52,5.36
2022,9,9,1719.74,84.22
2022,9,10,1775.1,55.36
2022,9,11,1766.83,-8.27
2022,9,12,1716.86,-49.97
2022,9,13,1574.55,-142.31
2022,9,14,1638.97,64.42
2022,9,15,1472.46,-166.51
2022,9,16,1433.87,-38.59
2022,9,17,1469.37,35.5
2022,9,18,1335.02,-134.35
2022,9,19,1376.08,41.06
2022,9,20,1323.24,-52.84
2022,9,21,1246.39,-76.85
2022,9,22,1326.21,79.82
2022,9,23,1327.69,1.48
2022,9,24,1317.17,-10.52
2022,9,25,1294.03,-23.14
2022,9,26,1336.66,42.63
2022,9,27,1327.96,-8.7
2022,9,28,1337.05,9.09
2022,9,29,1336.06,-0.99
2022,9,30,1328.42,-7.64
2022,10,1,1311.74,-16.68
2022,10,2,1276.31,-35.43
2022,10,3,1323.57,47.26
2022,10,4,1362.08,38.51
2022,10,5,1352.6,-9.48
2022,10,6,1352.49,-0.11
2022,10,7,1331.56,-20.93
2022,10,8,1315.47,-16.09
2022,10,9,1323.31,7.83
2022,10,10,1290.35,-32.96
2022,10,11,1279.83,-10.52
2022,10,12,1294.4,14.57
2022,10,13,1287.32,-7.09
2022,10,14,1296.78,9.46
2022,10,15,1274.77,-22.01
2022,10,16,1306.06,31.29
2022,10,17,1331.53,25.47
2022,10,18,1310.34,-21.19
2022,10,19,1284.94,-25.4
2022,10,20,1282.79,-2.16
2022,10,21,1299.76,16.97
2022,10,22,1313.89,14.13
2022,10,23,1363.83,49.94
2022,10,24,1344.4,-19.43
2022,10,25,1460.15,115.75
2022,10,26,1566.46,106.31
2022,10,27,1513.95,-52.51
2022,10,28,1554.86,40.91
2022,10,29,1620.24,65.38
2022,10,30,1590.53,-29.71
2022,10,31,1573.2,-17.33
2022,11,1,1578.79,5.58
2022,11,2,1518.67,-60.12
2022,11,3,1530.91,12.24
2022,11,4,1644.84,113.93
2022,11,5,1627.29,-17.55
2022,11,6,1568.52,-58.77
2022,11,7,1567.4,-1.12
2022,11,8,1333.5,-233.9
2022,11,9,1099.58,-233.92
2022,11,10,1295.03,195.45
2022,11,11,1284.98,-10.05
2022,11,12,1254.53,-30.45
2022,11,13,1219.84,-34.69
2022,11,14,1241.39,21.55
2022,11,15,1251.72,10.33
2022,11,16,1215.04,-36.68
2022,11,17,1199.29,-15.75
2022,11,18,1211.08,11.79
2022,11,19,1216.53,5.45
2022,11,20,1140.84,-75.69
2022,11,21,1105.54,-35.3
2022,11,22,1137.99,32.45
2022,11,23,1183.53,45.54
2022,11,24,1202.86,19.33
2022,11,25,1197.98,-4.88
2022,11,26,1204.59,6.6
2022,11,27,1192.78,-11.81
2022,11,28,1167.28,-25.5
2022,11,29,1215.57,48.29
2022,11,30,1294.75,79.18
2022,12,1,1276.11,-18.64
2022,12,2,1295.34,19.23
2022,12,3,1240.97,-54.37
2022,12,4,1279.91,38.94
2022,12,5,1259.18,-20.73
2022,12,6,1271.3,12.12
2022,12,7,1231.33,-39.97
2022,12,8,1280.42,49.09
2022,12,9,1263.03,-17.39
2022,12,10,1266.26,3.23
2022,12,11,1263.22,-3.04
2022,12,12,1275.29,12.07
2022,12,13,1320.65,45.36
2022,12,14,1307.21,-13.44
2022,12,15,1266.49,-40.72
2022,12,16,1167.05,-99.44
2022,12,17,1187.46,20.41
2022,12,18,1183.01,-4.46
2022,12,19,1167.57,-15.44
2022,12,20,1217.36,49.79
2022,12,21,1213.67,-3.69
2022,12,22,1217.55,3.87
2022,12,23,1220.06,2.51
2022,12,24,1220.35,0.28
2022,12,25,1218.48,-1.87
2022,12,26,1227.78,9.3
2022,12,27,1211.14,-16.64
2022,12,28,1189.32,-21.82
2022,12,29,1200.3,10.98
2022,12,30,1199.11,-1.2
2022,12,31,1194.64,-4.47
2023,1,1,1199.87,5.22
2023,1,2,1213.91,14.04
2023,1,3,1214.09,0.17
2023,1,4,1256.33,42.24
2023,1,5,1250.55,-5.78
2023,1,6,1269.07,18.52
2023,1,7,1263.75,-5.32
2023,1,8,1289.12,25.37
2023,1,9,1320.22,31.1
2023,1,10,1335.34,15.12
2023,1,11,1389.3,53.96
2023,1,12,1415.96,26.66
2023,1,13,1451.15,35.19
2023,1,14,1550.34,99.19
2023,1,15,1552.93,2.59
2023,1,16,1576.54,23.61
2023,1,17,1565.32,-11.22
2023,1,18,1511.7,-53.62
2023,1,19,1551.81,40.11
2023,1,20,1658.81,107
2023,1,21,1626.4,-32.41
2023,1,22,1627.76,1.35
2023,1,23,1626.41,-1.35
2023,1,24,1556.27,-70.14
2023,1,25,1611.26,54.99
2023,1,26,1601.45,-9.81
2023,1,27,1598.16,-3.29
2023,1,28,1572.87,-25.29
2023,1,29,1645.51,72.64
2023,1,30,1566.8,-78.71
2023,1,31,1585.61,18.81
2023,2,1,1641.91,56.3
2023,2,2,1642.93,1.01
2023,2,3,1663.9,20.97
2023,2,4,1666.57,2.66
2023,2,5,1629.63,-36.94
2023,2,6,1614.32,-15.32
2023,2,7,1672.2,57.88
2023,2,8,1650.43,-21.77
2023,2,9,1545.53,-104.9
2023,2,10,1514,-31.53
2023,2,11,1539.02,25.02
2023,2,12,1515.69,-23.33
2023,2,13,1506.45,-9.24
2023,2,14,1556.52,50.07
2023,2,15,1675.49,118.97
2023,2,16,1637.88,-37.61
2023,2,17,1694.21,56.33
2023,2,18,1692.1,-2.12
2023,2,19,1681.75,-10.35
2023,2,20,1703.36,21.61
2023,2,21,1659.6,-43.76
2023,2,22,1643.07,-16.53
2023,2,23,1650.51,7.44
2023,2,24,1607.95,-42.56
2023,2,25,1594.83,-13.12
2023,2,26,1641.63,46.8
2023,2,27,1633.62,-8.02
2023,2,28,1604.63,-28.99
2023,3,1,1665.48,60.85
2023,3,2,1647.9,-17.58
2023,3,3,1569.62,-78.28
2023,3,4,1566.72,-2.9
2023,3,5,1564.69,-2.03
2023,3,6,1567.01,2.31
2023,3,7,1561.66,-5.35
2023,3,8,1532.39,-29.27
2023,3,9,1437.52,-94.87
2023,3,10,1430.64,-6.88
2023,3,11,1492.45,61.81
2023,3,12,1593.98,101.53
2023,3,13,1680.61,86.63
2023,3,14,1704.97,24.36
2023,3,15,1656.36,-48.61
2023,3,16,1677.05,20.69
2023,3,17,1793.66,116.61
2023,3,18,1763.57,-30.09
2023,3,19,1785.92,22.35
2023,3,20,1737.75,-48.17
2023,3,21,1807.14,69.39
2023,3,22,1738.75,-68.39
2023,3,23,1817.03,78.28
2023,3,24,1751.93,-65.1
2023,3,25,1744.1,-7.84
2023,3,26,1775.83,31.73
2023,3,27,1715.99,-59.84
2023,3,28,1773.52,57.53
2023,3,29,1793.29,19.77
2023,3,30,1791.19,-2.1
2023,3,31,1821.98,30.79
2023,4,1,1821.47,-0.51
2023,4,2,1795.28,-26.19
2023,4,3,1810.56,15.28
2023,4,4,1871.34,60.78
2023,4,5,1909.36,38.02
2023,4,6,1872.96,-36.4
2023,4,7,1864.92,-8.04
2023,4,8,1850.13,-14.79
2023,4,9,1859.8,9.66
2023,4,10,1911.22,51.42
2023,4,11,1891.9,-19.32
2023,4,12,1918.68,26.78
2023,4,13,2014.29,95.61
2023,4,14,2101.86,87.57
2023,4,15,2092.45,-9.42
2023,4,16,2120.25,27.8
2023,4,17,2075.83,-44.42
2023,4,18,2104.64,28.81
2023,4,19,1934.81,-169.83
2023,4,20,1943.23,8.42
2023,4,21,1848.61,-94.62
2023,4,22,1874.27,25.66
2023,4,23,1862,-12.27
2023,4,24,1841.82,-20.18
2023,4,25,1866.08,24.26
2023,4,26,1866.46,0.38
2023,4,27,1909.07,42.61
2023,4,28,1892.51,-16.56
2023,4,29,1908.81,16.3
2023,4,30,1869.45,-39.36
2023,5,1,1831.22,-38.23
2023,5,2,1870.84,39.62
2023,5,3,1905.31,34.47
2023,5,4,1877.87,-27.44
2023,5,5,1996.03,118.16
2023,5,6,1900.26,-95.77
2023,5,7,1873.19,-27.07
2023,5,8,1849.06,-24.13
2023,5,9,1847.86,-1.21
2023,5,10,1842.39,-5.47
2023,5,11,1795.45,-46.94
2023,5,12,1808.37,12.91
2023,5,13,1796.14,-12.23
2023,5,14,1800.03,3.88
2023,5,15,1816.61,16.58
2023,5,16,1824.32,7.71
2023,5,17,1822.21,-2.11
2023,5,18,1800.81,-21.4
2023,5,19,1812.8,11.99
2023,5,20,1820.05,7.25
2023,5,21,1804.98,-15.07
2023,5,22,1817.64,12.66
2023,5,23,1854.39,36.75
2023,5,24,1799.83,-54.56
2023,5,25,1805.89,6.06
2023,5,26,1828.53,22.64
2023,5,27,1830.93,2.4
2023,5,28,1909.02,78.09
2023,5,29,1893.2,-15.82
2023,5,30,1901.07,7.86
2023,5,31,1873.88,-27.19
2023,6,1,1862.1,-11.79
2023,6,2,1907.29,45.19
2023,6,3,1892.44,-14.85
2023,6,4,1890.27,-2.18
2023,6,5,1810.85,-79.42
2023,6,6,1884.48,73.63
2023,6,7,1832.54,-51.94
2023,6,8,1846.06,13.52
2023,6,9,1840.42,-5.64
2023,6,10,1752.4,-88.02
2023,6,11,1753.14,0.74
2023,6,12,1742.52,-10.63
2023,6,13,1739.32,-3.21
2023,6,14,1650.74,-88.58
2023,6,15,1665.27,14.53
2023,6,16,1716.82,51.55
2023,6,17,1727.16,10.34
2023,6,18,1720.41,-6.75
2023,6,19,1736.83,16.42
2023,6,20,1792.51,55.68
2023,6,21,1889.36,96.85
2023,6,22,1872.25,-17.11
2023,6,23,1893.33,21.08
2023,6,24,1875.9,-17.43
2023,6,25,1899.41,23.51
2023,6,26,1859.15,-40.26
2023,6,27,1889.87,30.72
2023,6,28,1827.64,-62.23
2023,6,29,1852.01,24.37
2023,6,30,1933.35,81.34
2023,7,1,1924.38,-8.97
2023,7,2,1937.36,12.97
2023,7,3,1955.75,18.39
2023,7,4,1936.14,-19.61
2023,7,5,1910.52,-25.62
2023,7,6,1846.74,-63.78
2023,7,7,1870.42,23.68
2023,7,8,1865.52,-4.91
2023,7,9,1863.26,-2.26
2023,7,10,1880.59,17.33
2023,7,11,1878.58,-2.01
2023,7,12,1871.77,-6.81
2023,7,13,2005.22,133.45
2023,7,14,1939.27,-65.95
2023,7,15,1931.68,-7.59
2023,7,16,1923.07,-8.62
2023,7,17,1911.66,-11.41
2023,7,18,1897.65,-14.01
2023,7,19,1888.75,-8.91
2023,7,20,1891.53,2.78
2023,7,21,1891.95,0.42
2023,7,22,1866.16,-25.79
2023,7,23,1888.78,22.62
2023,7,24,1849.77,-39.01
2023,7,25,1857.58,7.81
2023,7,26,1871.97,14.39
2023,7,27,1860.75,-11.22
2023,7,28,1874.52,13.77
2023,7,29,1880.89,6.37
2023,7,30,1861.66,-19.23
2023,7,31,1856.04,-5.63
2023,8,1,1872.93,16.89
2023,8,2,1839.04,-33.89
2023,8,3,1834.42,-4.62
2023,8,4,1827.38,-7.04
2023,8,5,1834.74,7.35
2023,8,6,1827.4,-7.34
2023,8,7,1826.98,-0.43
2023,8,8,1855.71,28.73
2023,8,9,1854.12,-1.6
2023,8,10,1850.51,-3.61
2023,8,11,1847.07,-3.45
2023,8,12,1849.14,2.07
2023,8,13,1839.25,-9.9
2023,8,14,1843.95,4.7
2023,8,15,1827.12,-16.83
2023,8,16,1805.56,-21.56
2023,8,17,1682.4,-123.16
2023,8,18,1661.12,-21.28
2023,8,19,1669.6,8.48
2023,8,20,1685.38,15.78
2023,8,21,1667.22,-18.16
2023,8,22,1633.86,-33.36
2023,8,23,1679.27,45.41
2023,8,24,1660.54,-18.73
2023,8,25,1652.91,-7.63
2023,8,26,1646.29,-6.63
2023,8,27,1657.67,11.38
2023,8,28,1652.18,-5.49
2023,8,29,1729.37,77.19
2023,8,30,1705.3,-24.07
2023,8,31,1645.66,-59.64
2023,9,1,1628.49,-17.17
2023,9,2,1636.94,8.45
2023,9,3,1635.76,-1.19
2023,9,4,1629.54,-6.22
2023,9,5,1633.77,4.23
2023,9,6,1632.19,-1.58
2023,9,7,1647.63,15.44
2023,9,8,1636.05,-11.59
2023,9,9,1635.28,-0.77
2023,9,10,1616.76,-18.52
2023,9,11,1551.52,-65.24
2023,9,12,1593.14,41.62
2023,9,13,1608.05,14.91
2023,9,14,1626.92,18.87
2023,9,15,1641.41,14.49
2023,9,16,1635.03,-6.39
2023,9,17,1623.11,-11.92
2023,9,18,1637.29,14.18
2023,9,19,1643.47,6.18
2023,9,20,1622.46,-21.01
2023,9,21,1584,-38.46
2023,9,22,1593.1,9.1
2023,9,23,1593.79,0.69
2023,9,24,1580.85,-12.94
2023,9,25,1588.06,7.21
2023,9,26,1593.16,5.1
2023,9,27,1597.52,4.35
2023,9,28,1652.96,55.44
2023,9,29,1667.57,14.61
2023,9,30,1670.98,3.41
2023,10,1,1733.02,62.04
2023,10,2,1662.89,-70.13
2023,10,3,1657,-5.9
2023,10,4,1647.09,-9.91
2023,10,5,1611.48,-35.61
2023,10,6,1645.93,34.45
2023,10,7,1634.78,-11.15
2023,10,8,1633.77,-1.01
2023,10,9,1580.07,-53.7
2023,10,10,1567.54,-12.53
2023,10,11,1566.54,-1
2023,10,12,1539.41,-27.13
2023,10,13,1552.1,12.68
2023,10,14,1554.96,2.86
2023,10,15,1557.98,3.02
2023,10,16,1600.19,42.21
2023,10,17,1565.43,-34.76
2023,10,18,1563.71,-1.73
2023,10,19,1567.61,3.89
2023,10,20,1604.81,37.2
2023,10,21,1629.51,24.7
2023,10,22,1663.93,34.42
2023,10,23,1766.25,102.32
2023,10,24,1785.05,18.8
2023,10,25,1787.7,2.65
2023,10,26,1803.87,16.17
2023,10,27,1779.97,-23.9
2023,10,28,1776.63,-3.34
2023,10,29,1795.8,19.17
2023,10,30,1809.98,14.18
2023,10,31,1815.51,5.53
2023,11,1,1847.52,32.01
2023,11,2,1801.18,-46.34
2023,11,3,1833.43,32.25
2023,11,4,1857.29,23.86
2023,11,5,1893.83,36.54
2023,11,6,1901.72,7.89
2023,11,7,1886.06,-15.66
2023,11,8,1889.08,3.02
2023,11,9,2121.65660571,232.57
2023,11,10,2077.90199435,-43.76
2023,11,11,2054.1760533,-23.73
2023,11,12,2045.14796233,-9.03
2023,11,13,2054.16,9.01
2023,11,14,1979.52,-74.64
2023,11,15,2060.1,80.58
2023,11,16,1962.82,-97.28
2023,11,17,1960.97,-1.85
2023,11,18,1963.31,2.33
2023,11,19,2012.45,49.14
2023,11,20,2022.48,10.03
2023,11,21,1934.67,-87.81
2023,11,22,2063.94,129.27
2023,11,23,2062.79,-1.16
2023,11,24,2081.07,18.28
2023,11,25,2084.68,3.6
2023,11,26,2063.45,-21.23
2023,11,27,2028.17,-35.28
2023,11,28,2048.17,20
2023,11,29,2029.71,-18.46
2023,11,30,2052.38,22.67
2023,12,1,2087.64,35.26
2023,12,2,2165.91,78.27
2023,12,3,2193.88,27.97
2023,12,4,2244.16,50.28
2023,12,5,2293.38,49.22
2023,12,6,2233.19,-60.19
2023,12,7,2355.77,122.58
2023,12,8,2359.07,3.3
2023,12,9,2341.16,-17.92
2023,12,10,2352.92,11.76
2023,12,11,2225.11,-127.81
2023,12,12,2202.46,-22.65
2023,12,13,2259.06,56.6
2023,12,14,2315.73,56.67
2023,12,15,2220.91,-94.82
2023,12,16,2228.77,7.86
2023,12,17,2194.83,-33.94
2023,12,18,2217.32,22.49
2023,12,19,2177.5,-39.82
2023,12,20,2201.56,24.06
2023,12,21,2239.57,38.01
2023,12,22,2324.88,85.31
2023,12,23,2310.33,-14.56
2023,12,24,2264.93,-45.4
2023,12,25,2272.69,7.76
2023,12,26,2231.33,-41.36
2023,12,27,2378.35,147.02
2023,12,28,2345.82,-32.53
2023,12,29,2300.07,-45.75
2023,12,30,2291.86,-8.21
2023,12,31,2282.11,-9.75
2024,1,1,2351.4,69.29
2024,1,2,2356.24,4.83
2024,1,3,2210.44,-145.8
2024,1,4,2268.17,57.73
2024,1,5,2270.51,2.34
2024,1,6,2242.53,-27.98
2024,1,7,2222.67,-19.86
2024,1,8,2332.1,109.43
2024,1,9,2346.18,14.08
2024,1,10,2584.15,237.97
2024,1,11,2618.82,34.67
2024,1,12,2522.57,-96.25
2024,1,13,2577.31,54.74
2024,1,14,2472.72,-104.59
2024,1,15,2510.04,37.32
2024,1,16,2585.86,75.82
2024,1,17,2529.37,-56.49
2024,1,18,2468.33,-61.04
2024,1,19,2489.61,21.28
2024,1,20,2469.91,-19.71
2024,1,21,2455.29,-14.62
2024,1,22,2312.64,-142.65
2024,1,23,2240.17,-72.47
2024,1,24,2233.14,-7.04
2024,1,25,2217.81,-15.33
2024,1,26,2266.42,48.61
2024,1,27,2267.49,1.06
2024,1,28,2256.88,-10.61
2024,1,29,2317.48,60.6
2024,1,30,2343.04,25.56
2024,1,31,2283.12,-59.92
2024,2,1,2302.52,19.4
2024,2,2,2308.34,5.82
2024,2,3,2295.54,-12.81
2024,2,4,2288.99,-6.56
2024,2,5,2300.8,11.81
2024,2,6,2369.66,68.86
2024,2,7,2424.36,54.7
2024,2,8,2419.05,-5.31
2024,2,9,2487,67.95
2024,2,10,2501.44,14.44
2024,2,11,2507.88,6.44
2024,2,12,2660.01,152.13
2024,2,13,2640.9,-19.11
2024,2,14,2776.24,135.34
2024,2,15,2825.28,49.04
2024,2,16,2804.71,-20.57
2024,2,17,2787.77,-16.94
2024,2,18,2881.92,94.15
2024,2,19,2945.32,63.4
2024,2,20,3015.43,70.11
2024,2,21,2968.48,-46.95
2024,2,22,2971.53,3.05
2024,2,23,2920.29,-51.24
2024,2,24,2992.17,71.88
2024,2,25,3112.68,120.51
2024,2,26,3175.9,63.22
2024,2,27,3244.71,68.81
2024,2,28,3384.75,140.04
2024,2,29,3343.9,-40.85
2024,3,1,3435.24,91.34
2024,3,2,3423.87,-11.37
2024,3,3,3490.13,66.26
2024,3,4,3628.64,138.51
2024,3,5,3558.05,-70.59
2024,3,6,3823.57,265.52
2024,3,7,3870.77,47.2
2024,3,8,3889.11,18.34
2024,3,9,3913.49,24.37
2024,3,10,3886.44,-27.05
2024,3,11,4068.69,182.25
2024,3,12,3980.54,-88.15
2024,3,13,4005.52,24.98
2024,3,14,3884.08,-121.44
2024,3,15,3740.69,-143.39
2024,3,16,3523.43,-217.26
2024,3,17,3641.83,118.4
2024,3,18,3517.74,-124.09
2024,3,19,3158.45,-359.29
2024,3,20,3514.1,355.65
2024,3,21,3493.18,-20.92
2024,3,22,3335.43,-157.75
2024,3,23,3330.79,-4.64
2024,3,24,3454.62,123.83
2024,3,25,3590.27,135.65
2024,3,26,3587.95,-2.33
2024,3,27,3501.11,-86.84
2024,3,28,3558.7,57.59
2024,3,29,3509.92,-48.78
2024,3,30,3507.45,-2.48
2024,3,31,3646.82,139.37
2024,4,1,3504.18,-142.64
2024,4,2,3279.81,-224.37
2024,4,3,3311.77,31.96
2024,4,4,3328.64,16.87
2024,4,5,3319.08,-9.56
2024,4,6,3352.62,33.54
2024,4,7,3454.9,102.28
2024,4,8,3694.52,239.62
2024,4,9,3506.02,-188.5
2024,4,10,3544.01,37.99
2024,4,11,3502.4,-41.61
2024,4,12,3238,-264.4
2024,4,13,3008.2,-229.8
2024,4,14,3158.92,150.72
2024,4,15,3105.06,-53.86
2024,4,16,3084.87,-20.19
2024,4,17,2986.48,-98.39
2024,4,18,3064.27,77.79
2024,4,19,3057.69,-6.58
2024,4,20,3156.98,99.29
2024,4,21,3148.7,-8.29
2024,4,22,3200.71,52.01
2024,4,23,3220.65,19.94
2024,4,24,3140.82,-79.83
2024,4,25,3154.24,13.41
2024,4,26,3130.6,-23.64
2024,4,27,3254.15,123.55
2024,4,28,3261.06,6.9
2024,4,29,3215.6,-45.46
2024,4,30,3013.25,-202.35
2024,5,1,2969.74,-43.51
2024,5,2,2981.9,12.16
2024,5,3,3102.55,120.65
2024,5,4,3118.34,15.79
2024,5,5,3136.78,18.44
2024,5,6,3062.69,-74.09
2024,5,7,3005.71,-56.98
2024,5,8,2974.33,-31.38
2024,5,9,3034.93,60.6
2024,5,10,2909.44,-125.49
2024,5,11,2911.86,2.42
2024,5,12,2928.57,16.71
2024,5,13,2949.64,21.06
2024,5,14,2881.42,-68.22
2024,5,15,3031.08,149.66
2024,5,16,2945.68,-85.4
2024,5,17,3092.39,146.71
2024,5,18,3123.93,31.54
2024,5,19,3071.77,-52.16
2024,5,20,3660.99,589.22
2024,5,21,3789.89,128.9
2024,5,22,3737.37,-52.52
2024,5,23,3781.95,44.58
2024,5,24,3726.12,-55.83
2024,5,25,3741.59,15.47
