2016,5,4,17.319,0
2016,5,5,17.469,0.15
2016,5,8,16.999,-0.47
2016,5,9,17.069,0.07
2016,5,10,17.389,0.32
2016,5,11,16.928,-0.47
2016,5,12,17.09,0.16
2016,5,15,17.099,0
2016,5,16,17.198,0.09
2016,5,17,16.869,-0.33
2016,5,18,16.475,-0.4
2016,5,19,16.515,0.03
2016,5,22,16.362,-0.16
2016,5,23,16.171,-0.2
2016,5,24,16.31,0.13
2016,5,25,16.3,-0.01
2016,5,26,16.199,-0.11
2016,5,29,15.979,-0.23
2016,5,30,15.969,-0.01
2016,5,31,15.929,-0.04
2016,6,1,15.969,0.03
2016,6,2,16.379,0.41
2016,6,5,16.433,0.05
2016,6,6,16.379,-0.06
2016,6,7,16.993,0.61
2016,6,8,17.259,0.26
2016,6,9,17.329,0.07
2016,6,12,17.402,0.07
2016,6,13,17.37,-0.04
2016,6,14,17.499,0.12
2016,6,15,17.159,-0.34
2016,6,16,17.459,0.3
2016,6,19,17.449,-0.01
2016,6,20,17.259,-0.19
2016,6,21,17.219,-0.04
2016,6,22,17.269,0.04
2016,6,23,17.729,0.46
2016,6,26,17.719,-0.01
2016,6,27,17.749,0.02
2016,6,28,18.259,0.51
2016,6,29,18.699,0.44
2016,6,30,19.762,1.06
2016,7,3,20.295,0.53
2016,7,4,19.921,-0.38
2016,7,5,20.079,0.15
2016,7,6,19.659,-0.42
2016,7,7,20.238,0.57
2016,7,10,20.239,0
2016,7,11,20.148,-0.1
2016,7,12,20.308,0.16
2016,7,13,20.279,-0.03
2016,7,14,20.185,-0.1
2016,7,17,20.039,-0.15
2016,7,18,19.889,-0.16
2016,7,19,19.369,-0.52
2016,7,20,19.759,0.39
2016,7,21,19.619,-0.14
2016,7,24,19.509,-0.11
2016,7,25,19.599,0.09
2016,7,26,20.319,0.72
2016,7,27,20.129,-0.19
2016,7,28,20.299,0.16
2016,7,31,20.419,0.12
2016,8,1,20.59,0.17
2016,8,2,20.379,-0.22
2016,8,3,20.309,-0.07
2016,8,4,19.684,-0.63
2016,8,7,19.709,0.02
2016,8,8,19.829,0.12
2016,8,9,20.119,0.29
2016,8,10,19.939,-0.18
2016,8,11,19.709,-0.23
2016,8,14,19.799,0.09
2016,8,15,19.769,-0.04
2016,8,16,19.647,-0.13
2016,8,17,19.709,0.06
2016,8,18,19.276,-0.44
2016,8,21,18.889,-0.39
2016,8,22,18.779,-0.11
2016,8,23,18.529,-0.25
2016,8,24,18.489,-0.04
2016,8,25,18.649,0.16
2016,8,28,18.85,0.2
2016,8,29,18.569,-0.29
2016,8,30,18.612,0.04
2016,8,31,18.869,0.25
2016,9,1,19.424,0.55
2016,9,4,19.486,0.06
2016,9,5,20.019,0.53
2016,9,6,19.769,-0.25
2016,9,7,19.579,-0.19
2016,9,8,19.019,-0.56
2016,9,11,19.074,0.05
2016,9,12,18.839,-0.24
2016,9,13,18.939,0.1
2016,9,14,18.959,0.01
2016,9,15,18.761,-0.2
2016,9,18,19.149,0.38
2016,9,19,19.192,0.04
2016,9,20,19.8,0.6
2016,9,21,19.839,0.03
2016,9,22,19.654,-0.19
2016,9,25,19.429,-0.23
2016,9,26,19.13,-0.3
2016,9,27,19.168,0.03
2016,9,28,19.077,-0.1
2016,9,29,19.146,0.06
2016,10,2,18.789,-0.36
2016,10,3,17.774,-1.02
2016,10,4,17.708,-0.07
2016,10,5,17.292,-0.42
2016,10,6,17.496,0.2
2016,10,9,17.619,0.12
2016,10,10,17.404,-0.22
2016,10,11,17.449,0.04
2016,10,12,17.469,0.01
2016,10,13,17.399,-0.07
2016,10,16,17.429,0.02
2016,10,17,17.589,0.16
2016,10,18,17.649,0.06
2016,10,19,17.499,-0.16
2016,10,20,17.519,0.01
2016,10,23,17.569,0.05
2016,10,24,17.729,0.16
2016,10,25,17.602,-0.13
2016,10,26,17.599,-0.01
2016,10,27,17.748,0.14
2016,10,30,17.879,0.13
2016,10,31,18.329,0.45
2016,11,1,18.439,0.11
2016,11,2,18.339,-0.11
2016,11,3,18.41,0.07
2016,11,6,18.16,-0.25
2016,11,7,18.345,0.18
2016,11,8,18.477,0.13
2016,11,9,18.546,0.06
2016,11,10,17.349,-1.2
2016,11,13,16.908,-0.45
2016,11,14,17.07,0.16
2016,11,15,16.97,-0.11
2016,11,16,16.638,-0.34
2016,11,17,16.542,-0.1
2016,11,20,16.572,0.02
2016,11,21,16.63,0.05
2016,11,22,16.35,-0.28
2016,11,23,16.269,-0.09
2016,11,24,16.519,0.25
2016,11,27,16.585,0.06
2016,11,28,16.589,0
2016,11,29,16.465,-0.13
2016,11,30,16.462,-0.01
2016,12,1,16.729,0.26
2016,12,4,16.713,-0.02
2016,12,5,16.69,-0.03
2016,12,6,17.1,0.41
2016,12,7,16.978,-0.13
2016,12,8,16.842,-0.14
2016,12,11,17.044,0.2
2016,12,12,16.874,-0.18
2016,12,13,16.815,-0.06
2016,12,14,15.936,-0.88
2016,12,15,16.074,0.13
2016,12,18,15.92,-0.16
2016,12,19,16.056,0.13
2016,12,20,15.887,-0.17
2016,12,21,15.78,-0.11
2016,12,22,15.72,-0.06
2016,12,25,15.709,-0.02
2016,12,26,15.927,0.21
2016,12,27,15.99,0.06
2016,12,28,16.14,0.15
2016,12,29,15.878,-0.27
2017,1,1,15.889,0.01
2017,1,2,16.251,0.36
2017,1,3,16.41,0.15
2017,1,4,16.565,0.15
2017,1,5,16.468,-0.1
2017,1,8,16.528,0.05
2017,1,9,16.77,0.24
2017,1,10,16.71,-0.06
2017,1,11,16.75,0.03
2017,1,12,16.808,0.05
2017,1,15,16.789,-0.02
2017,1,16,17.175,0.38
2017,1,17,17.019,-0.16
2017,1,18,17.005,-0.02
2017,1,19,17.073,0.06
2017,1,22,17.218,0.14
2017,1,23,17.09,-0.13
2017,1,24,16.952,-0.14
2017,1,25,16.764,-0.19
2017,1,26,17.132,0.36
2017,1,29,17.1,-0.04
2017,1,30,17.52,0.42
2017,1,31,17.52,0
2017,2,1,17.45,-0.07
2017,2,2,17.499,0.04
2017,2,5,17.71,0.21
2017,2,6,17.67,-0.04
2017,2,7,17.766,0.09
2017,2,8,17.62,-0.15
2017,2,9,17.935,0.31
2017,2,12,17.79,-0.15
2017,2,13,17.897,0.1
2017,2,14,17.96,0.06
2017,2,15,18.086,0.12
2017,2,16,17.979,-0.11
2017,2,19,18.038,0.05
2017,2,20,17.936,-0.11
2017,2,21,18,0.06
2017,2,22,18.177,0.17
2017,2,23,18.345,0.16
2017,2,26,18.25,-0.1
2017,2,27,18.285,0.03
2017,2,28,18.405,0.12
2017,3,1,17.74,-0.67
2017,3,2,17.965,0.22
2017,3,5,17.769,-0.2
2017,3,6,17.46,-0.31
2017,3,7,17.198,-0.27
2017,3,8,16.95,-0.25
2017,3,9,17.027,0.07
2017,3,12,16.939,-0.09
2017,3,13,16.849,-0.09
2017,3,14,17.309,0.46
2017,3,15,17.289,-0.02
2017,3,16,17.389,0.09
2017,3,19,17.399,0.01
2017,3,20,17.502,0.1
2017,3,21,17.509,0
2017,3,22,17.549,0.03
2017,3,23,17.743,0.19
2017,3,26,18.064,0.32
2017,3,27,18.139,0.07
2017,3,28,18.219,0.08
2017,3,29,18.079,-0.14
2017,3,30,18.249,0.16
2017,4,2,18.214,-0.04
2017,4,3,18.269,0.05
2017,4,4,18.259,-0.01
2017,4,5,18.239,-0.02
2017,4,6,17.96,-0.28
2017,4,9,17.899,-0.07
2017,4,10,18.299,0.4
2017,4,11,18.449,0.15
2017,4,12,18.489,0.03
2017,4,13,18.519,0.02
2017,4,16,18.389,-0.13
2017,4,17,18.263,-0.13
2017,4,18,18.13,-0.14
2017,4,19,17.999,-0.14
2017,4,20,17.909,-0.09
2017,4,23,17.889,-0.02
2017,4,24,17.57,-0.32
2017,4,25,17.47,-0.11
2017,4,26,17.259,-0.22
2017,4,27,17.186,-0.08
2017,4,30,16.803,-0.39
2017,5,1,16.799,-0.01
2017,5,2,16.43,-0.37
2017,5,3,16.289,-0.15
2017,5,4,16.299,0
2017,5,7,16.194,-0.11
2017,5,8,16.159,-0.04
2017,5,9,16.169,0.01
2017,5,10,16.31,0.14
2017,5,11,16.439,0.12
2017,5,14,16.599,0.16
2017,5,15,16.808,0.2
2017,5,16,16.861,0.05
2017,5,17,16.569,-0.3
2017,5,18,16.835,0.26
2017,5,21,17.129,0.29
2017,5,22,17.039,-0.09
2017,5,23,17.199,0.16
2017,5,24,17.119,-0.09
2017,5,25,17.335,0.21
2017,5,28,17.397,0.06
2017,5,29,17.369,-0.03
2017,5,30,17.309,-0.06
2017,5,31,17.259,-0.06
2017,6,1,17.55,0.29
2017,6,4,17.519,-0.04
2017,6,5,17.673,0.15
2017,6,6,17.559,-0.12
2017,6,7,17.399,-0.16
2017,6,8,17.159,-0.24
2017,6,11,16.929,-0.23
2017,6,12,16.807,-0.13
2017,6,13,16.859,0.05
2017,6,14,16.709,-0.16
2017,6,15,16.659,-0.06
2017,6,18,16.449,-0.21
2017,6,19,16.429,-0.03
2017,6,20,16.429,0
2017,6,21,16.519,0.09
2017,6,22,16.68,0.16
2017,6,25,16.56,-0.12
2017,6,26,16.649,0.08
2017,6,27,16.779,0.13
2017,6,28,16.58,-0.2
2017,6,29,16.582,0
2017,7,2,16.109,-0.48
2017,7,3,16.059,-0.06
2017,7,4,16.059,0
2017,7,5,16.025,-0.04
2017,7,6,15.562,-0.47
2017,7,9,15.629,0.06
2017,7,10,15.809,0.18
2017,7,11,15.879,0.07
2017,7,12,15.659,-0.22
2017,7,13,15.96,0.3
2017,7,16,16.079,0.11
2017,7,17,16.259,0.18
2017,7,18,16.239,-0.02
2017,7,19,16.301,0.06
2017,7,20,16.47,0.16
2017,7,23,16.469,-0.01
2017,7,24,16.463,-0.01
2017,7,25,16.629,0.16
2017,7,26,16.559,-0.07
2017,7,27,16.707,0.14
2017,7,30,16.809,0.1
2017,7,31,16.699,-0.11
2017,8,1,16.55,-0.15
2017,8,2,16.63,0.07
2017,8,3,16.249,-0.39
2017,8,6,16.242,-0.01
2017,8,7,16.429,0.18
2017,8,8,16.919,0.49
2017,8,9,17.076,0.15
2017,8,10,17.068,-0.01
2017,8,13,17.049,-0.02
2017,8,14,16.596,-0.46
2017,8,15,17.069,0.47
2017,8,16,16.999,-0.07
2017,8,17,16.949,-0.05
2017,8,20,17.005,0.05
2017,8,21,16.959,-0.05
2017,8,22,17.059,0.1
2017,8,23,16.929,-0.14
2017,8,24,17.035,0.1
2017,8,27,17.407,0.37
2017,8,28,17.359,-0.05
2017,8,29,17.403,0.04
2017,8,30,17.559,0.15
2017,8,31,17.699,0.14
2017,9,3,17.859,0.16
2017,9,4,17.859,0
2017,9,5,17.849,-0.02
2017,9,6,18.044,0.19
2017,9,7,17.922,-0.13
2017,9,10,17.779,-0.15
2017,9,11,17.869,0.09
2017,9,12,17.746,-0.13
2017,9,13,17.744,-0.01
2017,9,14,17.569,-0.18
2017,9,17,17.18,-0.39
2017,9,18,17.289,0.1
2017,9,19,17.139,-0.16
2017,9,20,16.929,-0.21
2017,9,21,16.969,0.04
2017,9,24,17.149,0.18
2017,9,25,16.792,-0.36
2017,9,26,16.734,-0.06
2017,9,27,16.839,0.1
2017,9,28,16.62,-0.22
2017,10,1,16.549,-0.08
2017,10,2,16.62,0.07
2017,10,3,16.549,-0.08
2017,10,4,16.559,0.01
2017,10,5,16.799,0.24
2017,10,8,16.939,0.14
2017,10,9,17.089,0.15
2017,10,10,17.139,0.05
2017,10,11,17.219,0.08
2017,10,12,17.37,0.15
2017,10,15,17.199,-0.18
2017,10,16,16.989,-0.21
2017,10,17,16.959,-0.04
2017,10,18,17.219,0.26
2017,10,19,16.979,-0.24
2017,10,22,17.049,0.07
2017,10,23,16.91,-0.14
2017,10,24,16.909,-0.01
2017,10,25,16.759,-0.15
2017,10,26,16.816,0.05
2017,10,29,16.819,0
2017,10,30,16.689,-0.13
2017,10,31,17.109,0.42
2017,11,1,17.089,-0.03
2017,11,2,16.815,-0.28
2017,11,5,17.2,0.38
2017,11,6,16.91,-0.29
2017,11,7,17,0.09
2017,11,8,16.98,-0.02
2017,11,9,16.86,-0.12
2017,11,12,17.038,0.17
2017,11,13,17.004,-0.04
2017,11,14,16.963,-0.05
2017,11,15,17.04,0.07
2017,11,16,17.275,0.23
2017,11,19,16.892,-0.39
2017,11,20,16.935,0.04
2017,11,21,17.12,0.18
2017,11,22,17.079,-0.05
2017,11,23,17.019,-0.07
2017,11,26,17.023,0
2017,11,27,16.83,-0.2
2017,11,28,16.517,-0.32
2017,11,29,16.397,-0.12
2017,11,30,16.405,0
2017,12,3,16.277,-0.13
2017,12,4,16.063,-0.22
2017,12,5,15.942,-0.13
2017,12,6,15.7,-0.25
2017,12,7,15.83,0.13
2017,12,10,15.68,-0.15
2017,12,11,15.7,0.01
2017,12,12,16.038,0.33
2017,12,13,15.87,-0.17
2017,12,14,16.02,0.15
2017,12,17,16.12,0.1
2017,12,18,16.11,-0.02
2017,12,19,16.156,0.04
2017,12,20,16.097,-0.06
2017,12,21,16.358,0.26
2017,12,24,16.369,0.01
2017,12,25,16.52,0.15
2017,12,26,16.66,0.14
2017,12,27,16.83,0.16
2017,12,28,16.9,0.07
2017,12,31,16.917,0.01
2018,1,1,17.15,0.23
2018,1,2,17.09,-0.06
2018,1,3,17.2,0.11
2018,1,4,17.185,-0.02
2018,1,7,17.09,-0.1
2018,1,8,16.941,-0.15
2018,1,9,16.956,0.01
2018,1,10,16.96,0
2018,1,11,17.2,0.24
2018,1,14,17.339,0.13
2018,1,15,17.158,-0.19
2018,1,16,16.957,-0.21
2018,1,17,16.935,-0.03
2018,1,18,16.995,0.06
2018,1,21,16.983,-0.02
2018,1,22,17.033,0.05
2018,1,23,17.54,0.5
2018,1,24,17.26,-0.28
2018,1,25,17.37,0.11
2018,1,28,17.145,-0.23
2018,1,29,17.1,-0.05
2018,1,30,17.305,0.2
2018,1,31,17.199,-0.11
2018,2,1,16.559,-0.64
2018,2,4,16.689,0.13
2018,2,5,16.609,-0.08
2018,2,6,16.346,-0.27
2018,2,7,16.385,0.03
2018,2,8,16.319,-0.07
2018,2,11,16.519,0.2
2018,2,12,16.539,0.02
2018,2,13,16.83,0.29
2018,2,14,16.829,-0.01
2018,2,15,16.629,-0.2
2018,2,18,16.659,0.02
2018,2,19,16.405,-0.26
2018,2,20,16.481,0.07
2018,2,21,16.589,0.1
2018,2,22,16.499,-0.09
2018,2,25,16.619,0.12
2018,2,26,16.39,-0.23
2018,2,27,16.385,-0.01
2018,2,28,16.44,0.05
2018,3,1,16.463,0.02
2018,3,4,16.39,-0.08
2018,3,5,16.71,0.32
2018,3,6,16.482,-0.23
2018,3,7,16.45,-0.04
2018,3,8,16.544,0.09
2018,3,11,16.521,-0.03
2018,3,12,16.56,0.03
2018,3,13,16.5,-0.06
2018,3,14,16.36,-0.14
2018,3,15,16.328,-0.04
2018,3,18,16.29,-0.04
2018,3,19,16.17,-0.12
2018,3,20,16.54,0.37
2018,3,21,16.36,-0.18
2018,3,22,16.548,0.18
2018,3,25,16.69,0.14
2018,3,26,16.5,-0.19
2018,3,27,16.27,-0.23
2018,3,28,16.332,0.06
2018,3,29,16.332,0
2018,4,1,16.57,0.23
2018,4,2,16.39,-0.18
2018,4,3,16.28,-0.11
2018,4,4,16.35,0.07
2018,4,5,16.371,0.02
2018,4,8,16.47,0.09
2018,4,9,16.56,0.09
2018,4,10,16.64,0.08
2018,4,11,16.43,-0.21
2018,4,12,16.606,0.17
2018,4,15,16.64,0.03
2018,4,16,16.75,0.11
2018,4,17,17.17,0.42
2018,4,18,17.21,0.03
2018,4,19,17.098,-0.12
2018,4,22,16.606,-0.5
2018,4,23,16.7,0.09
2018,4,24,16.53,-0.17
2018,4,25,16.48,-0.06
2018,4,26,16.47,-0.02
2018,4,29,16.3,-0.17
2018,4,30,16.12,-0.18
2018,5,1,16.34,0.22
2018,5,2,16.414,0.07
2018,5,3,16.504,0.09
2018,5,6,16.44,-0.07
2018,5,7,16.44,0
2018,5,8,16.46,0.01
2018,5,9,16.69,0.23
2018,5,10,16.619,-0.08
2018,5,13,16.489,-0.13
2018,5,14,16.23,-0.26
2018,5,15,16.34,0.11
2018,5,16,16.4,0.05
2018,5,17,16.425,0.02
2018,5,20,16.473,0.04
2018,5,21,16.51,0.03
2018,5,22,16.42,-0.09
2018,5,23,16.64,0.22
2018,5,24,16.47,-0.18
2018,5,27,16.46,-0.01
2018,5,28,16.35,-0.11
2018,5,29,16.48,0.13
2018,5,30,16.403,-0.08
2018,5,31,16.384,-0.02
2018,6,3,16.38,-0.01
2018,6,4,16.46,0.08
2018,6,5,16.66,0.2
2018,6,6,16.69,0.03
2018,6,7,16.754,0.06
2018,6,10,16.91,0.15
2018,6,11,16.83,-0.09
2018,6,12,17.02,0.19
2018,6,13,17.15,0.13
2018,6,14,16.518,-0.64
2018,6,17,16.452,-0.07
2018,6,18,16.29,-0.17
2018,6,19,16.24,-0.06
2018,6,20,16.288,0.04
2018,6,21,16.409,0.12
2018,6,24,16.318,-0.1
2018,6,25,16.26,-0.06
2018,6,26,16.03,-0.23
2018,6,27,15.965,-0.07
2018,6,28,16.101,0.13
2018,7,1,15.835,-0.27
2018,7,2,15.99,0.15
2018,7,3,16.058,0.06
2018,7,4,16.01,-0.05
2018,7,5,15.997,-0.02
2018,7,8,16.07,0.07
2018,7,9,16.04,-0.04
2018,7,10,15.78,-0.26
2018,7,11,15.92,0.14
2018,7,12,15.772,-0.15
2018,7,15,15.75,-0.03
2018,7,16,15.53,-0.22
2018,7,17,15.52,-0.01
2018,7,18,15.28,-0.24
2018,7,19,15.495,0.21
2018,7,22,15.364,-0.14
2018,7,23,15.447,0.08
2018,7,24,15.58,0.13
2018,7,25,15.34,-0.24
2018,7,26,15.457,0.11
2018,7,29,15.45,-0.01
2018,7,30,15.49,0.04
2018,7,31,15.36,-0.13
2018,8,1,15.28,-0.08
2018,8,2,15.379,0.09
2018,8,5,15.27,-0.11
2018,8,6,15.343,0.07
2018,8,7,15.412,0.06
2018,8,8,15.423,0.01
2018,8,9,15.288,-0.14
2018,8,12,14.95,-0.34
2018,8,13,15.02,0.07
2018,8,14,14.4,-0.62
2018,8,15,14.63,0.23
2018,8,16,14.786,0.15
2018,8,19,14.73,-0.06
2018,8,20,14.74,0
2018,8,21,14.721,-0.02
2018,8,22,14.475,-0.25
2018,8,23,14.788,0.31
2018,8,26,14.84,0.05
2018,8,27,14.669,-0.18
2018,8,28,14.719,0.04
2018,8,29,14.511,-0.21
2018,8,30,14.526,0.01
2018,9,2,14.498,-0.03
2018,9,3,14.137,-0.37
2018,9,4,14.16,0.02
2018,9,5,14.133,-0.03
2018,9,6,14.134,0
2018,9,9,14.16,0.02
2018,9,10,14.12,-0.05
2018,9,11,14.24,0.12
2018,9,12,14.13,-0.11
2018,9,13,14.032,-0.1
2018,9,16,14.15,0.11
2018,9,17,14.14,-0.01
2018,9,18,14.25,0.11
2018,9,19,14.3,0.05
2018,9,20,14.289,-0.02
2018,9,23,14.24,-0.05
2018,9,24,14.41,0.17
2018,9,25,14.296,-0.12
2018,9,26,14.22,-0.08
2018,9,27,14.624,0.4
2018,9,30,14.459,-0.17
2018,10,1,14.66,0.2
2018,10,2,14.61,-0.06
2018,10,3,14.58,-0.03
2018,10,4,14.618,0.03
2018,10,7,14.34,-0.28
2018,10,8,14.36,0.01
2018,10,9,14.26,-0.1
2018,10,10,14.58,0.32
2018,10,11,14.569,-0.02
2018,10,14,14.667,0.09
2018,10,15,14.64,-0.03
2018,10,16,14.59,-0.06
2018,10,17,14.55,-0.04
2018,10,18,14.595,0.04
2018,10,21,14.55,-0.05
2018,10,22,14.7,0.15
2018,10,23,14.68,-0.02
2018,10,24,14.61,-0.07
2018,10,25,14.675,0.06
2018,10,28,14.45,-0.23
2018,10,29,14.46,0.01
2018,10,30,14.21,-0.25
2018,10,31,14.73,0.52
2018,11,1,14.733,0
2018,11,4,14.606,-0.13
2018,11,5,14.51,-0.1
2018,11,6,14.562,0.05
2018,11,7,14.426,-0.14
2018,11,8,14.128,-0.3
2018,11,11,13.973,-0.16
2018,11,12,13.983,0
2018,11,13,14.12,0.13
2018,11,14,14.279,0.15
2018,11,15,14.377,0.09
2018,11,18,14.407,0.02
2018,11,19,14.306,-0.11
2018,11,20,14.466,0.16
2018,11,21,14.479,0.01
2018,11,22,14.241,-0.24
2018,11,25,14.211,-0.03
2018,11,26,14.13,-0.09
2018,11,27,14.295,0.16
2018,11,28,14.283,-0.02
2018,11,29,14.153,-0.13
2018,12,2,14.35,0.19
2018,12,3,14.511,0.16
2018,12,4,14.486,-0.03
2018,12,5,14.44,-0.05
2018,12,6,14.586,0.14
2018,12,9,14.51,-0.08
2018,12,10,14.55,0.04
2018,12,11,14.73,0.18
2018,12,12,14.735,0
2018,12,13,14.545,-0.19
2018,12,16,14.63,0.08
2018,12,17,14.61,-0.03
2018,12,18,14.574,-0.04
2018,12,19,14.75,0.17
2018,12,20,14.605,-0.15
2018,12,23,14.749,0.14
2018,12,25,14.99,0.24
2018,12,26,15.21,0.22
2018,12,27,15.352,0.14
2018,12,30,15.47,0.11
2018,12,31,15.468,-0.01
2019,1,1,15.497,0.02
2019,1,2,15.691,0.19
2019,1,3,15.67,-0.03
2019,1,6,15.62,-0.06
2019,1,7,15.62,0
2019,1,8,15.71,0.09
2019,1,9,15.548,-0.17
2019,1,10,15.569,0.02
2019,1,13,15.62,0.05
2019,1,14,15.55,-0.07
2019,1,15,15.568,0.01
2019,1,16,15.5,-0.07
2019,1,17,15.307,-0.2
2019,1,20,15.253,-0.06
2019,1,21,15.32,0.06
2019,1,22,15.34,0.01
2019,1,23,15.291,-0.05
2019,1,24,15.722,0.43
2019,1,27,15.689,-0.04
2019,1,28,15.807,0.11
2019,1,29,16.04,0.23
2019,1,30,16.03,-0.01
2019,1,31,15.858,-0.18
2019,2,3,15.824,-0.04
2019,2,4,15.82,-0.01
2019,2,5,15.64,-0.18
2019,2,6,15.709,0.06
2019,2,7,15.808,0.09
2019,2,10,15.685,-0.13
2019,2,11,15.68,-0.01
2019,2,12,15.54,-0.14
2019,2,13,15.574,0.03
2019,2,14,15.747,0.17
2019,2,17,15.793,0.04
2019,2,18,15.97,0.17
2019,2,19,16.04,0.06
2019,2,20,15.77,-0.27
2019,2,21,15.883,0.11
2019,2,24,15.871,-0.02
2019,2,25,15.905,0.03
2019,2,26,15.699,-0.21
2019,2,27,15.58,-0.12
2019,2,28,15.185,-0.4
2019,3,3,15.045,-0.14
2019,3,4,15.11,0.06
2019,3,5,15.055,-0.06
2019,3,6,14.98,-0.08
2019,3,7,15.298,0.31
2019,3,10,15.309,0.01
2019,3,11,15.41,0.1
2019,3,12,15.441,0.03
2019,3,13,15.17,-0.28
2019,3,14,15.265,0.09
2019,3,17,15.33,0.06
2019,3,18,15.35,0.01
2019,3,19,15.44,0.09
2019,3,20,15.46,0.02
2019,3,21,15.43,-0.04
2019,3,24,15.53,0.1
2019,3,25,15.39,-0.14
2019,3,26,15.28,-0.12
2019,3,27,14.99,-0.29
2019,3,28,15.107,0.11
2019,3,31,15.094,-0.02
2019,4,1,15.1,0
2019,4,2,15.13,0.03
2019,4,3,15.14,0
2019,4,4,15.08,-0.06
2019,4,7,15.22,0.14
2019,4,8,15.19,-0.04
2019,4,9,15.21,0.02
2019,4,10,14.934,-0.28
2019,4,11,14.943,0
2019,4,14,14.98,0.03
2019,4,15,14.98,0
2019,4,16,14.98,0
2019,4,17,14.98,0
2019,4,18,14.991,0.01
2019,4,21,15,0
2019,4,22,14.82,-0.18
2019,4,23,14.95,0.13
2019,4,24,14.92,-0.03
2019,4,25,15.053,0.13
2019,4,28,14.9,-0.16
2019,4,29,14.93,0.02
2019,4,30,14.65,-0.28
2019,5,1,14.61,-0.05
2019,5,2,14.907,0.29
2019,5,5,14.88,-0.03
2019,5,6,14.89,0
2019,5,7,14.81,-0.08
2019,5,8,14.73,-0.08
2019,5,9,14.75,0.01
2019,5,12,14.77,0.01
2019,5,13,14.76,-0.01
2019,5,14,14.79,0.02
2019,5,15,14.54,-0.25
2019,5,16,14.379,-0.17
2019,5,19,14.44,0.06
2019,5,20,14.44,0
2019,5,21,14.43,-0.01
2019,5,22,14.57,0.14
2019,5,23,14.536,-0.04
2019,5,26,14.584,0.04
2019,5,27,14.33,-0.26
2019,5,28,14.42,0.09
2019,5,29,14.51,0.09
2019,5,30,14.549,0.03
2019,6,2,14.775,0.22
2019,6,3,14.807,0.03
2019,6,4,14.788,-0.02
2019,6,5,14.884,0.09
2019,6,6,14.986,0.1
2019,6,9,14.69,-0.3
2019,6,10,14.732,0.04
2019,6,11,14.759,0.02
2019,6,12,14.887,0.12
2019,6,13,14.855,-0.04
2019,6,16,14.824,-0.04
2019,6,17,15.004,0.18
2019,6,18,15.173,0.16
2019,6,19,15.443,0.27
2019,6,20,15.33,-0.12
2019,6,23,15.43,0.1
2019,6,24,15.357,-0.08
2019,6,25,15.281,-0.08
2019,6,26,15.251,-0.04
2019,6,27,15.288,0.03
2019,6,30,15.105,-0.19
2019,7,1,15.332,0.22
2019,7,2,15.3,-0.04
2019,7,3,15.275,-0.03
2019,7,4,14.97,-0.31
2019,7,7,15.018,0.04
2019,7,8,15.103,0.08
2019,7,9,15.22,0.11
2019,7,10,15.116,-0.11
2019,7,11,15.201,0.08
2019,7,14,15.386,0.18
2019,7,15,15.557,0.17
2019,7,16,15.968,0.41
2019,7,17,16.348,0.38
2019,7,18,16.196,-0.16
2019,7,21,16.354,0.15
2019,7,22,16.404,0.05
2019,7,23,16.579,0.17
2019,7,24,16.438,-0.15
2019,7,25,16.363,-0.08
2019,7,28,16.463,0.1
2019,7,29,16.558,0.09
2019,7,30,16.256,-0.31
2019,7,31,16.338,0.08
2019,8,1,16.188,-0.16
2019,8,4,16.421,0.23
2019,8,5,16.446,0.02
2019,8,6,17.075,0.62
2019,8,7,16.958,-0.12
2019,8,8,16.956,-0.01
2019,8,11,17.059,0.1
2019,8,12,16.975,-0.09
2019,8,13,17.2,0.22
2019,8,14,17.267,0.06
2019,8,15,17.099,-0.17
2019,8,18,16.888,-0.22
2019,8,19,17.139,0.25
2019,8,20,17.121,-0.02
2019,8,21,17.048,-0.08
2019,8,22,17.39,0.34
2019,8,25,17.659,0.26
2019,8,26,18.177,0.51
2019,8,27,18.336,0.15
2019,8,28,18.251,-0.09
2019,8,29,18.35,0.09
2019,9,1,18.482,0.13
2019,9,2,19.234,0.75
2019,9,3,19.528,0.29
2019,9,4,18.636,-0.9
2019,9,5,18.16,-0.48
2019,9,8,17.973,-0.19
2019,9,9,17.972,-0.01
2019,9,10,18.111,0.13
2019,9,11,18.052,-0.06
2019,9,12,17.431,-0.63
2019,9,15,17.838,0.4
2019,9,16,18.002,0.16
2019,9,17,17.721,-0.29
2019,9,18,17.78,0.05
2019,9,19,17.96,0.18
2019,9,22,18.585,0.62
2019,9,23,18.615,0.02
2019,9,24,17.905,-0.71
2019,9,25,17.82,-0.09
2019,9,26,17.53,-0.29
2019,9,29,16.988,-0.55
2019,9,30,17.208,0.22
2019,10,1,17.561,0.35
2019,10,2,17.559,-0.01
2019,10,3,17.542,-0.02
2019,10,6,17.413,-0.13
2019,10,7,17.726,0.31
2019,10,8,17.717,-0.01
2019,10,9,17.505,-0.22
2019,10,10,17.53,0.02
2019,10,13,17.655,0.12
2019,10,14,17.405,-0.25
2019,10,15,17.388,-0.02
2019,10,16,17.543,0.15
2019,10,17,17.52,-0.03
2019,10,20,17.552,0.03
2019,10,21,17.535,-0.02
2019,10,22,17.519,-0.02
2019,10,23,17.821,0.3
2019,10,24,18,0.17
2019,10,27,17.859,-0.15
2019,10,28,17.787,-0.08
2019,10,29,17.87,0.08
2019,10,30,18.111,0.24
2019,10,31,18.08,-0.04
2019,11,3,18.02,-0.06
2019,11,4,17.55,-0.47
2019,11,5,17.632,0.08
2019,11,6,17.095,-0.54
2019,11,7,16.754,-0.35
2019,11,10,16.83,0.07
2019,11,11,16.75,-0.08
2019,11,12,16.95,0.2
2019,11,13,17,0.05
2019,11,14,16.932,-0.07
2019,11,17,17.02,0.08
2019,11,18,17.13,0.11
2019,11,19,17.132,0
2019,11,20,17.085,-0.05
2019,11,21,16.969,-0.12
2019,11,24,16.876,-0.1
2019,11,25,17.05,0.17
2019,11,26,16.947,-0.11
2019,11,27,16.904,-0.05
2019,11,28,17.007,0.1
2019,12,1,16.88,-0.13
2019,12,2,17.15,0.27
2019,12,3,16.834,-0.32
2019,12,4,16.956,0.12
2019,12,5,16.536,-0.42
2019,12,8,16.603,0.06
2019,12,9,16.659,0.05
2019,12,10,16.855,0.19
2019,12,11,16.9,0.04
2019,12,12,16.931,0.03
2019,12,15,17.021,0.09
2019,12,16,16.98,-0.05
2019,12,17,16.98,0
2019,12,18,17.031,0.05
2019,12,19,17.169,0.13
2019,12,22,17.44,0.27
2019,12,23,17.761,0.32
2019,12,25,17.873,0.11
2019,12,26,17.746,-0.13
2019,12,29,17.915,0.16
2019,12,30,17.821,-0.1
2019,12,31,17.83,0
2020,1,1,18,0.17
2020,1,2,18.027,0.02
2020,1,5,18.11,0.08
2020,1,6,18.38,0.27
2020,1,7,18.08,-0.3
2020,1,8,17.89,-0.19
2020,1,9,18.1,0.21
2020,1,12,17.93,-0.18
2020,1,13,17.777,-0.16
2020,1,14,17.98,0.2
2020,1,15,17.937,-0.05
2020,1,16,18.003,0.06
2020,1,19,18.062,0.05
2020,1,20,17.75,-0.32
2020,1,21,17.81,0.05
2020,1,22,17.791,-0.02
2020,1,23,18.091,0.3
2020,1,26,18.07,-0.03
2020,1,27,17.444,-0.63
2020,1,28,17.51,0.06
2020,1,29,17.821,0.31
2020,1,30,18.004,0.18
2020,2,2,17.68,-0.33
2020,2,3,17.572,-0.11
2020,2,4,17.592,0.01
2020,2,5,17.812,0.22
2020,2,6,17.69,-0.13
2020,2,9,17.7575,0.06
2020,2,10,17.6375,-0.12
2020,2,11,17.4771,-0.17
2020,2,12,17.62,0.14
2020,2,13,17.7345,0.11
2020,2,16,17.778,0.04
2020,2,17,18.15,0.37
2020,2,18,18.401,0.25
2020,2,19,18.34,-0.07
2020,2,20,18.4765,0.13
2020,2,23,18.61,0.13
2020,2,24,17.976,-0.64
2020,2,25,17.9,-0.08
2020,2,26,17.75,-0.15
2020,2,27,16.6645,-1.09
2020,3,1,16.7,0.03
2020,3,2,17.2115,0.51
2020,3,3,17.2055,-0.01
2020,3,4,17.4251,0.21
2020,3,5,17.3445,-0.09
2020,3,8,16.9927,-0.36
2020,3,9,16.8835,-0.11
2020,3,10,16.7347,-0.15
2020,3,11,15.8138,-0.93
2020,3,12,14.7455,-1.07
2020,3,15,12.9115,-1.84
2020,3,16,12.5987,-0.32
2020,3,17,11.9695,-0.63
2020,3,18,12.0695,0.1
2020,3,19,12.6125,0.54
2020,3,22,13.2497,0.63
2020,3,23,14.2637,1.01
2020,3,24,14.493,0.22
2020,3,25,14.3725,-0.13
2020,3,26,14.43,0.05
2020,3,29,14.0445,-0.39
2020,3,30,13.9668,-0.08
2020,3,31,13.9465,-0.03
2020,4,1,14.4509,0.5
2020,4,2,14.3875,-0.07
2020,4,5,14.9836,0.59
2020,4,6,14.9795,-0.01
2020,4,7,14.926,-0.06
2020,4,8,15.4035,0.47
2020,4,12,15.3885,-0.02
2020,4,13,15.7455,0.35
2020,4,14,15.4497,-0.3
2020,4,15,15.5045,0.05
2020,4,16,15.1865,-0.32
2020,4,19,15.2747,0.08
2020,4,20,14.8325,-0.45
2020,4,21,15.0695,0.23
2020,4,22,15.2305,0.16
2020,4,23,15.2045,-0.03
2020,4,26,15.1697,-0.04
2020,4,27,15.147,-0.03
2020,4,28,15.2705,0.12
2020,4,29,14.909,-0.37
2020,4,30,14.9345,0.02
2020,5,3,14.7615,-0.18
2020,5,4,14.9329,0.17
2020,5,5,14.8345,-0.1
2020,5,6,15.323,0.48
2020,5,7,15.4585,0.13
2020,5,10,15.472,0.01
2020,5,11,15.4405,-0.04
2020,5,12,15.5437,0.1
2020,5,13,15.85,0.3
2020,5,14,16.6065,0.75
2020,5,17,16.9546,0.34
2020,5,18,17.3375,0.38
2020,5,19,17.5456,0.2
2020,5,20,17.1077,-0.44
2020,5,21,17.1815,0.07
2020,5,24,17.0938,-0.09
2020,5,25,17.1147,0.02
2020,5,26,17.2457,0.13
2020,5,27,17.3625,0.11
2020,5,28,17.8515,0.48
2020,5,31,18.2905,0.43
2020,6,1,18.063,-0.23
2020,6,2,17.6265,-0.44
2020,6,3,17.686,0.05
2020,6,4,17.4205,-0.27
2020,6,7,17.7448,0.32
2020,6,8,17.5115,-0.24
2020,6,9,18.058,0.54
2020,6,10,17.631,-0.43
2020,6,11,17.4755,-0.16
2020,6,14,17.336,-0.14
2020,6,15,17.4378,0.1
2020,6,16,17.457,0.01
2020,6,17,17.3497,-0.11
2020,6,18,17.59,0.24
2020,6,21,17.6915,0.1
2020,6,22,17.9036,0.21
2020,6,23,17.472,-0.44
2020,6,24,17.7856,0.31
2020,6,25,17.7495,-0.04
2020,6,28,17.8296,0.08
2020,6,29,18.194,0.36
2020,6,30,17.9848,-0.21
2020,7,1,17.9245,-0.07
2020,7,2,18.0075,0.08
2020,7,5,18.2545,0.24
2020,7,6,18.246,-0.01
2020,7,7,18.709,0.46
2020,7,8,18.6485,-0.07
2020,7,9,18.7015,0.05
2020,7,12,19.0406,0.33
2020,7,13,19.2105,0.16
2020,7,14,19.4148,0.2
2020,7,15,19.1426,-0.28
2020,7,16,19.3245,0.18
2020,7,19,19.9,0.57
2020,7,20,21.2995,1.39
2020,7,21,23.0025,1.7
2020,7,22,22.605,-0.4
2020,7,23,22.76,0.15
2020,7,26,24.5296,1.76
2020,7,27,24.371,-0.16
2020,7,28,24.294,-0.08
2020,7,29,23.499,-0.8
2020,7,30,24.3405,0.84
2020,8,2,24.3226,-0.02
2020,8,3,26.0425,1.71
2020,8,4,26.9538,0.91
2020,8,5,28.9006,1.94
2020,8,6,28.27,-0.64
2020,8,9,28.7455,0.47
2020,8,10,24.801,-3.95
2020,8,11,25.478,0.67
2020,8,12,27.4906,2.01
2020,8,13,26.4135,-1.08
2020,8,16,27.3265,0.91
2020,8,17,27.686,0.35
2020,8,18,26.6567,-1.03
2020,8,19,27.2498,0.59
2020,8,20,26.7295,-0.53
2020,8,23,26.5996,-0.13
2020,8,24,26.523,-0.08
2020,8,25,27.4598,0.93
2020,8,26,26.3965,-1.07
2020,8,27,27.482,1.08
2020,8,30,28.116,0.63
2020,8,31,28.1056,-0.02
2020,9,1,27.429,-0.68
2020,9,2,26.5795,-0.85
2020,9,3,26.8955,0.31
2020,9,6,26.876,-0.02
2020,9,7,26.615,-0.27
2020,9,8,26.9656,0.35
2020,9,9,26.846,-0.12
2020,9,10,26.7165,-0.13
2020,9,13,27.12,0.4
2020,9,14,27.1258,0
2020,9,15,27.134,0
2020,9,16,27.048,-0.09
2020,9,17,26.763,-0.29
2020,9,20,24.71,-2.06
2020,9,21,24.3706,-0.34
2020,9,22,22.7615,-1.61
2020,9,23,23.1285,0.36
2020,9,24,22.8775,-0.26
2020,9,27,23.647,0.76
2020,9,28,24.1795,0.53
2020,9,29,23.2405,-0.94
2020,9,30,23.7546,0.51
2020,10,1,23.6965,-0.06
2020,10,4,24.347,0.65
2020,10,5,23.0525,-1.3
2020,10,6,23.7948,0.74
2020,10,7,23.822,0.02
2020,10,8,25.1158,1.29
2020,10,11,25.09,-0.03
2020,10,12,24.126,-0.97
2020,10,13,24.2496,0.12
2020,10,14,24.2895,0.03
2020,10,15,24.1325,-0.16
2020,10,18,24.3697,0.23
2020,10,19,24.651,0.28
2020,10,20,25.0425,0.39
2020,10,21,24.7116,-0.34
2020,10,22,24.5975,-0.12
2020,10,25,24.2467,-0.36
2020,10,26,24.3776,0.13
2020,10,27,23.348,-1.03
2020,10,28,23.253,-0.1
2020,10,29,23.6415,0.38
2020,11,1,24.0668,0.42
2020,11,2,24.219,0.15
2020,11,3,23.8865,-0.34
2020,11,4,25.3148,1.42
2020,11,5,25.6165,0.3
2020,11,8,24.0728,-1.55
2020,11,9,24.2088,0.13
2020,11,10,24.248,0.03
2020,11,11,24.2715,0.02
2020,11,12,24.633,0.36
2020,11,15,24.7298,0.09
2020,11,16,24.4875,-0.25
2020,11,17,24.3295,-0.16
2020,11,18,24.0295,-0.3
2020,11,19,24.1525,0.12
2020,11,22,23.575,-0.58
2020,11,23,23.2338,-0.35
2020,11,24,23.3335,0.09
2020,11,25,23.311,-0.03
2020,11,26,22.6785,-0.64
2020,11,29,22.62,-0.06
2020,11,30,23.9965,1.37
2020,12,1,24.0895,0.09
2020,12,2,24.0505,-0.04
2020,12,3,24.1825,0.13
2020,12,6,24.451,0.26
2020,12,7,24.5445,0.09
2020,12,8,23.936,-0.61
2020,12,9,23.9855,0.04
2020,12,10,23.9295,-0.06
2020,12,13,23.82,-0.11
2020,12,14,24.479,0.65
2020,12,15,25.2795,0.8
2020,12,16,26.0048,0.72
2020,12,17,25.7925,-0.22
2020,12,20,26.145,0.35
2020,12,21,25.1679,-0.98
2020,12,22,25.503,0.33
2020,12,23,25.7995,0.29
2020,12,27,26.2,0.4
2020,12,28,26.19,-0.01
2020,12,29,26.5975,0.4
2020,12,30,26.335,-0.27
2021,1,3,27.2018,0.86
2021,1,4,27.503,0.3
2021,1,5,27.2795,-0.23
2021,1,6,27.1,-0.18
2021,1,7,25.404,-1.7
2021,1,10,24.8818,-0.53
2021,1,11,25.5291,0.64
2021,1,12,25.176,-0.36
2021,1,13,25.488,0.31
2021,1,14,24.731,-0.76
2021,1,17,24.9385,0.2
2021,1,18,25.195,0.25
2021,1,19,25.7968,0.6
2021,1,20,25.851,0.05
2021,1,21,25.4685,-0.39
2021,1,24,25.33,-0.14
2021,1,25,25.4408,0.11
2021,1,26,25.2381,-0.21
2021,1,27,26.474,1.23
2021,1,28,26.9366,0.46
2021,1,31,28.9961,2.05
2021,2,1,26.655,-2.35
2021,2,2,26.87,0.21
2021,2,3,26.333,-0.54
2021,2,4,26.8965,0.56
2021,2,7,27.256,0.35
2021,2,8,27.251,-0.01
2021,2,9,27,-0.26
2021,2,10,26.963,-0.04
2021,2,11,27.314,0.35
2021,2,14,27.5675,0.25
2021,2,15,27.2078,-0.36
2021,2,16,27.36,0.15
2021,2,17,27.015,-0.35
2021,2,18,27.2297,0.21
2021,2,21,28.1207,0.89
2021,2,22,27.643,-0.48
2021,2,23,27.9146,0.27
2021,2,24,27.3927,-0.53
2021,2,25,26.641,-0.76
2021,2,28,26.55,-0.1
2021,3,1,26.743,0.19
2021,3,2,26.0731,-0.67
2021,3,3,25.315,-0.76
2021,3,4,25.2375,-0.08
2021,3,7,25.105,-0.14
2021,3,8,25.915,0.81
2021,3,9,26.1984,0.28
2021,3,10,26.1121,-0.09
2021,3,11,25.9025,-0.21
2021,3,14,26.217,0.31
2021,3,15,25.9306,-0.29
2021,3,16,26.2616,0.33
2021,3,17,26.057,-0.21
2021,3,18,26.2345,0.17
2021,3,21,25.75,-0.49
2021,3,22,25.059,-0.7
2021,3,23,25.059,0
2021,3,24,25.056,-0.01
2021,3,25,25.0455,-0.02
2021,3,28,24.637,-0.41
2021,3,29,24.001,-0.64
2021,3,30,24.397,0.39
2021,3,31,24.9215,0.52
2021,4,1,24.935,0.01
2021,4,4,24.8702,-0.07
2021,4,5,25.1336,0.26
2021,4,6,25.114,-0.02
2021,4,7,25.4188,0.3
2021,4,8,25.267,-0.16
2021,4,11,24.7807,-0.49
2021,4,12,25.327,0.54
2021,4,13,25.3718,0.04
2021,4,14,25.843,0.47
2021,4,15,25.94,0.09
2021,4,18,25.8088,-0.14
2021,4,19,25.807,-0.01
2021,4,20,26.536,0.72
2021,4,21,26.115,-0.43
2021,4,22,25.9935,-0.13
2021,4,25,26.1867,0.19
2021,4,26,26.2491,0.06
2021,4,27,26.209,-0.05
2021,4,28,26.0905,-0.12
2021,4,29,25.894,-0.2
2021,5,2,26.873,0.97
2021,5,3,26.461,-0.42
2021,5,4,26.4424,-0.02
2021,5,5,27.2997,0.85
2021,5,6,27.4331,0.13
2021,5,9,27.254,-0.18
2021,5,10,27.608,0.35
2021,5,11,27.0098,-0.6
2021,5,12,27.078,0.06
2021,5,13,27.4063,0.32
2021,5,16,28.179,0.77
2021,5,17,28.1766,-0.01
2021,5,18,27.7217,-0.46
2021,5,19,27.741,0.01
2021,5,20,27.529,-0.22
2021,5,23,27.729,0.2
2021,5,24,27.9529,0.22
2021,5,25,27.663,-0.29
2021,5,26,27.859,0.19
2021,5,27,27.908,0.04
2021,5,30,28.021,0.11
2021,5,31,27.863,-0.16
2021,6,1,28.139,0.27
2021,6,2,27.421,-0.72
2021,6,3,27.792,0.37
2021,6,6,27.8586,0.06
2021,6,7,27.603,-0.26
2021,6,8,27.749,0.14
2021,6,9,27.977,0.22
2021,6,10,27.889,-0.09
2021,6,13,27.833,-0.06
2021,6,14,27.637,-0.2
2021,6,15,26.908,-0.73
2021,6,16,25.878,-1.03
2021,6,17,25.779,-0.1
2021,6,20,25.925,0.14
2021,6,21,25.73,-0.2
2021,6,22,25.848,0.11
2021,6,23,25.9082,0.06
2021,6,24,26.077,0.16
2021,6,27,26.058,-0.02
2021,6,28,25.745,-0.32
2021,6,29,26.117,0.37
2021,6,30,25.9997,-0.12
2021,7,1,26.459,0.45
2021,7,4,26.427,-0.04
2021,7,5,26.14,-0.29
2021,7,6,26.139,-0.01
2021,7,7,25.9066,-0.24
2021,7,8,26.099,0.19
2021,7,11,26.2008,0.1
2021,7,12,25.964,-0.24
2021,7,13,26.23,0.26
2021,7,14,26.32,0.09
2021,7,15,25.655,-0.67
2021,7,18,25.166,-0.49
2021,7,19,24.92,-0.25
2021,7,20,25.256,0.33
2021,7,21,25.4,0.14
2021,7,22,25.161,-0.24
2021,7,25,25.186,0.02
2021,7,26,24.669,-0.52
2021,7,27,24.958,0.28
2021,7,28,25.5,0.54
2021,7,29,25.454,-0.05
2021,8,1,25.3822,-0.08
2021,8,2,25.484,0.1
2021,8,3,25.36,-0.13
2021,8,4,25.13,-0.23
2021,8,5,24.31,-0.82
2021,8,8,23.4358,-0.88
2021,8,9,23.321,-0.12
2021,8,10,23.5336,0.21
2021,8,11,23.158,-0.38
2021,8,12,23.711,0.55
2021,8,15,23.8388,0.12
2021,8,16,23.6625,-0.18
2021,8,17,23.5036,-0.16
2021,8,18,23.2018,-0.31
2021,8,19,23.013,-0.19
2021,8,22,23.592,0.57
2021,8,23,23.823,0.23
2021,8,24,23.8332,0.01
2021,8,25,23.549,-0.29
2021,8,26,23.989,0.44
2021,8,29,23.9948,0
2021,8,30,23.8648,-0.14
2021,8,31,24.1068,0.24
2021,9,1,23.8871,-0.22
2021,9,2,24.69,0.8
2021,9,5,24.66,-0.04
2021,9,6,24.2952,-0.37
2021,9,7,23.946,-0.35
2021,9,8,24.033,0.08
2021,9,9,23.737,-0.3
2021,9,12,23.731,-0.01
2021,9,13,23.84,0.1
2021,9,14,23.829,-0.02
2021,9,15,22.896,-0.94
2021,9,16,22.3598,-0.54
2021,9,19,22.224,-0.14
2021,9,20,22.4498,0.22
2021,9,21,22.663,0.21
2021,9,22,22.4878,-0.18
2021,9,23,22.39,-0.1
2021,9,26,22.597,0.2
2021,9,27,22.437,-0.16
2021,9,28,21.5147,-0.93
2021,9,29,22.1667,0.65
2021,9,30,22.506,0.33
2021,10,3,22.671,0.16
2021,10,4,22.608,-0.07
2021,10,5,22.597,-0.02
2021,10,6,22.5807,-0.02
2021,10,7,22.656,0.07
2021,10,10,22.548,-0.11
2021,10,11,22.538,-0.01
2021,10,12,23.0748,0.53
2021,10,13,23.502,0.42
2021,10,14,23.261,-0.25
2021,10,17,23.18,-0.09
2021,10,18,23.637,0.45
2021,10,19,24.2868,0.64
2021,10,20,24.1277,-0.16
2021,10,21,24.3,0.17
2021,10,24,24.546,0.24
2021,10,25,24.1425,-0.41
2021,10,26,24.0498,-0.1
2021,10,27,24.0658,0.01
2021,10,28,23.863,-0.21
2021,10,31,24.0507,0.18
2021,11,1,23.503,-0.55
2021,11,2,23.4975,-0.01
2021,11,3,23.7683,0.27
2021,11,4,24.149,0.38
2021,11,7,24.4207,0.27
2021,11,8,24.2808,-0.14
2021,11,9,24.6108,0.33
2021,11,10,25.2248,0.61
2021,11,11,25.304,0.07
2021,11,14,25.059,-0.25
2021,11,15,24.8208,-0.24
2021,11,16,25.0658,0.24
2021,11,17,24.79,-0.28
2021,11,18,24.604,-0.19
2021,11,21,24.1628,-0.45
2021,11,22,23.6408,-0.53
2021,11,23,23.5248,-0.12
2021,11,24,23.5773,0.05
2021,11,25,23.11,-0.47
2021,11,28,22.8828,-0.23
2021,11,29,22.8017,-0.09
2021,11,30,22.3,-0.51
2021,12,1,22.3628,0.06
2021,12,2,22.52,0.15
2021,12,5,22.37,-0.15
2021,12,6,22.4868,0.11
2021,12,7,22.41,-0.08
2021,12,8,21.9368,-0.48
2021,12,9,22.149,0.21
2021,12,12,22.3168,0.16
2021,12,13,21.9238,-0.4
2021,12,14,22.0458,0.12
2021,12,15,22.4718,0.42
2021,12,16,22.333,-0.14
2021,12,19,22.2558,-0.08
2021,12,20,22.4988,0.24
2021,12,21,22.7918,0.29
2021,12,22,22.8568,0.06
2021,12,23,22.96,0.1
2021,12,26,23.0458,0.08
2021,12,27,22.99,-0.06
2021,12,28,22.8178,-0.18
2021,12,29,23.01,0.19
2021,12,30,23.29,0.28
2022,1,2,22.8778,-0.42
2022,1,3,23.035,0.15
2022,1,4,22.7928,-0.25
2022,1,5,22.1798,-0.62
2022,1,6,22.343,0.16
2022,1,9,22.4448,0.1
2022,1,10,22.7638,0.31
2022,1,11,23.1198,0.35
2022,1,12,23.06,-0.06
2022,1,13,22.942,-0.12
2022,1,16,22.976,0.03
2022,1,17,23.4528,0.47
2022,1,18,24.134,0.68
2022,1,19,24.469,0.33
2022,1,20,24.271,-0.2
2022,1,23,23.9648,-0.31
2022,1,24,23.8,-0.17
2022,1,25,23.513,-0.29
2022,1,26,22.759,-0.76
2022,1,27,22.453,-0.31
2022,1,30,22.458,0
2022,1,31,22.62,0.16
2022,2,1,22.6418,0.02
2022,2,2,22.4128,-0.23
2022,2,3,22.486,0.07
2022,2,6,22.99,0.5
2022,2,7,23.187,0.19
2022,2,8,23.302,0.11
2022,2,9,23.187,-0.12
2022,2,10,23.546,0.35
2022,2,13,23.846,0.3
2022,2,14,23.355,-0.5
2022,2,15,23.578,0.22
2022,2,16,23.833,0.25
2022,2,17,23.902,0.06
2022,2,20,23.901,-0.01
2022,2,21,24.093,0.19
2022,2,22,24.528,0.43
2022,2,23,24.209,-0.32
2022,2,24,24.253,0.04
2022,2,27,24.44,0.18
2022,2,28,25.355,0.91
2022,3,1,25.288,-0.07
2022,3,2,25.163,-0.13
2022,3,3,25.6615,0.49
2022,3,6,25.647,-0.02
2022,3,7,26.374,0.72
2022,3,8,25.78,-0.6
2022,3,9,25.8837,0.1
2022,3,10,25.852,-0.04
2022,3,13,25.023,-0.83
2022,3,14,24.873,-0.15
2022,3,15,25.0937,0.22
2022,3,16,25.32,0.22
2022,3,17,24.94,-0.38
2022,3,20,25.178,0.23
2022,3,21,24.75,-0.43
2022,3,22,25.09,0.34
2022,3,23,25.546,0.45
2022,3,24,25.481,-0.07
2022,3,27,24.837,-0.65
2022,3,28,24.776,-0.07
2022,3,29,24.843,0.06
2022,3,30,24.76,-0.09
2022,3,31,24.614,-0.15
2022,4,3,24.5387,-0.08
2022,4,4,24.3227,-0.22
2022,4,5,24.429,0.1
2022,4,6,24.578,0.14
2022,4,7,24.714,0.13
2022,4,10,25.071,0.35
2022,4,11,25.34,0.26
2022,4,12,25.715,0.37
2022,4,13,25.644,-0.08
2022,4,14,25.64,-0.01
2022,4,17,25.8477,0.2
2022,4,18,25.1717,-0.68
2022,4,19,25.176,0
2022,4,20,24.6447,-0.54
2022,4,21,24.105,-0.54
2022,4,24,23.545,-0.56
2022,4,25,23.48,-0.07
2022,4,26,23.2747,-0.21
2022,4,27,23.13,-0.15
2022,4,28,22.74,-0.39
2022,5,1,22.623,-0.12
2022,5,2,22.542,-0.09
2022,5,3,22.9687,0.42
2022,5,4,22.4827,-0.49
2022,5,5,22.33,-0.16
2022,5,8,21.771,-0.56
2022,5,9,21.24,-0.54
2022,5,10,21.5557,0.31
2022,5,11,20.653,-0.91
2022,5,12,21.077,0.42
2022,5,15,21.593,0.51
2022,5,16,21.615,0.02
2022,5,17,21.403,-0.22
2022,5,18,21.89,0.48
2022,5,19,21.73,-0.16
2022,5,22,21.785,0.05
2022,5,23,22.08,0.29
2022,5,24,21.961,-0.12
2022,5,25,21.988,0.02
2022,5,26,22.1,0.11
2022,5,29,21.974,-0.13
2022,5,30,21.525,-0.45
2022,5,31,21.81,0.28
2022,6,1,22.283,0.47
2022,6,2,21.91,-0.38
2022,6,5,22.064,0.15
2022,6,6,22.2257,0.16
2022,6,7,22.035,-0.2
2022,6,8,21.6907,-0.35
2022,6,9,21.87,0.17
2022,6,12,21.04,-0.83
2022,6,13,21.04,0
2022,6,14,21.617,0.57
2022,6,15,21.926,0.3
2022,6,16,21.666,-0.26
2022,6,19,21.583,-0.09
2022,6,20,21.671,0.08
2022,6,21,21.404,-0.27
2022,6,22,20.932,-0.48
2022,6,23,21.11,0.17
2022,6,26,21.13,0.01
2022,6,27,20.8188,-0.32
2022,6,28,20.722,-0.1
2022,6,29,20.2838,-0.44
2022,6,30,19.87,-0.42
2022,7,3,19.94,0.07
2022,7,4,19.205,-0.74
2022,7,5,19.2006,-0.01
2022,7,6,19.211,0.01
2022,7,7,19.291,0.08
2022,7,10,19.1049,-0.19
2022,7,11,18.913,-0.2
2022,7,12,19.18,0.26
2022,7,13,18.4107,-0.77
2022,7,14,18.69,0.27
2022,7,17,18.6907,0
2022,7,18,18.7518,0.06
2022,7,19,18.64,-0.12
2022,7,20,18.8378,0.19
2022,7,21,18.563,-0.28
2022,7,24,18.4297,-0.14
2022,7,25,18.61,0.18
2022,7,26,19.0827,0.47
2022,7,27,19.9996,0.91
2022,7,28,20.32,0.32
2022,7,31,20.3538,0.03
2022,8,1,19.9387,-0.42
2022,8,2,20.038,0.09
2022,8,3,20.168,0.13
2022,8,4,19.886,-0.29
2022,8,7,20.6547,0.76
2022,8,8,20.513,-0.15
2022,8,9,20.5827,0.06
2022,8,10,20.3098,-0.28
2022,8,11,20.786,0.47
2022,8,14,20.2487,-0.54
2022,8,15,20.116,-0.14
2022,8,16,19.762,-0.36
2022,8,17,19.515,-0.25
2022,8,18,19.022,-0.5
2022,8,21,18.971,-0.06
2022,8,22,19.1259,0.15
2022,8,23,19.1058,-0.03
2022,8,24,19.235,0.12
2022,8,25,18.88,-0.36
2022,8,28,18.74,-0.14
2022,8,29,18.399,-0.35
2022,8,30,17.97,-0.43
2022,8,31,17.76,-0.21
2022,9,1,18.034,0.27
2022,9,4,18.123,0.08
2022,9,5,17.988,-0.14
2022,9,6,18.4238,0.43
2022,9,7,18.521,0.09
2022,9,8,18.819,0.29
2022,9,11,19.8078,0.98
2022,9,12,19.33,-0.48
2022,9,13,19.69,0.36
2022,9,14,19.1659,-0.53
2022,9,15,19.56,0.39
2022,9,18,19.552,-0.01
2022,9,19,19.2358,-0.32
2022,9,20,19.55,0.31
2022,9,21,19.6198,0.06
2022,9,22,18.852,-0.77
2022,9,25,18.32,-0.54
2022,9,26,18.354,0.03
2022,9,27,18.869,0.51
2022,9,28,18.804,-0.07
2022,9,29,19,0.19
2022,10,2,20.679,1.67
2022,10,3,21.035,0.35
2022,10,4,20.642,-0.4
2022,10,5,20.641,-0.01
2022,10,6,20.11,-0.54
2022,10,9,19.591,-0.52
2022,10,10,19.142,-0.45
2022,10,11,19.007,-0.14
2022,10,12,18.858,-0.15
2022,10,13,18.237,-0.63
2022,10,16,18.623,0.38
2022,10,17,18.702,0.07
2022,10,18,18.44,-0.27
2022,10,19,18.628,0.18
2022,10,20,19.4,0.77
2022,10,23,19.213,-0.19
2022,10,24,19.322,0.1
2022,10,25,19.568,0.24
2022,10,26,19.5878,0.01
2022,10,27,19.22,-0.37
2022,10,30,19.106,-0.12
2022,10,31,19.597,0.49
2022,11,1,19.198,-0.4
2022,11,2,19.451,0.25
2022,11,3,20.8482,1.39
2022,11,6,20.77,-0.08
2022,11,7,21.32,0.55
2022,11,8,21.047,-0.28
2022,11,9,21.66,0.61
2022,11,10,21.681,0.02
2022,11,13,21.968,0.28
2022,11,14,21.55,-0.42
2022,11,15,21.453,-0.1
2022,11,16,20.93,-0.53
2022,11,17,20.928,-0.01
2022,11,20,20.83,-0.1
2022,11,21,21.074,0.24
2022,11,22,21.523,0.44
2022,11,23,21.5,-0.03
2022,11,24,21.378,-0.13
2022,11,27,20.923,-0.46
2022,11,28,21.23,0.3
2022,11,29,22.169,0.93
2022,11,30,22.72,0.55
2022,12,1,23.119,0.39
2022,12,4,22.23,-0.89
2022,12,5,22.17,-0.06
2022,12,6,22.706,0.53
2022,12,7,23.046,0.34
2022,12,8,23.456,0.41
2022,12,11,23.305,-0.16
2022,12,12,23.71,0.4
2022,12,13,23.931,0.22
2022,12,14,23.085,-0.85
2022,12,15,23.212,0.12
2022,12,18,22.97,-0.25
2022,12,19,24.14,1.17
2022,12,20,23.947,-0.2
2022,12,21,23.564,-0.39
2022,12,22,23.703,0.13
2022,12,25,23.7223,0.01
2022,12,26,24.02,0.29
2022,12,27,23.534,-0.49
2022,12,28,23.88,0.34
2022,12,29,23.932,0.05
2023,1,1,23.954,0.02
2023,1,2,24.001,0.04
2023,1,3,23.749,-0.26
2023,1,4,23.229,-0.52
2023,1,5,23.79,0.56
2023,1,8,23.643,-0.15
2023,1,9,23.596,-0.05
2023,1,10,23.409,-0.19
2023,1,11,23.764,0.35
2023,1,12,24.2562,0.49
2023,1,15,24.29,0.03
2023,1,16,23.921,-0.37
2023,1,17,23.44,-0.49
2023,1,18,23.83,0.39
2023,1,19,23.9272,0.09
2023,1,22,23.44,-0.49
2023,1,23,23.65,0.2
2023,1,24,23.89,0.24
2023,1,25,23.9,0
2023,1,26,23.573,-0.33
2023,1,29,23.594,0.02
2023,1,30,23.71,0.11
2023,1,31,23.96,0.25
2023,2,1,23.44,-0.52
2023,2,2,22.34,-1.1
2023,2,5,22.25,-0.09
2023,2,6,22.159,-0.1
2023,2,7,22.3,0.14
2023,2,8,21.95,-0.35
2023,2,9,21.969,0.01
2023,2,12,21.981,0.01
2023,2,13,21.838,-0.15
2023,2,14,21.61,-0.23
2023,2,15,21.567,-0.05
2023,2,16,21.689,0.12
2023,2,19,21.799,0.11
2023,2,20,21.82,0.02
2023,2,21,21.512,-0.31
2023,2,22,21.299,-0.22
2023,2,23,20.751,-0.55
2023,2,26,20.608,-0.15
2023,2,27,20.886,0.27
2023,2,28,20.97,0.08
2023,3,1,20.883,-0.09
2023,3,2,21.225,0.34
2023,3,5,21.032,-0.2
2023,3,6,20.055,-0.98
2023,3,7,20.019,-0.04
2023,3,8,20.06,0.04
2023,3,9,20.5232,0.46
2023,3,12,21.77,1.24
2023,3,13,21.678,-0.1
2023,3,14,21.77,0.09
2023,3,15,21.71,-0.06
2023,3,16,22.59,0.88
2023,3,19,22.529,-0.07
2023,3,20,22.357,-0.18
2023,3,21,22.97,0.61
2023,3,22,23.062,0.09
2023,3,23,23.2202,0.15
2023,3,26,23.046,-0.18
2023,3,27,23.3,0.25
2023,3,28,23.331,0.03
2023,3,29,23.895,0.56
2023,3,30,24.096,0.2
2023,4,2,23.95,-0.15
2023,4,3,25.01,1.06
2023,4,4,24.932,-0.08
2023,4,5,24.97,0.03
2023,4,6,24.9592,-0.02
2023,4,9,24.85,-0.11
2023,4,10,25.07,0.22
2023,4,11,25.479,0.4
2023,4,12,25.818,0.33
2023,4,13,25.317,-0.51
2023,4,16,25.05,-0.27
2023,4,17,25.179,0.12
2023,4,18,25.25,0.07
2023,4,19,25.25,0
2023,4,20,25.083,-0.17
2023,4,23,25.14,0.05
2023,4,24,24.9998,-0.15
2023,4,25,24.88,-0.12
2023,4,26,24.897,0.01
2023,4,27,25.035,0.13
2023,4,30,24.978,-0.06
2023,5,1,25.3538,0.37
2023,5,2,25.5962,0.24
2023,5,3,25.999,0.4
2023,5,4,25.641,-0.36
2023,5,7,25.5267,-0.12
2023,5,8,25.585,0.05
2023,5,9,25.38,-0.21
2023,5,10,24.16,-1.22
2023,5,11,23.9622,-0.2
2023,5,14,24.047,0.08
2023,5,15,23.711,-0.34
2023,5,16,23.73,0.01
2023,5,17,23.475,-0.26
2023,5,18,23.845,0.37
2023,5,21,23.64,-0.21
2023,5,22,23.447,-0.2
2023,5,23,23.052,-0.4
2023,5,24,22.72,-0.34
2023,5,25,23.3072,0.58
2023,5,28,23.138,-0.17
2023,5,29,23.171,0.03
2023,5,30,23.479,0.3
2023,5,31,23.87,0.39
2023,6,1,23.6122,-0.26
2023,6,4,23.53,-0.09
2023,6,5,23.582,0.05
2023,6,6,23.401,-0.19
2023,6,7,24.25,0.84
2023,6,8,24.268,0.01
2023,6,11,24.044,-0.23
2023,6,12,23.622,-0.43
2023,6,13,23.907,0.28
2023,6,14,23.827,-0.08
2023,6,15,24.1812,0.35
2023,6,18,23.923,-0.26
2023,6,19,23.133,-0.79
2023,6,20,22.64,-0.5
2023,6,21,22.231,-0.41
2023,6,22,22.412,0.18
2023,6,25,22.76,0.34
2023,6,26,22.832,0.07
2023,6,27,22.697,-0.14
2023,6,28,22.5547,-0.15
2023,6,29,22.745,0.19
2023,7,2,22.87,0.12
2023,7,3,22.9227,0.05
2023,7,4,23.112,0.18
2023,7,5,22.74,-0.38
2023,7,6,23.05,0.31
2023,7,9,23.123,0.07
2023,7,10,23.114,-0.01
2023,7,11,24.089,0.97
2023,7,12,24.785,0.69
2023,7,13,24.92,0.13
2023,7,16,24.807,-0.12
2023,7,17,25.054,0.24
2023,7,18,25.11,0.05
2023,7,19,24.726,-0.39
2023,7,20,24.57,-0.16
2023,7,23,24.3298,-0.25
2023,7,24,24.686,0.35
2023,7,25,24.905,0.21
2023,7,26,24.106,-0.8
2023,7,27,24.335,0.22
2023,7,30,24.739,0.4
2023,7,31,24.3126,-0.43
2023,8,1,23.7058,-0.61
2023,8,2,23.55,-0.16
2023,8,3,23.6282,0.07
2023,8,6,23.088,-0.55
2023,8,7,22.76,-0.33
2023,8,8,22.6507,-0.11
2023,8,9,22.695,0.04
2023,8,10,22.677,-0.02
2023,8,13,22.591,-0.09
2023,8,14,22.505,-0.09
2023,8,15,22.4,-0.11
2023,8,16,22.685,0.28
2023,8,17,22.735,0.05
2023,8,20,23.2938,0.55
2023,8,21,23.408,0.11
2023,8,22,24.289,0.88
2023,8,23,24.105,-0.19
2023,8,24,24.2132,0.1
2023,8,27,24.213,-0.01
2023,8,28,24.688,0.47
2023,8,29,24.581,-0.11
2023,8,30,24.409,-0.18
2023,8,31,24.16,-0.25
2023,9,3,23.934,-0.23
2023,9,4,23.533,-0.41
2023,9,5,23.16,-0.38
2023,9,6,22.958,-0.21
2023,9,7,22.91,-0.05
2023,9,10,23.064,0.15
2023,9,11,23.0538,-0.02
2023,9,12,22.83,-0.23
2023,9,13,22.616,-0.22
2023,9,14,23.024,0.4
2023,9,17,23.23,0.2
2023,9,18,23.185,-0.05
2023,9,19,23.217,0.03
2023,9,20,23.396,0.17
2023,9,21,23.5512,0.15
2023,9,24,23.131,-0.43
2023,9,25,22.829,-0.31
2023,9,26,22.533,-0.3
2023,9,27,22.6,0.06
2023,9,28,22.171,-0.43
2023,10,1,21.02,-1.16
2023,10,2,21.172,0.15
2023,10,3,20.9926,-0.18
2023,10,4,20.957,-0.04
2023,10,5,21.5852,0.62
2023,10,8,21.859,0.27
2023,10,9,21.823,-0.04
2023,10,10,22.003,0.18
2023,10,11,21.825,-0.18
2023,10,12,22.7,0.87
2023,10,15,22.594,-0.11
2023,10,16,22.79,0.19
2023,10,17,22.849,0.05
2023,10,18,23.027,0.17
2023,10,19,23.35,0.32
2023,10,22,22.928,-0.43
2023,10,23,22.93,0
2023,10,24,22.845,-0.09
2023,10,25,22.77,-0.08
2023,10,26,23.09,0.32
2023,10,29,23.29,0.2
2023,10,30,22.85,-0.44
2023,10,31,22.927,0.07
2023,11,1,22.756,-0.18
2023,11,2,23.208,0.45
2023,11,5,23.01,-0.2
2023,11,6,22.6227,-0.39
2023,11,7,22.525,-0.1
2023,11,8,22.621,0.09
2023,11,9,22.2582,-0.37
2023,11,12,22.293,0.03
2023,11,13,23.071,0.77
2023,11,14,23.4338,0.36
2023,11,15,23.717,0.28
2023,11,16,23.699,-0.02
2023,11,19,23.419,-0.28
2023,11,20,23.726,0.3
2023,11,21,23.613,-0.12
2023,11,22,23.828,0.21
2023,11,23,24.306,0.47
2023,11,26,24.625,0.31
2023,11,27,25.011,0.38
2023,11,28,25.0048,-0.01
2023,11,29,25.261,0.25
2023,11,30,25.4792,0.21
2023,12,3,24.48,-1
2023,12,4,24.1478,-0.34
2023,12,5,23.89,-0.26
2023,12,6,23.79,-0.11
2023,12,7,22.988,-0.81
2023,12,10,22.808,-0.18
2023,12,11,22.729,-0.08
2023,12,12,23.792,1.06
2023,12,13,24.1587,0.36
2023,12,14,23.853,-0.31
2023,12,17,23.786,-0.07
2023,12,18,24.036,0.25
2023,12,19,24.13,0.09
2023,12,20,24.392,0.26
2023,12,21,24.1798,-0.22
2023,12,24,24.183,0
2023,12,25,24.207,0.02
2023,12,26,24.2527,0.04
2023,12,27,23.978,-0.28
2023,12,28,23.778,-0.21
2023,12,31,23.778,0
2024,1,1,23.637,-0.15
2024,1,2,22.9767,-0.67
2024,1,3,22.992,0.01
2024,1,4,23.182,0.18
2024,1,7,23.076,-0.11
2024,1,8,22.96,-0.12
2024,1,9,22.883,-0.08
2024,1,10,22.737,-0.15
2024,1,11,23.187,0.45
2024,1,14,23.201,0.01
2024,1,15,22.901,-0.3
2024,1,16,22.54,-0.37
2024,1,17,22.7258,0.18
2024,1,18,22.6092,-0.12
2024,1,21,22.078,-0.54
2024,1,22,22.425,0.34
2024,1,23,22.645,0.22
2024,1,24,22.88,0.23
2024,1,25,22.778,-0.11
2024,1,28,23.1867,0.4
2024,1,29,23.156,-0.04
2024,1,30,22.9248,-0.24
2024,1,31,23.156,0.23
2024,2,1,22.682,-0.48
2024,2,4,22.333,-0.35
2024,2,5,22.408,0.07
2024,2,6,22.1948,-0.22
2024,2,7,22.553,0.35
2024,2,8,22.591,0.03
2024,2,11,22.658,0.06
2024,2,12,22.1067,-0.56
2024,2,13,22.345,0.23
2024,2,14,22.898,0.55
2024,2,15,23.398,0.5
2024,2,18,22.99,-0.41
2024,2,19,22.955,-0.04
2024,2,20,22.88,-0.08
2024,2,21,22.734,-0.15
2024,2,22,22.944,0.2
2024,2,25,22.507,-0.44
2024,2,26,22.438,-0.07
2024,2,27,22.433,-0.01
2024,2,28,22.657,0.22
2024,2,29,23.1262,0.46
2024,3,3,23.871,0.74
2024,3,4,23.656,-0.22
2024,3,5,24.156,0.5
2024,3,6,24.31,0.15
2024,3,7,24.305,-0.01
2024,3,10,24.459,0.15
2024,3,11,24.105,-0.36
2024,3,12,25,0.89
2024,3,13,24.803,-0.2
2024,3,14,25.173,0.37
2024,3,17,25.0358,-0.14
2024,3,18,24.895,-0.15
2024,3,19,25.57,0.67
2024,3,20,24.7,-0.87
2024,3,21,24.661,-0.04
2024,3,24,24.6587,-0.01
2024,3,25,24.442,-0.22
2024,3,26,24.611,0.16
2024,3,27,24.94,0.32
2024,3,28,24.97,0.02
2024,3,31,25.079,0.1
2024,4,1,26.127,1.04
2024,4,2,27.178,1.05
2024,4,3,26.896,-0.29
2024,4,4,27.462,0.56
2024,4,7,27.8277,0.36
2024,4,8,28.127,0.29
2024,4,9,27.9,-0.23
2024,4,10,28.416,0.51
2024,4,11,27.845,-0.58
2024,4,14,28.85,1
2024,4,15,28.07,-0.78
2024,4,16,28.205,0.13
2024,4,17,28.212,0
2024,4,18,28.669,0.45
2024,4,21,27.19,-1.48
2024,4,22,27.28,0.09
2024,4,23,27.134,-0.15
2024,4,24,27.423,0.28
2024,4,25,27.203,-0.22
2024,4,28,27.1343,-0.07
2024,4,29,26.28,-0.86
2024,4,30,26.6387,0.35
2024,5,1,26.6555,0.01
2024,5,2,26.5522,-0.11
2024,5,5,27.4273,0.87
2024,5,6,27.226,-0.21
2024,5,7,27.3233,0.09
2024,5,8,28.328,1
2024,5,9,28.14,-0.19
2024,5,12,28.201,0.06
2024,5,13,28.61,0.4
2024,5,14,29.6247,1.01
2024,5,15,29.57,-0.06
2024,5,16,31.49,1.92
2024,5,19,31.81,0.32
2024,5,20,31.97,0.16
2024,5,21,30.771,-1.2
2024,5,22,30.128,-0.65
2024,5,23,30.35,0.22
