time      	close	Volume

2009-08-28	14.74	0.00   
2009-08-31	14.89	0.00   
2009-09-01	15.04	0.00   
2009-09-02	15.34	0.00   
2009-09-03	16.11	0.00   
2009-09-04	16.20	0.00   
2009-09-07	16.29	0.00   
2009-09-08	16.41	0.00   
2009-09-09	16.27	0.00   
2009-09-10	16.68	0.00   
2009-09-11	16.74	0.00   
2009-09-14	16.51	0.00   
2009-09-15	16.97	0.00   
2009-09-16	17.35	0.00   
2009-09-17	17.18	0.00   
2009-09-18	16.96	0.00   
2009-09-21	16.80	0.00   
2009-09-22	17.10	0.00   
2009-09-23	16.71	0.00   
2009-09-24	16.18	0.00   
2009-09-25	16.00	0.00   
2009-09-28	16.14	0.00   
2009-09-29	16.11	0.00   
2009-09-30	16.59	0.00   
2009-10-01	16.32	0.00   
2009-10-02	16.12	0.00   
2009-10-05	16.59	0.00   
2009-10-06	17.32	0.00   
2009-10-07	17.55	0.00   
2009-10-08	17.72	0.00   
2009-10-09	17.67	0.00   
2009-10-12	17.68	0.00   
2009-10-13	17.75	0.00   
2009-10-14	17.85	0.00   
2009-10-15	17.32	0.00   
2009-10-16	17.41	0.00   
2009-10-19	17.78	0.00   
2009-10-20	17.45	0.00   
2009-10-21	17.66	0.00   
2009-10-22	17.65	0.00   
2009-10-23	17.66	0.00   
2009-10-26	17.05	0.00   
2009-10-27	16.65	0.00   
2009-10-28	16.09	0.00   
2009-10-29	16.63	0.00   
2009-10-30	16.27	0.00   
2009-11-02	16.42	0.00   
2009-11-03	17.20	0.00   
2009-11-04	17.44	0.00   
2009-11-05	17.37	0.00   
2009-11-06	17.35	0.00   
2009-11-09	17.58	0.00   
2009-11-10	17.32	0.00   
2009-11-11	17.59	0.00   
2009-11-12	17.21	0.00   
2009-11-13	17.43	0.00   
2009-11-16	18.36	0.00   
2009-11-17	18.40	0.00   
2009-11-18	18.55	0.00   
2009-11-19	18.51	0.00   
2009-11-20	18.48	0.00   
2009-11-23	18.84	0.00   
2009-11-24	18.49	0.00   
2009-11-25	18.82	0.00   
2009-11-26	18.61	0.00   
2009-11-27	18.25	0.00   
2009-11-30	18.45	0.00   
2009-12-01	19.07	0.00   
2009-12-02	19.20	0.00   
2009-12-03	18.80	0.00   
2009-12-04	18.50	0.00   
2009-12-07	18.16	0.00   
2009-12-08	17.59	0.00   
2009-12-10	17.37	0.00   
2009-12-11	17.14	0.00   
2009-12-14	17.36	0.00   
2009-12-15	17.41	0.00   
2009-12-16	17.67	0.00   
2009-12-17	17.13	0.00   
2009-12-18	17.25	0.00   
2009-12-21	17.01	0.00   
2009-12-22	16.96	0.00   
2009-12-23	17.09	0.00   
2009-12-24	17.43	0.00   
2009-12-25	17.50	0.00   
2009-12-28	17.49	0.00   
2009-12-29	17.09	0.00   
2009-12-30	16.79	0.00   
2009-12-31	16.85	0.00   
2010-01-01	16.84	0.00   
2010-01-04	17.55	0.00   
2010-01-05	17.76	0.00   
2010-01-06	18.18	0.00   
2010-01-07	18.22	0.00   
2010-01-08	18.45	0.00   
2010-01-11	18.56	0.00   
2010-01-12	18.25	0.00   
2010-01-13	18.59	0.00   
2010-01-14	18.64	0.00   
2010-01-15	18.36	0.00   
2010-01-18	18.61	0.00   
2010-01-19	18.73	0.00   
2010-01-20	17.87	0.00   
2010-01-21	17.38	0.00   
2010-01-22	17.02	0.00   
2010-01-25	17.12	0.00   
2010-01-26	16.72	0.00   
2010-01-27	16.53	0.00   
2010-01-28	16.20	0.00   
2010-01-29	16.18	0.00   
2010-02-01	16.64	0.00   
2010-02-02	16.68	0.00   
2010-02-03	16.34	0.00   
2010-02-04	15.23	0.00   
2010-02-05	15.15	0.00   
2010-02-08	14.98	0.00   
2010-02-09	15.42	0.00   
2010-02-10	15.18	0.00   
2010-02-11	15.65	0.00   
2010-02-12	15.48	0.00   
2010-02-15	15.53	0.00   
2010-02-16	16.11	0.00   
2010-02-17	15.86	0.00   
2010-02-18	15.80	0.00   
2010-02-19	16.26	0.00   
2010-02-22	16.20	0.00   
2010-02-23	15.82	0.00   
2010-02-24	15.96	0.00   
2010-02-25	16.04	0.00   
2010-02-26	16.45	0.00   
2010-03-01	16.45	0.00   
2010-03-02	16.89	0.00   
2010-03-03	17.17	0.00   
2010-03-04	17.09	0.00   
2010-03-05	17.33	0.00   
2010-03-08	17.22	0.00   
2010-03-09	17.24	0.00   
2010-03-10	16.97	0.00   
2010-03-11	17.15	0.00   
2010-03-12	17.04	0.00   
2010-03-15	17.09	0.00   
2010-03-16	17.36	0.00   
2010-03-17	17.46	0.00   
2010-03-18	17.35	0.00   
2010-03-19	16.93	0.00   
2010-03-22	16.93	0.00   
2010-03-23	16.96	0.00   
2010-03-24	16.52	0.00   
2010-03-25	16.56	0.00   
2010-03-26	16.85	0.00   
2010-03-29	17.35	0.00   
2010-03-30	17.23	0.00   
2010-03-31	17.48	0.00   
2010-04-01	17.88	0.00   
2010-04-02	17.87	0.00   
2010-04-05	18.02	0.00   
2010-04-06	17.89	0.00   
2010-04-07	18.11	0.00   
2010-04-08	18.04	0.00   
2010-04-09	18.34	0.00   
2010-04-12	18.20	0.00   
2010-04-13	18.18	0.00   
2010-04-14	18.40	0.00   
2010-04-15	18.38	0.00   
2010-04-16	17.67	0.00   
2010-04-19	17.72	0.00   
2010-04-20	17.80	0.00   
2010-04-21	18.04	0.00   
2010-04-22	17.93	0.00   
2010-04-23	18.29	0.00   
2010-04-26	18.26	0.00   
2010-04-27	18.14	0.00   
2010-04-28	18.06	0.00   
2010-04-29	18.43	0.00   
2010-04-30	18.59	0.00   
2010-05-03	18.80	0.00   
2010-05-04	17.88	0.00   
2010-05-05	17.45	0.00   
2010-05-06	17.59	0.00   
2010-05-07	18.32	0.00   
2010-05-10	18.48	0.00   
2010-05-11	19.32	0.00   
2010-05-12	19.46	0.00   
2010-05-13	19.43	0.00   
2010-05-14	19.25	0.00   
2010-05-17	18.85	0.00   
2010-05-18	19.00	0.00   
2010-05-19	18.18	0.00   
2010-05-20	17.68	0.00   
2010-05-21	17.59	0.00   
2010-05-24	17.89	0.00   
2010-05-25	17.93	0.00   
2010-05-26	18.01	0.00   
2010-05-27	18.45	0.00   
2010-05-28	18.35	0.00   
2010-05-31	18.49	0.00   
2010-06-01	18.41	0.00   
2010-06-02	18.34	0.00   
2010-06-03	17.92	0.00   
2010-06-04	17.37	0.00   
2010-06-07	18.09	0.00   
2010-06-08	18.30	0.00   
2010-06-09	18.08	0.00   
2010-06-10	18.19	0.00   
2010-06-11	18.18	0.00   
2010-06-14	18.23	0.00   
2010-06-15	18.51	0.00   
2010-06-16	18.41	0.00   
2010-06-17	18.64	0.00   
2010-06-18	19.16	0.00   
2010-06-21	18.70	0.00   
2010-06-22	18.74	0.00   
2010-06-23	18.45	0.00   
2010-06-24	18.65	0.00   
2010-06-25	19.03	0.00   
2010-06-28	18.68	0.00   
2010-06-29	18.46	0.00   
2010-06-30	18.55	0.00   
2010-07-01	17.73	0.00   
2010-07-02	17.82	0.00   
2010-07-05	17.71	0.00   
2010-07-06	17.75	0.00   
2010-07-07	17.96	0.00   
2010-07-08	17.88	0.00   
2010-07-09	18.04	0.00   
2010-07-12	18.21	0.00   
2010-07-13	18.18	0.00   
2010-07-14	18.23	0.00   
2010-07-15	18.28	0.00   
2010-07-16	17.86	0.00   
2010-07-19	17.51	0.00   
2010-07-20	17.62	0.00   
2010-07-21	17.59	0.00   
2010-07-22	18.09	0.00   
2010-07-23	18.10	0.00   
2010-07-26	18.11	0.00   
2010-07-27	17.64	0.00   
2010-07-28	17.44	0.00   
2010-07-29	17.67	0.00   
2010-07-30	17.98	0.00   
2010-08-02	18.35	0.00   
2010-08-03	18.34	0.00   
2010-08-04	18.30	0.00   
2010-08-05	18.26	0.00   
2010-08-06	18.46	0.00   
2010-08-09	18.26	0.00   
2010-08-10	18.28	0.00   
2010-08-11	17.82	0.00   
2010-08-12	18.02	0.00   
2010-08-13	18.02	0.00   
2010-08-16	18.38	0.00   
2010-08-17	18.50	0.00   
2010-08-18	18.32	0.00   
2010-08-19	18.24	0.00   
2010-08-20	18.01	0.00   
2010-08-23	17.98	0.00   
2010-08-24	18.39	0.00   
2010-08-25	18.95	0.00   
2010-08-26	18.96	0.00   
2010-08-27	19.07	0.00   
2010-08-30	19.02	0.00   
2010-08-31	19.34	0.00   
2010-09-01	19.29	0.00   
2010-09-02	19.58	0.00   
2010-09-03	19.81	0.00   
2010-09-06	19.92	0.00   
2010-09-07	19.74	0.00   
2010-09-08	19.86	0.00   
2010-09-09	19.66	0.00   
2010-09-10	19.87	0.00   
2010-09-13	19.96	0.00   
2010-09-14	20.41	0.00   
2010-09-15	20.57	0.00   
2010-09-16	20.73	0.00   
2010-09-17	20.74	0.00   
2010-09-20	20.66	0.00   
2010-09-21	20.89	0.00   
2010-09-22	21.11	0.00   
2010-09-23	21.14	0.00   
2010-09-24	21.45	0.00   
2010-09-27	21.38	0.00   
2010-09-28	21.70	0.00   
2010-09-29	21.82	0.00   
2010-09-30	21.70	0.00   
2010-10-01	21.97	0.00   
2010-10-04	21.84	0.00   
2010-10-05	22.81	0.00   
2010-10-06	23.13	0.00   
2010-10-07	22.54	0.00   
2010-10-08	23.20	0.00   
2010-10-11	23.27	0.00   
2010-10-12	23.28	0.00   
2010-10-13	23.95	0.00   
2010-10-14	24.61	0.00   
2010-10-15	24.31	0.00   
2010-10-18	24.34	0.00   
2010-10-19	23.35	0.00   
2010-10-20	23.91	0.00   
2010-10-21	23.12	0.00   
2010-10-22	23.27	0.00   
2010-10-25	23.57	0.00   
2010-10-26	23.82	0.00   
2010-10-27	23.52	0.00   
2010-10-28	23.97	0.00   
2010-10-29	24.74	0.00   
2010-11-01	24.58	0.00   
2010-11-02	24.86	0.00   
2010-11-03	24.81	0.00   
2010-11-04	26.24	0.00   
2010-11-05	26.72	0.00   
2010-11-08	27.73	0.00   
2010-11-09	26.91	0.00   
2010-11-10	27.22	0.00   
2010-11-11	27.66	0.00   
2010-11-12	26.04	0.00   
2010-11-15	25.45	0.00   
2010-11-16	25.44	0.00   
2010-11-17	25.60	0.00   
2010-11-18	26.95	0.00   
2010-11-19	27.29	0.00   
2010-11-22	27.84	0.00   
2010-11-23	27.50	0.00   
2010-11-24	27.55	0.00   
2010-11-25	27.54	0.00   
2010-11-26	26.67	0.00   
2010-11-29	27.12	0.00   
2010-11-30	28.07	0.00   
2010-12-01	28.44	0.00   
2010-12-02	28.52	0.00   
2010-12-03	29.39	0.00   
2010-12-06	30.14	0.00   
2010-12-07	28.65	0.00   
2010-12-08	28.36	0.00   
2010-12-09	28.72	0.00   
2010-12-10	28.64	0.00   
2010-12-13	29.50	0.00   
2010-12-14	29.46	0.00   
2010-12-15	28.77	0.00   
2010-12-16	28.86	0.00   
2010-12-17	29.11	0.00   
2010-12-20	29.33	0.00   
2010-12-21	29.32	0.00   
2010-12-22	29.21	0.00   
2010-12-23	29.29	0.00   
2010-12-24	29.21	0.00   
2010-12-27	29.24	0.00   
2010-12-28	30.27	0.00   
2010-12-29	30.57	0.00   
2010-12-30	30.42	0.00   
2010-12-31	30.86	0.00   
2011-01-03	30.69	0.00   
2011-01-04	29.72	0.00   
2011-01-05	29.22	0.00   
2011-01-06	29.07	0.00   
2011-01-07	28.64	0.00   
2011-01-10	29.08	0.00   
2011-01-11	29.50	0.00   
2011-01-12	29.64	0.00   
2011-01-13	28.65	0.00   
2011-01-14	28.44	0.00   
2011-01-17	28.26	0.00   
2011-01-18	28.84	0.00   
2011-01-19	28.76	0.00   
2011-01-20	27.47	0.00   
2011-01-21	27.48	0.00   
2011-01-24	26.93	0.00   
2011-01-25	26.82	0.00   
2011-01-26	27.61	0.00   
2011-01-27	26.91	0.00   
2011-01-28	27.95	0.00   
2011-01-31	28.04	0.00   
2011-02-01	28.51	0.00   
2011-02-02	28.33	0.00   
2011-02-03	28.90	0.00   
2011-02-04	29.11	0.00   
2011-02-07	29.38	0.00   
2011-02-08	30.31	0.00   
2011-02-09	30.18	0.00   
2011-02-10	30.18	0.00   
2011-02-11	29.91	0.00   
2011-02-14	30.59	0.00   
2011-02-15	30.76	0.00   
2011-02-16	30.64	0.00   
2011-02-17	31.73	0.00   
2011-02-18	32.64	0.00   
2011-02-21	32.64	0.00   
2011-02-22	33.07	0.00   
2011-02-23	33.54	0.00   
2011-02-24	32.15	0.00   
2011-02-25	33.40	0.00   
2011-02-28	33.87	0.00   
2011-03-01	34.67	0.00   
2011-03-02	34.66	0.00   
2011-03-03	34.21	0.00   
2011-03-04	35.61	0.00   
2011-03-07	35.88	0.00   
2011-03-08	36.02	0.00   
2011-03-09	36.11	0.00   
2011-03-10	35.26	0.00   
2011-03-11	35.90	0.00   
2011-03-14	35.88	0.00   
2011-03-15	34.30	0.00   
2011-03-16	34.21	0.00   
2011-03-17	34.19	0.00   
2011-03-18	35.25	0.00   
2011-03-21	36.09	0.00   
2011-03-22	36.34	0.00   
2011-03-23	37.37	0.00   
2011-03-24	37.13	0.00   
2011-03-25	37.33	0.00   
2011-03-28	37.13	0.00   
2011-03-29	37.09	0.00   
2011-03-30	37.44	0.00   
2011-03-31	37.58	0.00   
2011-04-01	37.80	0.00   
2011-04-04	38.54	0.00   
2011-04-05	39.23	0.00   
2011-04-06	39.41	0.00   
2011-04-07	39.59	0.00   
2011-04-08	40.84	0.00   
2011-04-11	40.19	0.00   
2011-04-12	40.04	0.00   
2011-04-13	40.62	0.00   
2011-04-14	42.09	0.00   
2011-04-15	42.98	0.00   
2011-04-18	43.39	0.00   
2011-04-19	43.91	0.00   
2011-04-20	45.22	0.00   
2011-04-21	46.50	0.00   
2011-04-22	47.22	0.00   
2011-04-25	46.90	0.00   
2011-04-26	45.50	0.00   
2011-04-27	47.79	0.00   
2011-04-28	48.45	0.00   
2011-04-29	47.91	0.00   
2011-05-02	43.93	0.00   
2011-05-03	41.61	0.00   
2011-05-04	39.38	0.00   
2011-05-05	34.68	0.00   
2011-05-06	35.58	0.00   
2011-05-09	37.68	0.00   
2011-05-10	38.50	0.00   
2011-05-11	35.00	0.00   
2011-05-12	34.51	0.00   
2011-05-13	35.36	0.00   
2011-05-16	33.56	0.00   
2011-05-17	33.97	0.00   
2011-05-18	35.01	0.00   
2011-05-19	35.01	0.00   
2011-05-20	35.03	0.00   
2011-05-23	35.07	0.00   
2011-05-24	36.62	0.00   
2011-05-25	37.88	0.00   
2011-05-26	37.11	0.00   
2011-05-27	37.98	0.00   
2011-05-30	38.03	0.00   
2011-05-31	38.44	0.00   
2011-06-01	36.79	0.00   
2011-06-02	36.17	0.00   
2011-06-03	36.20	0.00   
2011-06-06	36.66	0.00   
2011-06-07	37.05	0.00   
2011-06-08	36.79	0.00   
2011-06-09	37.53	0.00   
2011-06-10	36.13	0.00   
2011-06-13	34.51	0.00   
2011-06-14	35.32	0.00   
2011-06-15	35.77	0.00   
2011-06-16	35.49	0.00   
2011-06-17	35.82	0.00   
2011-06-20	36.00	0.00   
2011-06-21	36.31	0.00   
2011-06-22	36.34	0.00   
2011-06-23	35.25	0.00   
2011-06-24	34.28	0.00   
2011-06-27	33.28	0.00   
2011-06-28	33.86	0.00   
2011-06-29	34.76	0.00   
2011-06-30	34.65	0.00   
2011-07-01	33.80	0.00   
2011-07-04	34.08	0.00   
2011-07-05	35.45	0.00   
2011-07-06	35.85	0.00   
2011-07-07	36.41	0.00   
2011-07-08	36.62	0.00   
2011-07-11	35.68	0.00   
2011-07-12	36.05	0.00   
2011-07-13	38.15	0.00   
2011-07-14	38.14	0.00   
2011-07-15	39.23	0.00   
2011-07-18	40.49	0.00   
2011-07-19	38.96	0.00   
2011-07-20	40.08	0.00   
2011-07-21	39.27	0.00   
2011-07-22	40.01	0.00   
2011-07-25	40.31	0.00   
2011-07-26	40.88	0.00   
2011-07-27	40.20	0.00   
2011-07-28	39.66	0.00   
2011-07-29	39.82	0.00   
2011-08-01	39.25	0.00   
2011-08-02	40.83	0.00   
2011-08-03	41.68	0.00   
2011-08-04	38.76	0.00   
2011-08-05	38.24	0.00   
2011-08-08	38.98	0.00   
2011-08-09	37.54	0.00   
2011-08-10	39.26	0.00   
2011-08-11	38.66	0.00   
2011-08-12	38.99	0.00   
2011-08-15	39.82	0.00   
2011-08-16	39.86	0.00   
2011-08-17	40.30	0.00   
2011-08-18	40.48	0.00   
2011-08-19	42.86	0.00   
2011-08-22	43.75	0.00   
2011-08-23	41.73	0.00   
2011-08-24	39.66	0.00   
2011-08-25	41.00	0.00   
2011-08-26	41.36	0.00   
2011-08-29	40.78	0.00   
2011-08-30	41.41	0.00   
2011-08-31	41.47	0.00   
2011-09-01	41.44	0.00   
2011-09-02	43.18	0.00   
2011-09-05	42.84	0.00   
2011-09-06	41.62	0.00   
2011-09-07	41.52	0.00   
2011-09-08	42.28	0.00   
2011-09-09	41.28	0.00   
2011-09-12	40.21	0.00   
2011-09-13	41.09	0.00   
2011-09-14	40.67	0.00   
2011-09-15	39.84	0.00   
2011-09-16	40.62	0.00   
2011-09-19	39.69	0.00   
2011-09-20	39.68	0.00   
2011-09-21	39.60	0.00   
2011-09-22	35.76	0.00   
2011-09-23	30.91	0.00   
2011-09-26	30.66	0.00   
2011-09-27	31.86	0.00   
2011-09-28	29.86	0.00   
2011-09-29	30.58	0.00   
2011-09-30	29.91	0.00   
2011-10-03	30.34	0.00   
2011-10-04	29.91	0.00   
2011-10-05	30.42	0.00   
2011-10-06	31.90	0.00   
2011-10-07	31.14	0.00   
2011-10-10	32.03	0.00   
2011-10-11	32.16	0.00   
2011-10-12	32.51	0.00   
2011-10-13	31.75	0.00   
2011-10-14	32.17	0.00   
2011-10-17	31.77	0.00   
2011-10-18	32.03	0.00   
2011-10-19	31.23	0.00   
2011-10-20	30.49	0.00   
2011-10-21	31.36	0.00   
2011-10-24	31.68	0.00   
2011-10-25	33.22	0.00   
2011-10-26	33.39	0.00   
2011-10-27	35.05	0.00   
2011-10-28	35.30	0.00   
2011-10-31	34.23	0.00   
2011-11-01	33.39	0.00   
2011-11-02	34.24	0.00   
2011-11-03	34.46	0.00   
2011-11-04	34.13	0.00   
2011-11-07	34.94	0.00   
2011-11-08	34.95	0.00   
2011-11-09	34.02	0.00   
2011-11-10	34.03	0.00   
2011-11-11	34.62	0.00   
2011-11-14	34.22	0.00   
2011-11-15	34.48	0.00   
2011-11-16	33.72	0.00   
2011-11-17	31.66	0.00   
2011-11-18	32.31	0.00   
2011-11-21	31.59	0.00   
2011-11-22	32.67	0.00   
2011-11-23	31.68	0.00   
2011-11-24	31.82	0.00   
2011-11-25	31.18	0.00   
2011-11-28	32.03	0.00   
2011-11-29	31.92	0.00   
2011-11-30	32.79	0.00   
2011-12-01	32.73	0.00   
2011-12-02	32.53	0.00   
2011-12-05	32.06	0.00   
2011-12-06	32.73	0.00   
2011-12-07	32.47	0.00   
2011-12-08	31.68	0.00   
2011-12-09	32.16	0.00   
2011-12-12	31.25	0.00   
2011-12-13	30.72	0.00   
2011-12-14	28.84	0.00   
2011-12-15	29.12	0.00   
2011-12-16	29.69	0.00   
2011-12-19	28.73	0.00   
2011-12-20	29.55	0.00   
2011-12-21	29.34	0.00   
2011-12-22	29.07	0.00   
2011-12-23	29.07	0.00   
2011-12-26	29.07	0.00   
2011-12-27	28.62	0.00   
2011-12-28	27.05	0.00   
2011-12-29	27.68	0.00   
2011-12-30	27.86	0.00   
2012-01-02	27.83	0.00   
2012-01-03	29.62	0.00   
2012-01-04	29.16	0.00   
2012-01-05	29.30	0.00   
2012-01-06	28.72	0.00   
2012-01-09	28.96	0.00   
2012-01-10	29.90	0.00   
2012-01-11	29.96	0.00   
2012-01-12	30.28	0.00   
2012-01-13	29.68	0.00   
2012-01-16	29.92	0.00   
2012-01-17	30.02	0.00   
2012-01-18	30.50	0.00   
2012-01-19	30.62	0.00   
2012-01-20	32.25	0.00   
2012-01-23	32.28	0.00   
2012-01-24	32.01	0.00   
2012-01-25	33.13	0.00   
2012-01-26	33.39	0.00   
2012-01-27	33.85	0.00   
2012-01-30	33.43	0.00   
2012-01-31	33.17	0.00   
2012-02-01	33.69	0.00   
2012-02-02	34.30	0.00   
2012-02-03	33.59	0.00   
2012-02-06	33.65	0.00   
2012-02-07	34.09	0.00   
2012-02-08	33.91	0.00   
2012-02-09	33.85	0.00   
2012-02-10	33.52	0.00   
2012-02-13	33.67	0.00   
2012-02-14	33.57	0.00   
2012-02-15	33.44	0.00   
2012-02-16	33.45	0.00   
2012-02-17	33.21	0.00   
2012-02-20	33.48	0.00   
2012-02-21	34.31	0.00   
2012-02-22	34.23	0.00   
2012-02-23	35.32	0.00   
2012-02-24	35.34	0.00   
2012-02-27	35.38	0.00   
2012-02-28	36.86	0.00   
2012-02-29	34.63	0.00   
2012-03-01	35.44	0.00   
2012-03-02	34.77	0.00   
2012-03-05	33.96	0.00   
2012-03-06	32.92	0.00   
2012-03-07	33.37	0.00   
2012-03-08	33.86	0.00   
2012-03-09	34.27	0.00   
2012-03-12	33.63	0.00   
2012-03-13	33.30	0.00   
2012-03-14	32.06	0.00   
2012-03-15	32.53	0.00   
2012-03-16	32.48	0.00   
2012-03-19	32.90	0.00   
2012-03-20	32.14	0.00   
2012-03-21	32.11	0.00   
2012-03-22	31.52	0.00   
2012-03-23	32.21	0.00   
2012-03-26	32.81	0.00   
2012-03-27	32.57	0.00   
2012-03-28	32.04	0.00   
2012-03-29	32.20	0.00   
2012-03-30	32.24	0.00   
2012-04-02	32.94	0.00   
2012-04-03	32.64	0.00   
2012-04-04	31.35	0.00   
2012-04-05	31.72	0.00   
2012-04-06	31.72	0.00   
2012-04-09	31.43	0.00   
2012-04-10	31.73	0.00   
2012-04-11	31.55	0.00   
2012-04-12	32.30	0.00   
2012-04-13	31.50	0.00   
2012-04-16	31.47	0.00   
2012-04-17	31.47	0.00   
2012-04-18	31.62	0.00   
2012-04-19	31.77	0.00   
2012-04-20	31.64	0.00   
2012-04-23	30.81	0.00   
2012-04-24	30.80	0.00   
2012-04-25	30.71	0.00   
2012-04-26	31.02	0.00   
2012-04-27	31.21	0.00   
2012-04-30	31.01	0.00   
2012-05-01	30.95	0.00   
2012-05-02	30.60	0.00   
2012-05-03	30.06	0.00   
2012-05-04	30.35	0.00   
2012-05-07	30.01	0.00   
2012-05-08	29.43	0.00   
2012-05-09	29.22	0.00   
2012-05-10	28.96	0.00   
2012-05-11	28.87	0.00   
2012-05-14	28.15	0.00   
2012-05-15	27.68	0.00   
2012-05-16	27.21	0.00   
2012-05-17	27.97	0.00   
2012-05-18	28.68	0.00   
2012-05-21	28.46	0.00   
2012-05-22	28.13	0.00   
2012-05-23	27.81	0.00   
2012-05-24	28.27	0.00   
2012-05-25	28.49	0.00   
2012-05-28	28.38	0.00   
2012-05-29	27.79	0.00   
2012-05-30	27.89	0.00   
2012-05-31	27.68	0.00   
2012-06-01	28.51	0.00   
2012-06-04	28.24	0.00   
2012-06-05	28.48	0.00   
2012-06-06	29.41	0.00   
2012-06-07	28.60	0.00   
2012-06-08	28.45	0.00   
2012-06-11	28.53	0.00   
2012-06-12	28.92	0.00   
2012-06-13	28.82	0.00   
2012-06-14	28.64	0.00   
2012-06-15	28.66	0.00   
2012-06-18	28.70	0.00   
2012-06-19	28.41	0.00   
2012-06-20	28.08	0.00   
2012-06-21	26.86	0.00   
2012-06-22	26.86	0.00   
2012-06-25	27.50	0.00   
2012-06-26	27.09	0.00   
2012-06-27	26.93	0.00   
2012-06-28	26.33	0.00   
2012-06-29	27.47	0.00   
2012-07-02	27.43	0.00   
2012-07-03	28.24	0.00   
2012-07-04	28.13	0.00   
2012-07-05	27.68	0.00   
2012-07-06	27.08	0.00   
2012-07-09	27.35	0.00   
2012-07-10	26.79	0.00   
2012-07-11	27.13	0.00   
2012-07-12	27.13	0.00   
2012-07-13	27.31	0.00   
2012-07-16	27.30	0.00   
2012-07-17	27.30	0.00   
2012-07-18	27.17	0.00   
2012-07-19	27.25	0.00   
2012-07-20	27.29	0.00   
2012-07-23	27.00	0.00   
2012-07-24	26.94	0.00   
2012-07-25	27.32	0.00   
2012-07-26	27.47	0.00   
2012-07-27	27.72	0.00   
2012-07-30	28.17	0.00   
2012-07-31	27.96	0.00   
2012-08-01	27.37	0.00   
2012-08-02	27.12	0.00   
2012-08-03	27.69	0.00   
2012-08-06	27.83	0.00   
2012-08-07	28.07	0.00   
2012-08-08	28.03	0.00   
2012-08-09	28.12	0.00   
2012-08-10	28.09	0.00   
2012-08-13	27.80	0.00   
2012-08-14	27.79	0.00   
2012-08-15	27.80	0.00   
2012-08-16	28.18	0.00   
2012-08-17	28.05	0.00   
2012-08-20	28.79	0.00   
2012-08-21	29.26	0.00   
2012-08-22	29.79	0.00   
2012-08-23	30.54	0.00   
2012-08-24	30.78	0.00   
2012-08-27	30.68	0.00   
2012-08-28	30.86	0.00   
2012-08-29	30.70	0.00   
2012-08-30	30.41	0.00   
2012-08-31	31.70	0.00   
2012-09-03	32.09	0.00   
2012-09-04	32.32	0.00   
2012-09-05	32.25	0.00   
2012-09-06	32.67	0.00   
2012-09-07	33.66	0.00   
2012-09-10	33.30	0.00   
2012-09-11	33.40	0.00   
2012-09-12	33.25	0.00   
2012-09-13	34.62	0.00   
2012-09-14	34.63	0.00   
2012-09-17	34.23	0.00   
2012-09-18	34.75	0.00   
2012-09-19	34.57	0.00   
2012-09-20	34.62	0.00   
2012-09-21	34.49	0.00   
2012-09-24	33.97	0.00   
2012-09-25	33.70	0.00   
2012-09-26	33.88	0.00   
2012-09-27	34.62	0.00   
2012-09-28	34.48	0.00   
2012-10-01	34.61	0.00   
2012-10-02	34.60	0.00   
2012-10-03	34.56	0.00   
2012-10-04	34.95	0.00   
2012-10-05	34.49	0.00   
2012-10-08	33.92	0.00   
2012-10-09	33.89	0.00   
2012-10-10	33.93	0.00   
2012-10-11	33.95	0.00   
2012-10-12	33.44	0.00   
2012-10-15	32.64	0.00   
2012-10-16	32.94	0.00   
2012-10-17	33.19	0.00   
2012-10-18	32.78	0.00   
2012-10-19	32.05	0.00   
2012-10-22	32.34	0.00   
2012-10-23	31.65	0.00   
2012-10-24	31.71	0.00   
2012-10-25	32.07	0.00   
2012-10-26	32.06	0.00   
2012-10-29	31.75	0.00   
2012-10-30	31.74	0.00   
2012-10-31	32.20	0.00   
2012-11-01	32.25	0.00   
2012-11-02	30.89	0.00   
2012-11-05	31.16	0.00   
2012-11-06	31.97	0.00   
2012-11-07	31.80	0.00   
2012-11-08	32.30	0.00   
2012-11-09	32.57	0.00   
2012-11-12	32.38	0.00   
2012-11-13	32.46	0.00   
2012-11-14	32.66	0.00   
2012-11-15	32.60	0.00   
2012-11-16	32.29	0.00   
2012-11-19	33.09	0.00   
2012-11-20	33.13	0.00   
2012-11-21	33.34	0.00   
2012-11-22	33.28	0.00   
2012-11-23	34.04	0.00   
2012-11-26	34.12	0.00   
2012-11-27	34.03	0.00   
2012-11-28	33.73	0.00   
2012-11-29	34.22	0.00   
2012-11-30	33.39	0.00   
2012-12-03	33.63	0.00   
2012-12-04	32.90	0.00   
2012-12-05	32.85	0.00   
2012-12-06	33.00	0.00   
2012-12-07	33.04	0.00   
2012-12-10	33.24	0.00   
2012-12-11	32.97	0.00   
2012-12-12	33.45	0.00   
2012-12-13	32.52	0.00   
2012-12-14	32.25	0.00   
2012-12-17	32.26	0.00   
2012-12-18	31.60	0.00   
2012-12-19	31.02	0.00   
2012-12-20	29.93	0.00   
2012-12-21	29.98	0.00   
2012-12-24	29.90	0.00   
2012-12-25	29.89	0.00   
2012-12-26	29.96	0.00   
2012-12-27	30.14	0.00   
2012-12-28	29.98	0.00   
2012-12-31	30.31	0.00   
2013-01-01	30.31	0.00   
2013-01-02	31.01	0.00   
2013-01-03	30.15	0.00   
2013-01-04	30.18	0.00   
2013-01-07	30.13	0.00   
2013-01-08	30.36	0.00   
2013-01-09	30.34	0.00   
2013-01-10	30.84	0.00   
2013-01-11	30.42	0.00   
2013-01-14	31.01	0.00   
2013-01-15	31.36	0.00   
2013-01-16	31.46	0.00   
2013-01-17	31.69	0.00   
2013-01-18	31.84	0.00   
2013-01-21	31.97	0.00   
2013-01-22	32.19	0.00   
2013-01-23	32.21	0.00   
2013-01-24	31.64	0.00   
2013-01-25	31.14	0.00   
2013-01-28	30.83	0.00   
2013-01-29	31.40	0.00   
2013-01-30	32.00	0.00   
2013-01-31	31.42	0.00   
2013-02-01	31.80	0.00   
2013-02-04	31.73	0.00   
2013-02-05	31.82	0.00   
2013-02-06	31.82	0.00   
2013-02-07	31.43	0.00   
2013-02-08	31.38	0.00   
2013-02-11	30.93	0.00   
2013-02-12	31.08	0.00   
2013-02-13	30.75	0.00   
2013-02-14	30.38	0.00   
2013-02-15	29.77	0.00   
2013-02-18	29.85	0.00   
2013-02-19	29.44	0.00   
2013-02-20	28.52	0.00   
2013-02-21	28.65	0.00   
2013-02-22	28.70	0.00   
2013-02-25	28.96	0.00   
2013-02-26	29.39	0.00   
2013-02-27	28.97	0.00   
2013-02-28	28.50	0.00   
2013-03-01	28.56	0.00   
2013-03-04	28.53	0.00   
2013-03-05	28.68	0.00   
2013-03-06	29.01	0.00   
2013-03-07	28.85	0.00   
2013-03-08	28.96	0.00   
2013-03-11	28.95	0.00   
2013-03-12	29.12	0.00   
2013-03-13	28.90	0.00   
2013-03-14	28.79	0.00   
2013-03-15	28.74	0.00   
2013-03-18	28.89	0.00   
2013-03-19	28.85	0.00   
2013-03-20	28.82	0.00   
2013-03-21	29.08	0.00   
2013-03-22	28.69	0.00   
2013-03-25	28.84	0.00   
2013-03-26	28.69	0.00   
2013-03-27	28.65	0.00   
2013-03-28	28.28	0.00   
2013-03-29	28.42	0.00   
2013-04-01	27.99	0.00   
2013-04-02	27.24	0.00   
2013-04-03	26.96	0.00   
2013-04-04	26.88	0.00   
2013-04-05	27.30	0.00   
2013-04-08	27.25	0.00   
2013-04-09	27.94	0.00   
2013-04-10	27.56	0.00   
2013-04-11	27.54	0.00   
2013-04-12	25.90	0.00   
2013-04-15	22.60	0.00   
2013-04-16	23.30	0.00   
2013-04-17	23.27	0.00   
2013-04-18	23.21	0.00   
2013-04-19	23.25	0.00   
2013-04-22	23.38	0.00   
2013-04-23	22.84	0.00   
2013-04-24	23.11	0.00   
2013-04-25	24.33	0.00   
2013-04-26	23.96	0.00   
2013-04-29	24.52	0.00   
2013-04-30	24.26	0.00   
2013-05-01	23.54	0.00   
2013-05-02	23.75	0.00   
2013-05-03	24.08	0.00   
2013-05-06	23.98	0.00   
2013-05-07	23.93	0.00   
2013-05-08	23.93	0.00   
2013-05-09	23.70	0.00   
2013-05-10	23.82	0.00   
2013-05-13	23.60	0.00   
2013-05-14	23.36	0.00   
2013-05-15	22.59	0.00   
2013-05-16	22.68	0.00   
2013-05-17	22.25	0.00   
2013-05-20	22.88	0.00   
2013-05-21	22.38	0.00   
2013-05-22	22.21	0.00   
2013-05-23	22.55	0.00   
2013-05-24	22.36	0.00   
2013-05-27	22.63	0.00   
2013-05-28	22.27	0.00   
2013-05-29	22.42	0.00   
2013-05-30	22.71	0.00   
2013-05-31	22.21	0.00   
2013-06-03	22.67	0.00   
2013-06-04	22.47	0.00   
2013-06-05	22.47	0.00   
2013-06-06	22.53	0.00   
2013-06-07	21.66	0.00   
2013-06-10	21.88	0.00   
2013-06-11	21.60	0.00   
2013-06-12	21.71	0.00   
2013-06-13	21.76	0.00   
2013-06-14	22.06	0.00   
2013-06-17	21.81	0.00   
2013-06-18	21.62	0.00   
2013-06-19	21.32	0.00   
2013-06-20	19.59	0.00   
2013-06-21	20.08	0.00   
2013-06-24	19.64	0.00   
2013-06-25	19.57	0.00   
2013-06-26	18.41	0.00   
2013-06-27	18.41	0.00   
2013-06-28	19.63	0.00   
2013-07-01	19.57	0.00   
2013-07-02	19.36	0.00   
2013-07-03	19.73	0.00   
2013-07-04	19.50	0.00   
2013-07-05	18.87	0.00   
2013-07-08	19.05	0.00   
2013-07-09	19.22	0.00   
2013-07-10	19.41	0.00   
2013-07-11	20.07	0.00   
2013-07-12	19.86	0.00   
2013-07-15	19.93	0.00   
2013-07-16	20.01	0.00   
2013-07-17	19.23	0.00   
2013-07-18	19.32	0.00   
2013-07-19	19.48	0.00   
2013-07-22	20.50	0.00   
2013-07-23	20.44	0.00   
2013-07-24	20.12	0.00   
2013-07-25	20.21	0.00   
2013-07-26	19.95	0.00   
2013-07-29	19.79	0.00   
2013-07-30	19.71	0.00   
2013-07-31	19.73	0.00   
2013-08-01	19.59	0.00   
2013-08-02	19.85	0.00   
2013-08-05	19.63	0.00   
2013-08-06	19.36	0.00   
2013-08-07	19.52	0.00   
2013-08-08	20.07	0.00   
2013-08-09	20.51	0.00   
2013-08-12	21.38	0.00   
2013-08-13	21.43	0.00   
2013-08-14	21.82	0.00   
2013-08-15	22.91	0.00   
2013-08-16	23.20	0.00   
2013-08-19	23.12	0.00   
2013-08-20	22.94	0.00   
2013-08-21	22.82	0.00   
2013-08-22	23.09	0.00   
2013-08-23	24.04	0.00   
2013-08-26	24.29	0.00   
2013-08-27	24.49	0.00   
2013-08-28	24.30	0.00   
2013-08-29	23.79	0.00   
2013-08-30	23.48	0.00   
2013-09-02	24.11	0.00   
2013-09-03	24.27	0.00   
2013-09-04	23.36	0.00   
2013-09-05	23.12	0.00   
2013-09-06	23.82	0.00   
2013-09-09	23.67	0.00   
2013-09-10	22.89	0.00   
2013-09-11	23.13	0.00   
2013-09-12	21.66	0.00   
2013-09-13	22.20	0.00   
2013-09-16	21.73	0.00   
2013-09-17	21.73	0.00   
2013-09-18	22.76	0.00   
2013-09-19	22.93	0.00   
2013-09-20	21.75	0.00   
2013-09-23	21.59	0.00   
2013-09-24	21.61	0.00   
2013-09-25	21.75	0.00   
2013-09-26	21.68	0.00   
2013-09-27	21.72	0.00   
2013-09-30	21.54	0.00   
2013-10-01	21.01	0.00   
2013-10-02	21.32	0.00   
2013-10-03	21.58	0.00   
2013-10-04	21.70	0.00   
2013-10-07	22.34	0.00   
2013-10-08	22.24	0.00   
2013-10-09	21.79	0.00   
2013-10-10	21.64	0.00   
2013-10-11	21.28	0.00   
2013-10-14	21.19	0.00   
2013-10-15	21.24	0.00   
2013-10-16	21.30	0.00   
2013-10-17	21.84	0.00   
2013-10-18	21.88	0.00   
2013-10-21	22.20	0.00   
2013-10-22	22.66	0.00   
2013-10-23	22.48	0.00   
2013-10-24	22.67	0.00   
2013-10-25	22.54	0.00   
2013-10-28	22.49	0.00   
2013-10-29	22.49	0.00   
2013-10-30	22.62	0.00   
2013-10-31	21.78	0.00   
2013-11-01	21.82	0.00   
2013-11-04	21.62	0.00   
2013-11-05	21.66	0.00   
2013-11-06	21.78	0.00   
2013-11-07	21.64	0.00   
2013-11-08	21.49	0.00   
2013-11-11	21.34	0.00   
2013-11-12	20.70	0.00   
2013-11-13	20.60	0.00   
2013-11-14	20.77	0.00   
2013-11-15	20.77	0.00   
2013-11-18	20.40	0.00   
2013-11-19	20.34	0.00   
2013-11-20	19.86	0.00   
2013-11-21	19.93	0.00   
2013-11-22	19.85	0.00   
2013-11-25	20.21	0.00   
2013-11-26	19.84	0.00   
2013-11-27	19.63	0.00   
2013-11-28	19.67	0.00   
2013-11-29	19.94	0.00   
2013-12-02	19.13	0.00   
2013-12-03	19.09	0.00   
2013-12-04	19.66	0.00   
2013-12-05	19.37	0.00   
2013-12-06	19.49	0.00   
2013-12-09	19.84	0.00   
2013-12-10	20.38	0.00   
2013-12-11	20.27	0.00   
2013-12-12	19.48	0.00   
2013-12-13	19.68	0.00   
2013-12-16	19.97	0.00   
2013-12-17	19.88	0.00   
2013-12-18	19.71	0.00   
2013-12-19	19.24	0.00   
2013-12-20	19.38	0.00   
2013-12-23	19.42	0.00   
2013-12-24	19.46	0.00   
2013-12-26	19.73	0.00   
2013-12-27	20.04	0.00   
2013-12-30	19.56	0.00   
2013-12-31	19.45	0.00   
2014-01-01	19.41	0.00   
2014-01-02	19.98	0.00   
2014-01-03	20.13	0.00   
2014-01-06	20.16	0.00   
2014-01-07	19.84	0.00   
2014-01-08	19.50	0.00   
2014-01-09	19.55	0.00   
2014-01-10	20.12	0.00   
2014-01-13	20.39	0.00   
2014-01-14	20.22	0.00   
2014-01-15	20.17	0.00   
2014-01-16	20.07	0.00   
2014-01-17	20.28	0.00   
2014-01-20	20.29	0.00   
2014-01-21	19.89	0.00   
2014-01-22	19.77	0.00   
2014-01-23	20.00	0.00   
2014-01-24	19.89	0.00   
2014-01-27	19.67	0.00   
2014-01-28	19.55	0.00   
2014-01-29	19.73	0.00   
2014-01-30	19.14	0.00   
2014-01-31	19.15	0.00   
2014-02-03	19.31	0.00   
2014-02-04	19.47	0.00   
2014-02-05	19.86	0.00   
2014-02-06	19.94	0.00   
2014-02-07	19.98	0.00   
2014-02-10	20.05	0.00   
2014-02-11	20.20	0.00   
2014-02-12	20.20	0.00   
2014-02-13	20.47	0.00   
2014-02-14	21.45	0.00   
2014-02-17	21.64	0.00   
2014-02-18	21.89	0.00   
2014-02-19	21.51	0.00   
2014-02-20	21.80	0.00   
2014-02-21	21.82	0.00   
2014-02-24	21.95	0.00   
2014-02-25	21.83	0.00   
2014-02-26	21.22	0.00   
2014-02-27	21.25	0.00   
2014-02-28	21.14	0.00   
2014-03-03	21.41	0.00   
2014-03-04	21.15	0.00   
2014-03-05	21.14	0.00   
2014-03-06	21.44	0.00   
2014-03-07	20.88	0.00   
2014-03-10	20.80	0.00   
2014-03-11	20.80	0.00   
2014-03-12	21.27	0.00   
2014-03-13	21.14	0.00   
2014-03-14	21.43	0.00   
2014-03-17	21.13	0.00   
2014-03-18	20.77	0.00   
2014-03-19	20.57	0.00   
2014-03-20	20.24	0.00   
2014-03-21	20.25	0.00   
2014-03-24	19.89	0.00   
2014-03-25	19.92	0.00   
2014-03-26	19.71	0.00   
2014-03-27	19.67	0.00   
2014-03-28	19.79	0.00   
2014-03-31	19.72	0.00   
2014-04-01	19.71	0.00   
2014-04-02	19.93	0.00   
2014-04-03	19.78	0.00   
2014-04-04	19.92	0.00   
2014-04-07	19.80	0.00   
2014-04-08	20.03	0.00   
2014-04-09	19.84	0.00   
2014-04-10	19.93	0.00   
2014-04-11	19.95	0.00   
2014-04-14	19.96	0.00   
2014-04-15	19.55	0.00   
2014-04-16	19.62	0.00   
2014-04-17	19.61	0.00   
2014-04-18	19.63	0.00   
2014-04-21	19.43	0.00   
2014-04-22	19.38	0.00   
2014-04-23	19.43	0.00   
2014-04-24	19.61	0.00   
2014-04-25	19.69	0.00   
2014-04-28	19.52	0.00   
2014-04-29	19.39	0.00   
2014-04-30	19.12	0.00   
2014-05-01	18.98	0.00   
2014-05-02	19.44	0.00   
2014-05-05	19.59	0.00   
2014-05-06	19.55	0.00   
2014-05-07	19.29	0.00   
2014-05-08	19.15	0.00   
2014-05-09	19.13	0.00   
2014-05-12	19.50	0.00   
2014-05-13	19.51	0.00   
2014-05-14	19.70	0.00   
2014-05-15	19.45	0.00   
2014-05-16	19.35	0.00   
2014-05-19	19.32	0.00   
2014-05-20	19.39	0.00   
2014-05-21	19.39	0.00   
2014-05-22	19.45	0.00   
2014-05-23	19.44	0.00   
2014-05-26	19.40	0.00   
2014-05-27	19.04	0.00   
2014-05-28	19.01	0.00   
2014-05-29	18.95	0.00   
2014-05-30	18.78	0.00   
2014-06-02	18.73	0.00   
2014-06-03	18.78	0.00   
2014-06-04	18.78	0.00   
2014-06-05	19.01	0.00   
2014-06-06	19.01	0.00   
2014-06-09	19.03	0.00   
2014-06-10	19.18	0.00   
2014-06-11	19.15	0.00   
2014-06-12	19.49	0.00   
2014-06-13	19.67	0.00   
2014-06-16	19.65	0.00   
2014-06-17	19.74	0.00   
2014-06-18	19.88	0.00   
2014-06-19	20.75	0.00   
2014-06-20	20.86	0.00   
2014-06-23	20.86	0.00   
2014-06-24	20.87	0.00   
2014-06-25	20.98	0.00   
2014-06-26	21.09	0.00   
2014-06-27	20.91	0.00   
2014-06-30	20.98	0.00   
2014-07-01	21.00	0.00   
2014-07-02	21.14	0.00   
2014-07-03	21.09	0.00   
2014-07-04	21.14	0.00   
2014-07-07	21.02	0.00   
2014-07-08	21.02	0.00   
2014-07-09	21.07	0.00   
2014-07-10	21.38	0.00   
2014-07-11	21.41	0.00   
2014-07-14	20.91	0.00   
2014-07-15	20.66	0.00   
2014-07-16	20.72	0.00   
2014-07-17	21.09	0.00   
2014-07-18	20.84	0.00   
2014-07-21	20.90	0.00   
2014-07-22	20.93	0.00   
2014-07-23	20.88	0.00   
2014-07-24	20.32	0.00   
2014-07-25	20.70	0.00   
2014-07-28	20.54	0.00   
2014-07-29	20.56	0.00   
2014-07-30	20.59	0.00   
2014-07-31	20.36	0.00   
2014-08-01	20.29	0.00   
2014-08-04	20.14	0.00   
2014-08-05	19.75	0.00   
2014-08-06	20.00	0.00   
2014-08-07	19.93	0.00   
2014-08-08	19.86	0.00   
2014-08-11	19.98	0.00   
2014-08-12	19.88	0.00   
2014-08-13	19.80	0.00   
2014-08-14	19.84	0.00   
2014-08-15	19.54	0.00   
2014-08-18	19.57	0.00   
2014-08-19	19.40	0.00   
2014-08-20	19.45	0.00   
2014-08-21	19.41	0.00   
2014-08-22	19.41	0.00   
2014-08-25	19.34	0.00   
2014-08-26	19.36	0.00   
2014-08-27	19.42	0.00   
2014-08-28	19.48	0.00   
2014-08-29	19.45	0.00   
2014-09-01	19.46	0.00   
2014-09-02	19.16	0.00   
2014-09-03	19.14	0.00   
2014-09-04	19.03	0.00   
2014-09-05	19.19	0.00   
2014-09-08	19.00	0.00   
2014-09-09	19.05	0.00   
2014-09-10	18.93	0.00   
2014-09-11	18.69	0.00   
2014-09-12	18.62	0.00   
2014-09-15	18.63	0.00   
2014-09-16	18.67	0.00   
2014-09-17	18.53	0.00   
2014-09-18	18.52	0.00   
2014-09-19	17.81	0.00   
2014-09-22	17.72	0.00   
2014-09-23	17.76	0.00   
2014-09-24	17.65	0.00   
2014-09-25	17.48	0.00   
2014-09-26	17.63	0.00   
2014-09-29	17.45	0.00   
2014-09-30	16.95	0.00   
2014-10-01	17.17	0.00   
2014-10-02	17.07	0.00   
2014-10-03	16.82	0.00   
2014-10-06	17.32	0.00   
2014-10-07	17.17	0.00   
2014-10-08	17.36	0.00   
2014-10-09	17.33	0.00   
2014-10-10	17.37	0.00   
2014-10-13	17.45	0.00   
2014-10-14	17.38	0.00   
2014-10-15	17.43	0.00   
2014-10-16	17.36	0.00   
2014-10-17	17.25	0.00   
2014-10-20	17.42	0.00   
2014-10-21	17.49	0.00   
2014-10-22	17.14	0.00   
2014-10-23	17.18	0.00   
2014-10-24	17.17	0.00   
2014-10-27	17.09	0.00   
2014-10-28	17.20	0.00   
2014-10-29	17.09	0.00   
2014-10-30	16.47	0.00   
2014-10-31	16.13	0.00   
2014-11-03	16.14	0.00   
2014-11-04	16.01	0.00   
2014-11-05	15.31	0.00   
2014-11-06	15.41	0.00   
2014-11-07	15.76	0.00   
2014-11-10	15.60	0.00   
2014-11-11	15.70	0.00   
2014-11-12	15.65	0.00   
2014-11-13	15.64	0.00   
2014-11-14	16.28	0.00   
2014-11-17	16.13	0.00   
2014-11-18	16.18	0.00   
2014-11-19	16.12	0.00   
2014-11-20	16.25	0.00   
2014-11-21	16.43	0.00   
2014-11-24	16.46	0.00   
2014-11-25	16.67	0.00   
2014-11-26	16.50	0.00   
2014-11-27	16.24	0.00   
2014-11-28	15.43	0.00   
2014-12-01	16.44	0.00   
2014-12-02	16.44	0.00   
2014-12-03	16.40	0.00   
2014-12-04	16.44	0.00   
2014-12-05	16.28	0.00   
2014-12-08	16.33	0.00   
2014-12-09	17.06	0.00   
2014-12-10	17.05	0.00   
2014-12-11	17.06	0.00   
2014-12-12	17.01	0.00   
2014-12-15	16.11	0.00   
2014-12-16	15.69	0.00   
2014-12-17	15.73	0.00   
2014-12-18	15.86	0.00   
2014-12-19	16.05	0.00   
2014-12-22	15.65	0.00   
2014-12-23	15.74	0.00   
2014-12-24	15.73	0.00   
2014-12-25	15.75	0.00   
2014-12-26	16.05	0.00   
2014-12-29	15.77	0.00   
2014-12-30	16.29	0.00   
2014-12-31	15.69	0.00   
2015-01-01	15.68	0.00   
2015-01-02	15.72	0.00   
2015-01-05	16.16	0.00   
2015-01-06	16.51	0.00   
2015-01-07	16.49	0.00   
2015-01-08	16.35	0.00   
2015-01-09	16.46	0.00   
2015-01-12	16.55	0.00   
2015-01-13	17.04	0.00   
2015-01-14	16.84	0.00   
2015-01-15	16.95	0.00   
2015-01-16	17.77	0.00   
2015-01-19	17.68	0.00   
2015-01-20	17.98	0.00   
2015-01-21	18.11	0.00   
2015-01-22	18.32	0.00   
2015-01-23	18.27	0.00   
2015-01-26	17.90	0.00   
2015-01-27	18.04	0.00   
2015-01-28	17.98	0.00   
2015-01-29	16.93	0.00   
2015-01-30	17.22	0.00   
2015-02-02	17.19	0.00   
2015-02-03	17.28	0.00   
2015-02-04	17.34	0.00   
2015-02-05	17.24	0.00   
2015-02-06	16.71	0.00   
2015-02-09	16.97	0.00   
2015-02-10	16.92	0.00   
2015-02-11	16.79	0.00   
2015-02-12	16.83	0.00   
2015-02-13	17.34	0.00   
2015-02-16	17.29	0.00   
2015-02-17	16.49	0.00   
2015-02-18	16.46	0.00   
2015-02-19	16.36	0.00   
2015-02-20	16.23	0.00   
2015-02-23	16.30	0.00   
2015-02-24	16.26	0.00   
2015-02-25	16.55	0.00   
2015-02-26	16.53	0.00   
2015-02-27	16.56	0.00   
2015-03-02	16.40	0.00   
2015-03-03	16.25	0.00   
2015-03-04	16.21	0.00   
2015-03-05	16.21	0.00   
2015-03-06	15.89	0.00   
2015-03-09	15.74	0.00   
2015-03-10	15.64	0.00   
2015-03-11	15.50	0.00   
2015-03-12	15.57	0.00   
2015-03-13	15.64	0.00   
2015-03-16	15.63	0.00   
2015-03-17	15.55	0.00   
2015-03-18	15.90	0.00   
2015-03-19	16.10	0.00   
2015-03-20	16.73	0.00   
2015-03-23	16.95	0.00   
2015-03-24	16.91	0.00   
2015-03-25	16.94	0.00   
2015-03-26	17.07	0.00   
2015-03-27	16.94	0.00   
2015-03-30	16.70	0.00   
2015-03-31	16.61	0.00   
2015-04-01	16.92	0.00   
2015-04-02	16.76	0.00   
2015-04-03	16.76	0.00   
2015-04-06	16.96	0.00   
2015-04-07	16.84	0.00   
2015-04-08	16.52	0.00   
2015-04-09	16.16	0.00   
2015-04-10	16.46	0.00   
2015-04-13	16.25	0.00   
2015-04-14	16.14	0.00   
2015-04-15	16.30	0.00   
2015-04-16	16.29	0.00   
2015-04-17	16.25	0.00   
2015-04-20	15.98	0.00   
2015-04-21	16.02	0.00   
2015-04-22	15.80	0.00   
2015-04-23	15.87	0.00   
2015-04-24	15.72	0.00   
2015-04-27	16.36	0.00   
2015-04-28	16.60	0.00   
2015-04-29	16.55	0.00   
2015-04-30	16.11	0.00   
2015-05-01	16.13	0.00   
2015-05-04	16.40	0.00   
2015-05-05	16.53	0.00   
2015-05-06	16.51	0.00   
2015-05-07	16.34	0.00   
2015-05-08	16.44	0.00   
2015-05-11	16.31	0.00   
2015-05-12	16.50	0.00   
2015-05-13	17.08	0.00   
2015-05-14	17.45	0.00   
2015-05-15	17.47	0.00   
2015-05-18	17.69	0.00   
2015-05-19	17.09	0.00   
2015-05-20	17.10	0.00   
2015-05-21	17.15	0.00   
2015-05-22	17.08	0.00   
2015-05-25	17.10	0.00   
2015-05-26	16.74	0.00   
2015-05-27	16.68	0.00   
2015-05-28	16.69	0.00   
2015-05-29	16.73	0.00   
2015-06-01	16.71	0.00   
2015-06-02	16.78	0.00   
2015-06-03	16.49	0.00   
2015-06-04	16.10	0.00   
2015-06-05	16.10	0.00   
2015-06-08	15.97	0.00   
2015-06-09	15.95	0.00   
2015-06-10	16.02	0.00   
2015-06-11	16.03	0.00   
2015-06-12	15.94	0.00   
2015-06-15	16.08	0.00   
2015-06-16	16.02	0.00   
2015-06-17	16.12	0.00   
2015-06-18	16.16	0.00   
2015-06-19	16.08	0.00   
2015-06-22	16.16	0.00   
2015-06-23	15.83	0.00   
2015-06-24	15.89	0.00   
2015-06-25	15.85	0.00   
2015-06-26	15.80	0.00   
2015-06-29	15.75	0.00   
2015-06-30	15.70	0.00   
2015-07-01	15.54	0.00   
2015-07-02	15.68	0.00   
2015-07-03	15.69	0.00   
2015-07-06	15.71	0.00   
2015-07-07	15.06	0.00   
2015-07-08	15.14	0.00   
2015-07-09	15.39	0.00   
2015-07-10	15.56	0.00   
2015-07-13	15.50	0.00   
2015-07-14	15.37	0.00   
2015-07-15	15.10	0.00   
2015-07-16	14.97	0.00   
2015-07-17	14.85	0.00   
2015-07-20	14.68	0.00   
2015-07-21	14.83	0.00   
2015-07-22	14.78	0.00   
2015-07-23	14.65	0.00   
2015-07-24	14.64	0.00   
2015-07-27	14.51	0.00   
2015-07-28	14.68	0.00   
2015-07-29	14.81	0.00   
2015-07-30	14.72	0.00   
2015-07-31	14.77	0.00   
2015-08-03	14.47	0.00   
2015-08-04	14.58	0.00   
2015-08-05	14.58	0.00   
2015-08-06	14.64	0.00   
2015-08-07	14.81	0.00   
2015-08-10	15.20	0.00   
2015-08-11	15.34	0.00   
2015-08-12	15.52	0.00   
2015-08-13	15.41	0.00   
2015-08-14	15.22	0.00   
2015-08-17	15.31	0.00   
2015-08-18	14.89	0.00   
2015-08-19	15.31	0.00   
2015-08-20	15.57	0.00   
2015-08-21	15.31	0.00   
2015-08-24	14.77	0.00   
2015-08-25	14.67	0.00   
2015-08-26	14.09	0.00   
2015-08-27	14.47	0.00   
2015-08-28	14.58	0.00   
2015-08-31	14.63	0.00   
2015-09-01	14.56	0.00   
2015-09-02	14.67	0.00   
2015-09-03	14.71	0.00   
2015-09-04	14.56	0.00   
2015-09-07	14.49	0.00   
2015-09-08	14.77	0.00   
2015-09-09	14.59	0.00   
2015-09-10	14.68	0.00   
2015-09-11	14.60	0.00   
2015-09-14	14.40	0.00   
2015-09-15	14.39	0.00   
2015-09-16	14.88	0.00   
2015-09-17	15.13	0.00   
2015-09-18	15.15	0.00   
2015-09-21	15.18	0.00   
2015-09-22	14.74	0.00   
2015-09-23	14.77	0.00   
2015-09-24	15.13	0.00   
2015-09-25	15.10	0.00   
2015-09-28	14.59	0.00   
2015-09-29	14.61	0.00   
2015-09-30	14.49	0.00   
2015-10-01	14.51	0.00   
2015-10-02	15.22	0.00   
2015-10-05	15.62	0.00   
2015-10-06	15.86	0.00   
2015-10-07	16.04	0.00   
2015-10-08	15.67	0.00   
2015-10-09	15.83	0.00   
2015-10-12	15.81	0.00   
2015-10-13	15.90	0.00   
2015-10-14	16.12	0.00   
2015-10-15	16.09	0.00   
2015-10-16	16.03	0.00   
2015-10-19	15.80	0.00   
2015-10-20	15.89	0.00   
2015-10-21	15.67	0.00   
2015-10-22	15.82	0.00   
2015-10-23	15.82	0.00   
2015-10-26	15.81	0.00   
2015-10-27	15.84	0.00   
2015-10-28	15.91	0.00   
2015-10-29	15.56	0.00   
2015-10-30	15.54	0.00   
2015-11-02	15.41	0.00   
2015-11-03	15.25	0.00   
2015-11-04	15.07	0.00   
2015-11-05	14.97	0.00   
2015-11-06	14.78	0.00   
2015-11-09	14.56	0.00   
2015-11-10	14.41	0.00   
2015-11-11	14.32	0.00   
2015-11-12	14.29	0.00   
2015-11-13	14.24	0.00   
2015-11-16	14.21	0.00   
2015-11-17	14.16	0.00   
2015-11-18	14.16	0.00   
2015-11-19	14.26	0.00   
2015-11-20	14.18	0.00   
2015-11-23	14.12	0.00   
2015-11-24	14.15	0.00   
2015-11-25	14.18	0.00   
2015-11-26	14.26	0.00   
2015-11-27	14.08	0.00   
2015-11-30	14.07	0.00   
2015-12-01	14.17	0.00   
2015-12-02	13.98	0.00   
2015-12-03	14.09	0.00   
2015-12-04	14.54	0.00   
2015-12-07	14.23	0.00   
2015-12-08	14.15	0.00   
2015-12-09	14.15	0.00   
2015-12-10	14.11	0.00   
2015-12-11	13.91	0.00   
2015-12-14	13.65	0.00   
2015-12-15	13.76	0.00   
2015-12-16	14.16	0.00   
2015-12-17	13.69	0.00   
2015-12-18	14.07	0.00   
2015-12-21	14.24	0.00   
2015-12-22	14.24	0.00   
2015-12-23	14.28	0.00   
2015-12-24	14.36	0.00   
2015-12-25	14.36	0.00   
2015-12-28	13.91	0.00   
2015-12-29	13.94	0.00   
2015-12-30	13.87	0.00   
2015-12-31	13.84	0.00   
2016-01-01	13.85	0.00   
2016-01-04	13.85	0.00   
2016-01-05	13.96	0.00   
2016-01-06	13.99	0.00   
2016-01-07	14.28	0.00   
2016-01-08	13.93	0.00   
2016-01-11	13.85	0.00   
2016-01-12	13.77	0.00   
2016-01-13	14.13	0.00   
2016-01-14	13.83	0.00   
2016-01-15	13.91	0.00   
2016-01-18	13.92	0.00   
2016-01-19	14.01	0.00   
2016-01-20	14.13	0.00   
2016-01-21	14.07	0.00   
2016-01-22	13.99	0.00   
2016-01-25	14.21	0.00   
2016-01-26	14.46	0.00   
2016-01-27	14.46	0.00   
2016-01-28	14.23	0.00   
2016-01-29	14.23	0.00   
2016-02-01	14.34	0.00   
2016-02-02	14.28	0.00   
2016-02-03	14.67	0.00   
2016-02-04	14.82	0.00   
2016-02-05	14.96	0.00   
2016-02-08	15.29	0.00   
2016-02-09	15.22	0.00   
2016-02-10	15.26	0.00   
2016-02-11	15.74	0.00   
2016-02-12	15.73	0.00   
2016-02-15	15.29	0.00   
2016-02-16	15.20	0.00   
2016-02-17	15.27	0.00   
2016-02-18	15.38	0.00   
2016-02-19	15.33	0.00   
2016-02-22	15.16	0.00   
2016-02-23	15.27	0.00   
2016-02-24	15.22	0.00   
2016-02-25	15.14	0.00   
2016-02-26	14.68	0.00   
2016-02-29	14.89	0.00   
2016-03-01	14.80	0.00   
2016-03-02	14.93	0.00   
2016-03-03	15.21	0.00   
2016-03-04	15.49	0.00   
2016-03-07	15.62	0.00   
2016-03-08	15.33	0.00   
2016-03-09	15.27	0.00   
2016-03-10	15.58	0.00   
2016-03-11	15.46	0.00   
2016-03-14	15.33	0.00   
2016-03-15	15.25	0.00   
2016-03-16	15.59	0.00   
2016-03-17	15.89	0.00   
2016-03-18	15.78	0.00   
2016-03-21	15.82	0.00   
2016-03-22	15.85	0.00   
2016-03-23	15.22	0.00   
2016-03-24	15.19	0.00   
2016-03-25	15.17	0.00   
2016-03-28	15.21	0.00   
2016-03-29	15.34	0.00   
2016-03-30	15.21	0.00   
2016-03-31	15.42	0.00   
2016-04-01	15.03	0.00   
2016-04-04	14.89	0.00   
2016-04-05	15.12	0.00   
2016-04-06	15.05	0.00   
2016-04-07	15.19	0.00   
2016-04-08	15.34	0.00   
2016-04-11	15.90	0.00   
2016-04-12	16.16	0.00   
2016-04-13	16.19	0.00   
2016-04-14	16.14	0.00   
2016-04-15	16.21	0.00   
2016-04-18	16.20	0.00   
2016-04-19	16.92	0.00   
2016-04-20	16.94	0.00   
2016-04-21	16.97	0.00   
2016-04-22	16.95	0.00   
2016-04-25	16.97	0.00   
2016-04-26	17.14	0.00   
2016-04-27	17.23	0.00   
2016-04-28	17.51	0.00   
2016-04-29	17.81	0.00   
2016-05-02	17.51	0.00   
2016-05-03	17.38	0.00   
2016-05-04	17.32	0.00   
2016-05-05	17.32	0.00   
2016-05-06	17.47	0.00   
2016-05-09	17.00	0.00   
2016-05-10	17.07	0.00   
2016-05-11	17.39	0.00   
2016-05-12	16.93	0.00   
2016-05-13	17.09	0.00   
2016-05-16	17.10	0.00   
2016-05-17	17.20	0.00   
2016-05-18	16.87	0.00   
2016-05-19	16.48	0.00   
2016-05-20	16.52	0.00   
2016-05-23	16.36	0.00   
2016-05-24	16.17	0.00   
2016-05-25	16.31	0.00   
2016-05-26	16.30	0.00   
2016-05-27	16.20	0.00   
2016-05-30	15.98	0.00   
2016-05-31	15.97	0.00   
2016-06-01	15.93	0.00   
2016-06-02	15.97	0.00   
2016-06-03	16.38	0.00   
2016-06-06	16.43	0.00   
2016-06-07	16.38	0.00   
2016-06-08	16.99	0.00   
2016-06-09	17.26	0.00   
2016-06-10	17.33	0.00   
2016-06-13	17.40	0.00   
2016-06-14	17.37	0.00   
2016-06-15	17.50	0.00   
2016-06-16	17.16	0.00   
2016-06-17	17.46	0.00   
2016-06-20	17.45	0.00   
2016-06-21	17.26	0.00   
2016-06-22	17.22	0.00   
2016-06-23	17.27	0.00   
2016-06-24	17.73	0.00   
2016-06-27	17.72	0.00   
2016-06-28	17.75	0.00   
2016-06-29	18.26	0.00   
2016-06-30	18.70	0.00   
2016-07-01	19.76	0.00   
2016-07-04	20.30	0.00   
2016-07-05	19.92	0.00   
2016-07-06	20.08	0.00   
2016-07-07	19.66	0.00   
2016-07-08	20.24	0.00   
2016-07-11	20.24	0.00   
2016-07-12	20.15	0.00   
2016-07-13	20.31	0.00   
2016-07-14	20.28	0.00   
2016-07-15	20.18	0.00   
2016-07-18	20.04	0.00   
2016-07-19	19.89	0.00   
2016-07-20	19.37	0.00   
2016-07-21	19.76	0.00   
2016-07-22	19.62	0.00   
2016-07-25	19.51	0.00   
2016-07-26	19.60	0.00   
2016-07-27	20.32	0.00   
2016-07-28	20.13	0.00   
2016-07-29	20.30	0.00   
2016-08-01	20.42	0.00   
2016-08-02	20.59	0.00   
2016-08-03	20.38	0.00   
2016-08-04	20.31	0.00   
2016-08-05	19.68	0.00   
2016-08-08	19.71	0.00   
2016-08-09	19.83	0.00   
2016-08-10	20.12	0.00   
2016-08-11	19.94	0.00   
2016-08-12	19.71	0.00   
2016-08-15	19.80	0.00   
2016-08-16	19.77	0.00   
2016-08-17	19.65	0.00   
2016-08-18	19.71	0.00   
2016-08-19	19.28	0.00   
2016-08-22	18.89	0.00   
2016-08-23	18.78	0.00   
2016-08-24	18.53	0.00   
2016-08-25	18.49	0.00   
2016-08-26	18.65	0.00   
2016-08-29	18.85	0.00   
2016-08-30	18.57	0.00   
2016-08-31	18.61	0.00   
2016-09-01	18.87	0.00   
2016-09-02	19.42	0.00   
2016-09-05	19.49	0.00   
2016-09-06	20.02	0.00   
2016-09-07	19.77	0.00   
2016-09-08	19.58	0.00   
2016-09-09	19.02	0.00   
2016-09-12	19.07	0.00   
2016-09-13	18.84	0.00   
2016-09-14	18.94	0.00   
2016-09-15	18.96	0.00   
2016-09-16	18.76	0.00   
2016-09-19	19.15	0.00   
2016-09-20	19.19	0.00   
2016-09-21	19.80	0.00   
2016-09-22	19.84	0.00   
2016-09-23	19.65	0.00   
2016-09-26	19.43	0.00   
2016-09-27	19.13	0.00   
2016-09-28	19.17	0.00   
2016-09-29	19.08	0.00   
2016-09-30	19.15	0.00   
2016-10-03	18.79	0.00   
2016-10-04	17.77	0.00   
2016-10-05	17.71	0.00   
2016-10-06	17.29	0.00   
2016-10-07	17.50	0.00   
2016-10-10	17.62	0.00   
2016-10-11	17.40	0.00   
2016-10-12	17.45	0.00   
2016-10-13	17.47	0.00   
2016-10-14	17.40	0.00   
2016-10-17	17.43	0.00   
2016-10-18	17.59	0.00   
2016-10-19	17.65	0.00   
2016-10-20	17.50	0.00   
2016-10-21	17.52	0.00   
2016-10-24	17.57	0.00   
2016-10-25	17.73	0.00   
2016-10-26	17.60	0.00   
2016-10-27	17.60	0.00   
2016-10-28	17.75	0.00   
2016-10-31	17.88	0.00   
2016-11-01	18.33	0.00   
2016-11-02	18.44	0.00   
2016-11-03	18.34	0.00   
2016-11-04	18.41	0.00   
2016-11-07	18.16	0.00   
2016-11-08	18.34	0.00   
2016-11-09	18.48	0.00   
2016-11-10	18.55	0.00   
2016-11-11	17.35	0.00   
2016-11-14	16.91	0.00   
2016-11-15	17.07	0.00   
2016-11-16	16.97	0.00   
2016-11-17	16.64	0.00   
2016-11-18	16.54	0.00   
2016-11-21	16.57	0.00   
2016-11-22	16.63	0.00   
2016-11-23	16.35	0.00   
2016-11-24	16.27	0.00   
2016-11-25	16.52	0.00   
2016-11-28	16.59	0.00   
2016-11-29	16.59	0.00   
2016-11-30	16.46	0.00   
2016-12-01	16.46	0.00   
2016-12-02	16.73	0.00   
2016-12-05	16.71	0.00   
2016-12-06	16.69	0.00   
2016-12-07	17.10	0.00   
2016-12-08	16.98	0.00   
2016-12-09	16.84	0.00   
2016-12-12	17.04	0.00   
2016-12-13	16.87	0.00   
2016-12-14	16.82	0.00   
2016-12-15	15.94	0.00   
2016-12-16	16.07	0.00   
2016-12-19	15.92	0.00   
2016-12-20	16.06	0.00   
2016-12-21	15.89	0.00   
2016-12-22	15.78	0.00   
2016-12-23	15.72	0.00   
2016-12-26	15.71	0.00   
2016-12-27	15.93	0.00   
2016-12-28	15.99	0.00   
2016-12-29	16.14	0.00   
2016-12-30	15.88	0.00   
2017-01-02	15.89	0.00   
2017-01-03	16.25	0.00   
2017-01-04	16.41	0.00   
2017-01-05	16.57	0.00   
2017-01-06	16.47	0.00   
2017-01-09	16.53	0.00   
2017-01-10	16.77	0.00   
2017-01-11	16.71	0.00   
2017-01-12	16.75	0.00   
2017-01-13	16.81	0.00   
2017-01-16	16.79	0.00   
2017-01-17	17.18	0.00   
2017-01-18	17.02	0.00   
2017-01-19	17.00	0.00   
2017-01-20	17.07	0.00   
2017-01-23	17.22	0.00   
2017-01-24	17.09	0.00   
2017-01-25	16.95	0.00   
2017-01-26	16.76	0.00   
2017-01-27	17.13	0.00   
2017-01-30	17.10	0.00   
2017-01-31	17.52	0.00   
2017-02-01	17.52	0.00   
2017-02-02	17.45	0.00   
2017-02-03	17.50	0.00   
2017-02-06	17.71	0.00   
2017-02-07	17.67	0.00   
2017-02-08	17.77	0.00   
2017-02-09	17.62	0.00   
2017-02-10	17.93	0.00   
2017-02-13	17.79	0.00   
2017-02-14	17.90	0.00   
2017-02-15	17.96	0.00   
2017-02-16	18.09	0.00   
2017-02-17	17.98	0.00   
2017-02-20	18.04	0.00   
2017-02-21	17.94	0.00   
2017-02-22	18.00	0.00   
2017-02-23	18.18	0.00   
2017-02-24	18.34	0.00   
2017-02-27	18.25	0.00   
2017-02-28	18.29	0.00   
2017-03-01	18.41	0.00   
2017-03-02	17.74	0.00   
2017-03-03	17.96	0.00   
2017-03-06	17.77	0.00   
2017-03-07	17.46	0.00   
2017-03-08	17.20	0.00   
2017-03-09	16.95	0.00   
2017-03-10	17.03	0.00   
2017-03-13	16.94	0.00   
2017-03-14	16.85	0.00   
2017-03-15	17.31	0.00   
2017-03-16	17.29	0.00   
2017-03-17	17.39	0.00   
2017-03-20	17.40	0.00   
2017-03-21	17.50	0.00   
2017-03-22	17.51	0.00   
2017-03-23	17.55	0.00   
2017-03-24	17.74	0.00   
2017-03-27	18.06	0.00   
2017-03-28	18.14	0.00   
2017-03-29	18.22	0.00   
2017-03-30	18.08	0.00   
2017-03-31	18.25	0.00   
2017-04-03	18.21	0.00   
2017-04-04	18.27	0.00   
2017-04-05	18.26	0.00   
2017-04-06	18.24	0.00   
2017-04-07	17.96	0.00   
2017-04-10	17.90	0.00   
2017-04-11	18.30	0.00   
2017-04-12	18.45	0.00   
2017-04-13	18.49	0.00   
2017-04-14	18.52	0.00   
2017-04-17	18.39	0.00   
2017-04-18	18.26	0.00   
2017-04-19	18.13	0.00   
2017-04-20	18.00	0.00   
2017-04-21	17.91	0.00   
2017-04-24	17.89	0.00   
2017-04-25	17.57	0.00   
2017-04-26	17.47	0.00   
2017-04-27	17.26	0.00   
2017-04-28	17.19	0.00   
2017-05-01	16.80	0.00   
2017-05-02	16.80	0.00   
2017-05-03	16.43	0.00   
2017-05-04	16.29	0.00   
2017-05-05	16.30	0.00   
2017-05-08	16.19	0.00   
2017-05-09	16.16	0.00   
2017-05-10	16.17	0.00   
2017-05-11	16.31	0.00   
2017-05-12	16.44	0.00   
2017-05-15	16.60	0.00   
2017-05-16	16.81	0.00   
2017-05-17	16.86	0.00   
2017-05-18	16.57	0.00   
2017-05-19	16.84	0.00   
2017-05-22	17.13	0.00   
2017-05-23	17.04	0.00   
2017-05-24	17.20	0.00   
2017-05-25	17.12	0.00   
2017-05-26	17.34	0.00   
2017-05-29	17.40	0.00   
2017-05-30	17.37	0.00   
2017-05-31	17.31	0.00   
2017-06-01	17.26	0.00   
2017-06-02	17.55	0.00   
2017-06-05	17.52	0.00   
2017-06-06	17.67	0.00   
2017-06-07	17.56	0.00   
2017-06-08	17.40	0.00   
2017-06-09	17.16	0.00   
2017-06-12	16.93	0.00   
2017-06-13	16.81	0.00   
2017-06-14	16.86	0.00   
2017-06-15	16.71	0.00   
2017-06-16	16.66	0.00   
2017-06-19	16.45	0.00   
2017-06-20	16.43	0.00   
2017-06-21	16.43	0.00   
2017-06-22	16.52	0.00   
2017-06-23	16.68	0.00   
2017-06-26	16.56	0.00   
2017-06-27	16.65	0.00   
2017-06-28	16.78	0.00   
2017-06-29	16.58	0.00   
2017-06-30	16.58	0.00   
2017-07-03	16.11	0.00   
2017-07-04	16.06	0.00   
2017-07-05	16.06	0.00   
2017-07-06	16.02	0.00   
2017-07-07	15.56	0.00   
2017-07-10	15.63	0.00   
2017-07-11	15.81	0.00   
2017-07-12	15.88	0.00   
2017-07-13	15.66	0.00   
2017-07-14	15.96	0.00   
2017-07-17	16.08	0.00   
2017-07-18	16.26	0.00   
2017-07-19	16.24	0.00   
2017-07-20	16.30	0.00   
2017-07-21	16.47	0.00   
2017-07-24	16.47	0.00   
2017-07-25	16.46	0.00   
2017-07-26	16.63	0.00   
2017-07-27	16.56	0.00   
2017-07-28	16.71	0.00   
2017-07-31	16.81	0.00   
2017-08-01	16.70	0.00   
2017-08-02	16.55	0.00   
2017-08-03	16.63	0.00   
2017-08-04	16.25	0.00   
2017-08-07	16.24	0.00   
2017-08-08	16.43	0.00   
2017-08-09	16.92	0.00   
2017-08-10	17.08	0.00   
2017-08-11	17.07	0.00   
2017-08-14	17.05	0.00   
2017-08-15	16.60	0.00   
2017-08-16	17.07	0.00   
2017-08-17	17.00	0.00   
2017-08-18	16.95	0.00   
2017-08-21	17.00	0.00   
2017-08-22	16.96	0.00   
2017-08-23	17.06	0.00   
2017-08-24	16.93	0.00   
2017-08-25	17.04	0.00   
2017-08-28	17.41	0.00   
2017-08-29	17.36	0.00   
2017-08-30	17.40	0.00   
2017-08-31	17.56	0.00   
2017-09-01	17.70	0.00   
2017-09-04	17.86	0.00   
2017-09-05	17.86	0.00   
2017-09-06	17.85	0.00   
2017-09-07	18.04	0.00   
2017-09-08	17.92	0.00   
2017-09-11	17.78	0.00   
2017-09-12	17.87	0.00   
2017-09-13	17.75	0.00   
2017-09-14	17.74	0.00   
2017-09-15	17.57	0.00   
2017-09-18	17.18	0.00   
2017-09-19	17.29	0.00   
2017-09-20	17.14	0.00   
2017-09-21	16.93	0.00   
2017-09-22	16.97	0.00   
2017-09-25	17.15	0.00   
2017-09-26	16.79	0.00   
2017-09-27	16.73	0.00   
2017-09-28	16.84	0.00   
2017-09-29	16.62	0.00   
2017-10-02	16.55	0.00   
2017-10-03	16.62	0.00   
2017-10-04	16.55	0.00   
2017-10-05	16.56	0.00   
2017-10-06	16.80	0.00   
2017-10-09	16.94	0.00   
2017-10-10	17.09	0.00   
2017-10-11	17.14	0.00   
2017-10-12	17.22	0.00   
2017-10-13	17.37	0.00   
2017-10-16	17.20	0.00   
2017-10-17	16.99	0.00   
2017-10-18	16.96	0.00   
2017-10-19	17.22	0.00   
2017-10-20	16.98	0.00   
2017-10-23	17.05	0.00   
2017-10-24	16.91	0.00   
2017-10-25	16.91	0.00   
2017-10-26	16.76	0.00   
2017-10-27	16.82	0.00   
2017-10-30	16.82	0.00   
2017-10-31	16.69	0.00   
2017-11-01	17.11	0.00   
2017-11-02	17.09	0.00   
2017-11-03	16.82	0.00   
2017-11-06	17.20	0.00   
2017-11-07	16.91	0.00   
2017-11-08	17.00	0.00   
2017-11-09	16.98	0.00   
2017-11-10	16.86	0.00   
2017-11-13	17.04	0.00   
2017-11-14	17.00	0.00   
2017-11-15	16.96	0.00   
2017-11-16	17.04	0.00   
2017-11-17	17.27	0.00   
2017-11-20	16.89	0.00   
2017-11-21	16.93	0.00   
2017-11-22	17.12	0.00   
2017-11-23	17.08	0.00   
2017-11-24	17.02	0.00   
2017-11-27	17.02	0.00   
2017-11-28	16.83	0.00   
2017-11-29	16.52	0.00   
2017-11-30	16.40	0.00   
2017-12-01	16.41	0.00   
2017-12-04	16.28	0.00   
2017-12-05	16.06	0.00   
2017-12-06	15.94	0.00   
2017-12-07	15.70	0.00   
2017-12-08	15.83	0.00   
2017-12-11	15.68	0.00   
2017-12-12	15.70	0.00   
2017-12-13	16.04	0.00   
2017-12-14	15.87	0.00   
2017-12-15	16.02	0.00   
2017-12-18	16.12	0.00   
2017-12-19	16.11	0.00   
2017-12-20	16.16	0.00   
2017-12-21	16.10	0.00   
2017-12-22	16.36	0.00   
2017-12-25	16.37	0.00   
2017-12-26	16.52	0.00   
2017-12-27	16.66	0.00   
2017-12-28	16.83	0.00   
2017-12-29	16.90	0.00   
2018-01-01	16.92	0.00   
2018-01-02	17.15	0.00   
2018-01-03	17.09	0.00   
2018-01-04	17.20	0.00   
2018-01-05	17.18	0.00   
2018-01-08	17.09	0.00   
2018-01-09	16.94	0.00   
2018-01-10	16.96	0.00   
2018-01-11	16.96	0.00   
2018-01-12	17.20	0.00   
2018-01-15	17.34	0.00   
2018-01-16	17.16	0.00   
2018-01-17	16.96	0.00   
2018-01-18	16.93	0.00   
2018-01-19	17.00	0.00   
2018-01-22	16.98	0.00   
2018-01-23	17.03	0.00   
2018-01-24	17.54	0.00   
2018-01-25	17.26	0.00   
2018-01-26	17.37	0.00   
2018-01-29	17.14	0.00   
2018-01-30	17.10	0.00   
2018-01-31	17.30	0.00   
2018-02-01	17.20	0.00   
2018-02-02	16.56	0.00   
2018-02-05	16.69	0.00   
2018-02-06	16.61	0.00   
2018-02-07	16.35	0.00   
2018-02-08	16.39	0.00   
2018-02-09	16.32	0.00   
2018-02-12	16.52	0.00   
2018-02-13	16.54	0.00   
2018-02-14	16.83	0.00   
2018-02-15	16.83	0.00   
2018-02-16	16.63	0.00   
2018-02-19	16.66	0.00   
2018-02-20	16.41	0.00   
2018-02-21	16.48	0.00   
2018-02-22	16.59	0.00   
2018-02-23	16.50	0.00   
2018-02-26	16.62	0.00   
2018-02-27	16.39	0.00   
2018-02-28	16.39	0.00   
2018-03-01	16.44	0.00   
2018-03-02	16.46	0.00   
2018-03-05	16.39	0.00   
2018-03-06	16.71	0.00   
2018-03-07	16.48	0.00   
2018-03-08	16.45	0.00   
2018-03-09	16.54	0.00   
2018-03-12	16.52	0.00   
2018-03-13	16.56	0.00   
2018-03-14	16.50	0.00   
2018-03-15	16.36	0.00   
2018-03-16	16.33	0.00   
2018-03-19	16.29	0.00   
2018-03-20	16.17	0.00   
2018-03-21	16.54	0.00   
2018-03-22	16.36	0.00   
2018-03-23	16.55	0.00   
2018-03-26	16.69	0.00   
2018-03-27	16.50	0.00   
2018-03-28	16.27	0.00   
2018-03-29	16.33	0.00   
2018-03-30	16.33	0.00   
2018-04-02	16.57	0.00   
2018-04-03	16.39	0.00   
2018-04-04	16.28	0.00   
2018-04-05	16.35	0.00   
2018-04-06	16.37	0.00   
2018-04-09	16.47	0.00   
2018-04-10	16.56	0.00   
2018-04-11	16.64	0.00   
2018-04-12	16.43	0.00   
2018-04-13	16.61	0.00   
2018-04-16	16.64	0.00   
2018-04-17	16.75	0.00   
2018-04-18	17.17	0.00   
2018-04-19	17.21	0.00   
2018-04-20	17.10	0.00   
2018-04-23	16.61	0.00   
2018-04-24	16.70	0.00   
2018-04-25	16.53	0.00   
2018-04-26	16.48	0.00   
2018-04-27	16.47	0.00   
2018-04-30	16.30	0.00   
2018-05-01	16.12	0.00   
2018-05-02	16.34	0.00   
2018-05-03	16.41	0.00   
2018-05-04	16.50	0.00   
2018-05-07	16.44	0.00   
2018-05-08	16.44	0.00   
2018-05-09	16.46	0.00   
2018-05-10	16.69	0.00   
2018-05-11	16.62	0.00   
2018-05-14	16.49	0.00   
2018-05-15	16.23	0.00   
2018-05-16	16.34	0.00   
2018-05-17	16.40	0.00   
2018-05-18	16.43	0.00   
2018-05-21	16.47	0.00   
2018-05-22	16.51	0.00   
2018-05-23	16.42	0.00   
2018-05-24	16.64	0.00   
2018-05-25	16.47	0.00   
2018-05-28	16.46	0.00   
2018-05-29	16.35	0.00   
2018-05-30	16.48	0.00   
2018-05-31	16.40	0.00   
2018-06-01	16.38	0.00   
2018-06-04	16.38	0.00   
2018-06-05	16.46	0.00   
2018-06-06	16.66	0.00   
2018-06-07	16.69	0.00   
2018-06-08	16.75	0.00   
2018-06-11	16.91	0.00   
2018-06-12	16.83	0.00   
2018-06-13	17.02	0.00   
2018-06-14	17.15	0.00   
2018-06-15	16.52	0.00   
2018-06-18	16.45	0.00   
2018-06-19	16.29	0.00   
2018-06-20	16.24	0.00   
2018-06-21	16.29	0.00   
2018-06-22	16.41	0.00   
2018-06-25	16.32	0.00   
2018-06-26	16.26	0.00   
2018-06-27	16.03	0.00   
2018-06-28	15.96	0.00   
2018-06-29	16.10	0.00   
2018-07-02	15.84	0.00   
2018-07-03	15.99	0.00   
2018-07-04	16.06	0.00   
2018-07-05	16.01	0.00   
2018-07-06	16.00	0.00   
2018-07-09	16.07	0.00   
2018-07-10	16.04	0.00   
2018-07-11	15.78	0.00   
2018-07-12	15.92	0.00   
2018-07-13	15.77	0.00   
2018-07-16	15.75	0.00   
2018-07-17	15.53	0.00   
2018-07-18	15.52	0.00   
2018-07-19	15.28	0.00   
2018-07-20	15.49	0.00   
2018-07-23	15.36	0.00   
2018-07-24	15.45	0.00   
2018-07-25	15.58	0.00   
2018-07-26	15.34	0.00   
2018-07-27	15.46	0.00   
2018-07-30	15.45	0.00   
2018-07-31	15.49	0.00   
2018-08-01	15.36	0.00   
2018-08-02	15.28	0.00   
2018-08-03	15.38	0.00   
2018-08-06	15.27	0.00   
2018-08-07	15.34	0.00   
2018-08-08	15.41	0.00   
2018-08-09	15.42	0.00   
2018-08-10	15.29	0.00   
2018-08-13	14.95	0.00   
2018-08-14	15.02	0.00   
2018-08-15	14.40	0.00   
2018-08-16	14.63	0.00   
2018-08-17	14.79	0.00   
2018-08-20	14.73	0.00   
2018-08-21	14.74	0.00   
2018-08-22	14.72	0.00   
2018-08-23	14.47	0.00   
2018-08-24	14.79	0.00   
2018-08-27	14.84	0.00   
2018-08-28	14.67	0.00   
2018-08-29	14.72	0.00   
2018-08-30	14.51	0.00   
2018-08-31	14.53	0.00   
2018-09-03	14.50	0.00   
2018-09-04	14.14	0.00   
2018-09-05	14.16	0.00   
2018-09-06	14.13	0.00   
2018-09-07	14.13	0.00   
2018-09-10	14.16	0.00   
2018-09-11	14.12	0.00   
2018-09-12	14.24	0.00   
2018-09-13	14.13	0.00   
2018-09-14	14.03	0.00   
2018-09-17	14.15	0.00   
2018-09-18	14.14	0.00   
2018-09-19	14.25	0.00   
2018-09-20	14.30	0.00   
2018-09-21	14.29	0.00   
2018-09-24	14.24	0.00   
2018-09-25	14.41	0.00   
2018-09-26	14.30	0.00   
2018-09-27	14.22	0.00   
2018-09-28	14.62	0.00   
2018-10-01	14.46	0.00   
2018-10-02	14.66	0.00   
2018-10-03	14.61	0.00   
2018-10-04	14.58	0.00   
2018-10-05	14.62	0.00   
2018-10-08	14.34	0.00   
2018-10-09	14.36	0.00   
2018-10-10	14.26	0.00   
2018-10-11	14.58	0.00   
2018-10-12	14.57	0.00   
2018-10-15	14.67	0.00   
2018-10-16	14.64	0.00   
2018-10-17	14.59	0.00   
2018-10-18	14.55	0.00   
2018-10-19	14.60	0.00   
2018-10-22	14.55	0.00   
2018-10-23	14.70	0.00   
2018-10-24	14.68	0.00   
2018-10-25	14.61	0.00   
2018-10-26	14.68	0.00   
2018-10-29	14.45	0.00   
2018-10-30	14.46	0.00   
2018-10-31	14.21	0.00   
2018-11-01	14.73	0.00   
2018-11-02	14.73	0.00   
2018-11-05	14.61	0.00   
2018-11-06	14.51	0.00   
2018-11-07	14.56	0.00   
2018-11-08	14.43	0.00   
2018-11-09	14.13	0.00   
2018-11-12	13.97	0.00   
2018-11-13	13.98	0.00   
2018-11-14	14.12	0.00   
2018-11-15	14.28	0.00   
2018-11-16	14.38	0.00   
2018-11-19	14.41	0.00   
2018-11-20	14.31	0.00   
2018-11-21	14.47	0.00   
2018-11-22	14.48	0.00   
2018-11-23	14.24	0.00   
2018-11-26	14.21	0.00   
2018-11-27	14.13	0.00   
2018-11-28	14.29	0.00   
2018-11-29	14.28	0.00   
2018-11-30	14.15	0.00   
2018-12-03	14.35	0.00   
2018-12-04	14.51	0.00   
2018-12-05	14.49	0.00   
2018-12-06	14.44	0.00   
2018-12-07	14.59	0.00   
2018-12-10	14.51	0.00   
2018-12-11	14.55	0.00   
2018-12-12	14.73	0.00   
2018-12-13	14.73	0.00   
2018-12-14	14.54	0.00   
2018-12-17	14.63	0.00   
2018-12-18	14.61	0.00   
2018-12-19	14.57	0.00   
2018-12-20	14.75	0.00   
2018-12-21	14.61	0.00   
2018-12-24	14.75	0.00   
2018-12-26	14.99	0.00   
2018-12-27	15.21	0.00   
2018-12-28	15.35	0.00   
2018-12-31	15.47	0.00   
2019-01-01	15.47	0.00   
2019-01-02	15.50	0.00   
2019-01-03	15.69	0.00   
2019-01-04	15.67	0.00   
2019-01-07	15.62	0.00   
2019-01-08	15.62	0.00   
2019-01-09	15.71	0.00   
2019-01-10	15.55	0.00   
2019-01-11	15.57	0.00   
2019-01-14	15.62	0.00   
2019-01-15	15.55	0.00   
2019-01-16	15.57	0.00   
2019-01-17	15.50	0.00   
2019-01-18	15.31	0.00   
2019-01-21	15.25	0.00   
2019-01-22	15.32	0.00   
2019-01-23	15.34	0.00   
2019-01-24	15.29	0.00   
2019-01-25	15.72	0.00   
2019-01-28	15.69	0.00   
2019-01-29	15.81	0.00   
2019-01-30	16.04	0.00   
2019-01-31	16.03	0.00   
2019-02-01	15.86	0.00   
2019-02-04	15.82	0.00   
2019-02-05	15.82	0.00   
2019-02-06	15.64	0.00   
2019-02-07	15.71	0.00   
2019-02-08	15.81	0.00   
2019-02-11	15.69	0.00   
2019-02-12	15.68	0.00   
2019-02-13	15.54	0.00   
2019-02-14	15.57	0.00   
2019-02-15	15.75	0.00   
2019-02-18	15.79	0.00   
2019-02-19	15.97	0.00   
2019-02-20	16.04	0.00   
2019-02-21	15.77	0.00   
2019-02-22	15.88	0.00   
2019-02-25	15.87	0.00   
2019-02-26	15.90	0.00   
2019-02-27	15.70	0.00   
2019-02-28	15.58	0.00   
2019-03-01	15.19	0.00   
2019-03-04	15.04	0.00   
2019-03-05	15.11	0.00   
2019-03-06	15.05	0.00   
2019-03-07	14.98	0.00   
2019-03-08	15.30	0.00   
2019-03-11	15.31	0.00   
2019-03-12	15.41	0.00   
2019-03-13	15.44	0.00   
2019-03-14	15.17	0.00   
2019-03-15	15.27	0.00   
2019-03-18	15.33	0.00   
2019-03-19	15.35	0.00   
2019-03-20	15.44	0.00   
2019-03-21	15.46	0.00   
2019-03-22	15.43	0.00   
2019-03-25	15.53	0.00   
2019-03-26	15.39	0.00   
2019-03-27	15.28	0.00   
2019-03-28	14.99	0.00   
2019-03-29	15.11	0.00   
2019-04-01	15.09	0.00   
2019-04-02	15.10	0.00   
2019-04-03	15.13	0.00   
2019-04-04	15.14	0.00   
2019-04-05	15.08	0.00   
2019-04-08	15.22	0.00   
2019-04-09	15.19	0.00   
2019-04-10	15.21	0.00   
2019-04-11	14.93	0.00   
2019-04-12	14.94	0.00   
2019-04-15	14.98	0.00   
2019-04-16	14.98	0.00   
2019-04-17	14.98	0.00   
2019-04-18	14.98	0.00   
2019-04-19	14.99	0.00   
2019-04-22	15.00	0.00   
2019-04-23	14.82	0.00   
2019-04-24	14.95	0.00   
2019-04-25	14.92	0.00   
2019-04-26	15.05	0.00   
2019-04-29	14.90	0.00   
2019-04-30	14.93	0.00   
2019-05-01	14.65	0.00   
2019-05-02	14.61	0.00   
2019-05-03	14.91	0.00   
2019-05-06	14.88	0.00   
2019-05-07	14.89	0.00   
2019-05-08	14.81	0.00   
2019-05-09	14.73	0.00   
2019-05-10	14.75	0.00   
2019-05-13	14.77	0.00   
2019-05-14	14.76	0.00   
2019-05-15	14.79	0.00   
2019-05-16	14.54	0.00   
2019-05-17	14.38	0.00   
2019-05-20	14.44	0.00   
2019-05-21	14.44	0.00   
2019-05-22	14.43	0.00   
2019-05-23	14.57	0.00   
2019-05-24	14.54	0.00   
2019-05-27	14.58	0.00   
2019-05-28	14.33	0.00   
2019-05-29	14.42	0.00   
2019-05-30	14.51	0.00   
2019-05-31	14.55	0.00   
2019-06-03	14.78	0.00   
2019-06-04	14.81	0.00   
2019-06-05	14.79	0.00   
2019-06-06	14.88	0.00   
2019-06-07	14.99	0.00   
2019-06-10	14.69	0.00   
2019-06-11	14.73	0.00   
2019-06-12	14.76	0.00   
2019-06-13	14.89	0.00   
2019-06-14	14.86	0.00   
2019-06-17	14.82	0.00   
2019-06-18	15.00	0.00   
2019-06-19	15.17	0.00   
2019-06-20	15.44	0.00   
2019-06-21	15.33	0.00   
2019-06-24	15.43	0.00   
2019-06-25	15.36	0.00   
2019-06-26	15.28	0.00   
2019-06-27	15.25	0.00   
2019-06-28	15.29	0.00   
2019-07-01	15.11	0.00   
2019-07-02	15.33	0.00   
2019-07-03	15.30	0.00   
2019-07-04	15.28	0.00   
2019-07-05	14.97	0.00   
2019-07-08	15.02	0.00   
2019-07-09	15.10	0.00   
2019-07-10	15.22	0.00   
2019-07-11	15.12	0.00   
2019-07-12	15.20	0.00   
2019-07-15	15.39	0.00   
2019-07-16	15.56	0.00   
2019-07-17	15.97	0.00   
2019-07-18	16.35	0.00   
2019-07-19	16.20	0.00   
2019-07-22	16.35	0.00   
2019-07-23	16.40	0.00   
2019-07-24	16.58	0.00   
2019-07-25	16.44	0.00   
2019-07-26	16.36	0.00   
2019-07-29	16.46	0.00   
2019-07-30	16.56	0.00   
2019-07-31	16.26	0.00   
2019-08-01	16.34	0.00   
2019-08-02	16.19	0.00   
2019-08-05	16.42	0.00   
2019-08-06	16.45	0.00   
2019-08-07	17.07	0.00   
2019-08-08	16.96	0.00   
2019-08-09	16.96	0.00   
2019-08-12	17.06	0.00   
2019-08-13	16.98	0.00   
2019-08-14	17.20	0.00   
2019-08-15	17.27	0.00   
2019-08-16	17.10	0.00   
2019-08-19	16.89	0.00   
2019-08-20	17.14	0.00   
2019-08-21	17.12	0.00   
2019-08-22	17.05	0.00   
2019-08-23	17.39	0.00   
2019-08-26	17.66	0.00   
2019-08-27	18.18	0.00   
2019-08-28	18.34	0.00   
2019-08-29	18.25	0.00   
2019-08-30	18.35	0.00   
2019-09-02	18.48	0.00   
2019-09-03	19.23	0.00   
2019-09-04	19.53	0.00   
2019-09-05	18.64	0.00   
2019-09-06	18.16	0.00   
2019-09-09	17.97	0.00   
2019-09-10	17.97	0.00   
2019-09-11	18.11	0.00   
2019-09-12	18.05	0.00   
2019-09-13	17.43	0.00   
2019-09-16	17.84	0.00   
2019-09-17	18.00	0.00   
2019-09-18	17.72	0.00   
2019-09-19	17.78	0.00   
2019-09-20	17.96	0.00   
2019-09-23	18.59	0.00   
2019-09-24	18.61	0.00   
2019-09-25	17.91	0.00   
2019-09-26	17.82	0.00   
2019-09-27	17.53	0.00   
2019-09-30	16.99	0.00   
2019-10-01	17.21	0.00   
2019-10-02	17.56	0.00   
2019-10-03	17.56	0.00   
2019-10-04	17.54	0.00   
2019-10-07	17.41	0.00   
2019-10-08	17.73	0.00   
2019-10-09	17.72	0.00   
2019-10-10	17.50	0.00   
2019-10-11	17.53	0.00   
2019-10-14	17.66	0.00   
2019-10-15	17.41	0.00   
2019-10-16	17.39	0.00   
2019-10-17	17.54	0.00   
2019-10-18	17.52	0.00   
2019-10-21	17.55	0.00   
2019-10-22	17.54	0.00   
2019-10-23	17.52	0.00   
2019-10-24	17.82	0.00   
2019-10-25	18.00	0.00   
2019-10-28	17.86	0.00   
2019-10-29	17.79	0.00   
2019-10-30	17.87	0.00   
2019-10-31	18.11	0.00   
2019-11-01	18.08	0.00   
2019-11-04	18.02	0.00   
2019-11-05	17.55	0.00   
2019-11-06	17.63	0.00   
2019-11-07	17.09	0.00   
2019-11-08	16.75	0.00   
2019-11-11	16.83	0.00   
2019-11-12	16.75	0.00   
2019-11-13	16.95	0.00   
2019-11-14	17.00	0.00   
2019-11-15	16.93	0.00   
2019-11-18	17.02	0.00   
2019-11-19	17.13	0.00   
2019-11-20	17.13	0.00   
2019-11-21	17.09	0.00   
2019-11-22	16.97	0.00   
2019-11-25	16.88	0.00   
2019-11-26	17.05	0.00   
2019-11-27	16.95	0.00   
2019-11-28	16.90	0.00   
2019-11-29	17.01	0.00   
2019-12-02	16.88	0.00   
2019-12-03	17.15	0.00   
2019-12-04	16.83	0.00   
2019-12-05	16.96	0.00   
2019-12-06	16.54	0.00   
2019-12-09	16.60	0.00   
2019-12-10	16.66	0.00   
2019-12-11	16.86	0.00   
2019-12-12	16.90	0.00   
2019-12-13	16.93	0.00   
2019-12-16	17.02	0.00   
2019-12-17	16.98	0.00   
2019-12-18	16.98	0.00   
2019-12-19	17.03	0.00   
2019-12-20	17.17	0.00   
2019-12-23	17.44	0.00   
2019-12-24	17.76	0.00   
2019-12-26	17.87	0.00   
2019-12-27	17.75	0.00   
2019-12-30	17.91	0.00   
2019-12-31	17.82	0.00   
2020-01-01	17.83	0.00   
2020-01-02	18.00	0.00   
2020-01-03	18.03	0.00   
2020-01-06	18.11	0.00   
2020-01-07	18.38	0.00   
2020-01-08	18.08	0.00   
2020-01-09	17.89	0.00   
2020-01-10	18.10	0.00   
2020-01-13	17.93	0.00   
2020-01-14	17.78	0.00   
2020-01-15	17.98	0.00   
2020-01-16	17.94	0.00   
2020-01-17	18.00	0.00   
2020-01-20	18.06	0.00   
2020-01-21	17.75	0.00   
2020-01-22	17.81	0.00   
2020-01-23	17.79	0.00   
2020-01-24	18.09	0.00   
2020-01-27	18.07	0.00   
2020-01-28	17.44	0.00   
2020-01-29	17.51	0.00   
2020-01-30	17.82	0.00   
2020-01-31	18.00	0.00   
2020-02-03	17.68	0.00   
2020-02-04	17.57	0.00   
2020-02-05	17.59	0.00   
2020-02-06	17.81	0.00   
2020-02-07	17.69	0.00   
2020-02-10	17.76	0.00   
2020-02-11	17.64	0.00   
2020-02-12	17.48	0.00   
2020-02-13	17.62	0.00   
2020-02-14	17.73	0.00   
2020-02-17	17.78	0.00   
2020-02-18	18.15	0.00   
2020-02-19	18.40	0.00   
2020-02-20	18.34	0.00   
2020-02-21	18.48	0.00   
2020-02-24	18.61	0.00   
2020-02-25	17.98	0.00   
2020-02-26	17.90	0.00   
2020-02-27	17.75	0.00   
2020-02-28	16.66	0.00   
2020-03-02	16.70	0.00   
2020-03-03	17.21	0.00   
2020-03-04	17.21	0.00   
2020-03-05	17.43	0.00   
2020-03-06	17.34	0.00   
2020-03-09	16.99	0.00   
2020-03-10	16.88	0.00   
2020-03-11	16.73	0.00   
2020-03-12	15.81	0.00   
2020-03-13	14.75	0.00   
2020-03-16	12.91	0.00   
2020-03-17	12.60	0.00   
2020-03-18	11.97	0.00   
2020-03-19	12.07	0.00   
2020-03-20	12.61	0.00   
2020-03-23	13.25	0.00   
2020-03-24	14.26	0.00   
2020-03-25	14.49	0.00   
2020-03-26	14.37	0.00   
2020-03-27	14.43	0.00   
2020-03-30	14.04	0.00   
2020-03-31	13.97	0.00   
2020-04-01	13.95	0.00   
2020-04-02	14.45	0.00   
2020-04-03	14.39	0.00   
2020-04-06	14.98	0.00   
2020-04-07	14.98	0.00   
2020-04-08	14.93	0.00   
2020-04-09	15.40	0.00   
2020-04-13	15.39	0.00   
2020-04-14	15.75	0.00   
2020-04-15	15.45	0.00   
2020-04-16	15.50	0.00   
2020-04-17	15.19	0.00   
2020-04-20	15.27	0.00   
2020-04-21	14.83	0.00   
2020-04-22	15.07	0.00   
2020-04-23	15.23	0.00   
2020-04-24	15.20	0.00   
2020-04-27	15.17	0.00   
2020-04-28	15.15	0.00   
2020-04-29	15.27	0.00   
2020-04-30	14.91	0.00   
2020-05-01	14.93	0.00   
2020-05-04	14.76	0.00   
2020-05-05	14.93	0.00   
2020-05-06	14.83	0.00   
2020-05-07	15.32	0.00   
2020-05-08	15.46	0.00   
2020-05-11	15.47	0.00   
2020-05-12	15.44	0.00   
2020-05-13	15.54	0.00   
2020-05-14	15.85	0.00   
2020-05-15	16.61	0.00   
2020-05-18	16.95	0.00   
2020-05-19	17.34	0.00   
2020-05-20	17.55	0.00   
2020-05-21	17.11	0.00   
2020-05-22	17.18	0.00   
2020-05-25	17.09	0.00   
2020-05-26	17.11	0.00   
2020-05-27	17.25	0.00   
2020-05-28	17.36	0.00   
2020-05-29	17.85	0.00   
2020-06-01	18.29	0.00   
2020-06-02	18.06	0.00   
2020-06-03	17.63	0.00   
2020-06-04	17.69	0.00   
2020-06-05	17.42	0.00   
2020-06-08	17.74	0.00   
2020-06-09	17.51	0.00   
2020-06-10	18.06	0.00   
2020-06-11	17.63	0.00   
2020-06-12	17.48	0.00   
2020-06-15	17.34	0.00   
2020-06-16	17.44	0.00   
2020-06-17	17.46	0.00   
2020-06-18	17.35	0.00   
2020-06-19	17.59	0.00   
2020-06-22	17.69	0.00   
2020-06-23	17.90	0.00   
2020-06-24	17.47	0.00   
2020-06-25	17.79	0.00   
2020-06-26	17.75	0.00   
2020-06-29	17.83	0.00   
2020-06-30	18.19	0.00   
2020-07-01	17.98	0.00   
2020-07-02	17.92	0.00   
2020-07-03	18.01	0.00   
2020-07-06	18.25	0.00   
2020-07-07	18.25	0.00   
2020-07-08	18.71	0.00   
2020-07-09	18.65	0.00   
2020-07-10	18.70	0.00   
2020-07-13	19.04	0.00   
2020-07-14	19.21	0.00   
2020-07-15	19.41	0.00   
2020-07-16	19.14	0.00   
2020-07-17	19.32	0.00   
2020-07-20	19.90	0.00   
2020-07-21	21.30	0.00   
2020-07-22	23.00	0.00   
2020-07-23	22.61	0.00   
2020-07-24	22.76	0.00   
2020-07-27	24.53	0.00   
2020-07-28	24.37	0.00   
2020-07-29	24.29	0.00   
2020-07-30	23.50	0.00   
2020-07-31	24.34	0.00   
2020-08-03	24.32	0.00   
2020-08-04	26.04	0.00   
2020-08-05	26.95	0.00   
2020-08-06	28.90	0.00   
2020-08-07	28.27	0.00   
2020-08-10	28.75	0.00   
2020-08-11	24.80	0.00   
2020-08-12	25.48	0.00   
2020-08-13	27.49	0.00   
2020-08-14	26.41	0.00   
2020-08-17	27.33	0.00   
2020-08-18	27.69	0.00   
2020-08-19	26.66	0.00   
2020-08-20	27.25	0.00   
2020-08-21	26.73	0.00   
2020-08-24	26.60	0.00   
2020-08-25	26.52	0.00   
2020-08-26	27.46	0.00   
2020-08-27	26.40	0.00   
2020-08-28	27.48	0.00   
2020-08-31	28.12	0.00   
2020-09-01	28.11	0.00   
2020-09-02	27.43	0.00   
2020-09-03	26.58	0.00   
2020-09-04	26.90	0.00   
2020-09-07	26.88	0.00   
2020-09-08	26.61	0.00   
2020-09-09	26.97	0.00   
2020-09-10	26.85	0.00   
2020-09-11	26.72	0.00   
2020-09-14	27.12	0.00   
2020-09-15	27.13	0.00   
2020-09-16	27.13	0.00   
2020-09-17	27.05	0.00   
2020-09-18	26.76	0.00   
2020-09-21	24.71	0.00   
2020-09-22	24.37	0.00   
2020-09-23	22.76	0.00   
2020-09-24	23.13	0.00   
2020-09-25	22.88	0.00   
2020-09-28	23.65	0.00   
2020-09-29	24.18	0.00   
2020-09-30	23.24	0.00   
2020-10-01	23.75	0.00   
2020-10-02	23.70	0.00   
2020-10-05	24.35	0.00   
2020-10-06	23.05	0.00   
2020-10-07	23.79	0.00   
2020-10-08	23.82	0.00   
2020-10-09	25.12	0.00   
2020-10-12	25.09	0.00   
2020-10-13	24.13	0.00   
2020-10-14	24.25	0.00   
2020-10-15	24.29	0.00   
2020-10-16	24.13	0.00   
2020-10-19	24.37	0.00   
2020-10-20	24.65	0.00   
2020-10-21	25.04	0.00   
2020-10-22	24.71	0.00   
2020-10-23	24.60	0.00   
2020-10-26	24.25	0.00   
2020-10-27	24.38	0.00   
2020-10-28	23.35	0.00   
2020-10-29	23.25	0.00   
2020-10-30	23.64	0.00   
2020-11-02	24.07	0.00   
2020-11-03	24.22	0.00   
2020-11-04	23.89	0.00   
2020-11-05	25.31	0.00   
2020-11-06	25.62	0.00   
2020-11-09	24.07	0.00   
2020-11-10	24.21	0.00   
2020-11-11	24.25	0.00   
2020-11-12	24.27	0.00   
2020-11-13	24.63	0.00   
2020-11-16	24.73	0.00   
2020-11-17	24.49	0.00   
2020-11-18	24.33	0.00   
2020-11-19	24.03	0.00   
2020-11-20	24.15	0.00   
2020-11-23	23.57	0.00   
2020-11-24	23.23	0.00   
2020-11-25	23.33	0.00   
2020-11-26	23.31	0.00   
2020-11-27	22.68	0.00   
2020-11-30	22.62	0.00   
2020-12-01	24.00	0.00   
2020-12-02	24.09	0.00   
2020-12-03	24.05	0.00   
2020-12-04	24.18	0.00   
2020-12-07	24.45	0.00   
2020-12-08	24.54	0.00   
2020-12-09	23.94	0.00   
2020-12-10	23.99	0.00   
2020-12-11	23.93	0.00   
2020-12-14	23.82	0.00   
2020-12-15	24.48	0.00   
2020-12-16	25.28	0.00   
2020-12-17	26.00	0.00   
2020-12-18	25.79	0.00   
2020-12-21	26.14	0.00   
2020-12-22	25.17	0.00   
2020-12-23	25.50	0.00   
2020-12-24	25.80	0.00   
2020-12-28	26.20	0.00   
2020-12-29	26.19	0.00   
2020-12-30	26.60	0.00   
2020-12-31	26.34	0.00   
2021-01-04	27.20	0.00   
2021-01-05	27.50	0.00   
2021-01-06	27.28	0.00   
2021-01-07	27.10	0.00   
2021-01-08	25.40	0.00   
2021-01-11	24.88	0.00   
2021-01-12	25.53	0.00   
2021-01-13	25.18	0.00   
2021-01-14	25.49	0.00   
2021-01-15	24.73	0.00   
2021-01-18	24.94	0.00   
2021-01-19	25.20	0.00   
2021-01-20	25.80	0.00   
2021-01-21	25.85	0.00   
2021-01-22	25.47	0.00   
2021-01-25	25.33	0.00   
2021-01-26	25.44	0.00   
2021-01-27	25.24	0.00   
2021-01-28	26.47	0.00   
2021-01-29	26.94	0.00   
2021-02-01	29.00	0.00   
2021-02-02	26.66	0.00   
2021-02-03	26.87	0.00   
2021-02-04	26.33	0.00   
2021-02-05	26.90	0.00   
2021-02-08	27.26	0.00   
2021-02-09	27.25	0.00   
2021-02-10	27.00	0.00   
2021-02-11	26.96	0.00   
2021-02-12	27.31	0.00   
2021-02-15	27.57	0.00   
2021-02-16	27.21	0.00   
2021-02-17	27.36	0.00   
2021-02-18	27.02	0.00   
2021-02-19	27.23	0.00   
2021-02-22	28.12	0.00   
2021-02-23	27.64	0.00   
2021-02-24	27.91	0.00   
2021-02-25	27.39	0.00   
2021-02-26	26.64	0.00   
2021-03-01	26.55	0.00   
2021-03-02	26.74	0.00   
2021-03-03	26.07	0.00   
2021-03-04	25.32	0.00   
2021-03-05	25.24	0.00   
2021-03-08	25.11	0.00   
2021-03-09	25.91	0.00   
2021-03-10	26.20	0.00   
2021-03-11	26.11	0.00   
2021-03-12	25.90	0.00   
2021-03-15	26.22	0.00   
2021-03-16	25.93	0.00   
2021-03-17	26.26	0.00   
2021-03-18	26.06	0.00   
2021-03-19	26.23	0.00   
2021-03-22	25.75	0.00   
2021-03-23	25.06	0.00   
2021-03-24	25.06	0.00   
2021-03-25	25.06	0.00   
2021-03-26	25.05	0.00   
2021-03-29	24.64	0.00   
2021-03-30	24.00	0.00   
2021-03-31	24.40	0.00   
2021-04-01	24.92	0.00   
2021-04-02	24.93	0.00   
2021-04-05	24.87	0.00   
2021-04-06	25.13	0.00   
2021-04-07	25.11	0.00   
2021-04-08	25.42	0.00   
2021-04-09	25.27	0.00   
2021-04-12	24.78	0.00   
2021-04-13	25.33	0.00   
2021-04-14	25.37	0.00   
2021-04-15	25.84	0.00   
2021-04-16	25.94	0.00   
2021-04-19	25.81	0.00   
2021-04-20	25.81	0.00   
2021-04-21	26.54	0.00   
2021-04-22	26.11	0.00   
2021-04-23	25.99	0.00   
2021-04-26	26.19	0.00   
2021-04-27	26.25	0.00   
2021-04-28	26.21	0.00   
2021-04-29	26.09	0.00   
2021-04-30	25.89	0.00   
2021-05-03	26.87	0.00   
2021-05-04	26.46	0.00   
2021-05-05	26.44	0.00   
2021-05-06	27.30	0.00   
2021-05-07	27.43	0.00   
2021-05-10	27.25	0.00   
2021-05-11	27.61	0.00   
2021-05-12	27.01	0.00   
2021-05-13	27.08	0.00   
2021-05-14	27.41	0.00   
2021-05-17	28.18	0.00   
2021-05-18	28.18	0.00   
2021-05-19	27.72	0.00   
2021-05-20	27.74	0.00   
2021-05-21	27.53	0.00   
2021-05-24	27.73	0.00   
2021-05-25	27.95	0.00   
2021-05-26	27.66	0.00   
2021-05-27	27.86	0.00   
2021-05-28	27.91	0.00   
2021-05-31	28.02	0.00   
2021-06-01	27.86	0.00   
2021-06-02	28.14	0.00   
2021-06-03	27.42	0.00   
2021-06-04	27.79	0.00   
2021-06-07	27.86	0.00   
2021-06-08	27.60	0.00   
2021-06-09	27.75	0.00   
2021-06-10	27.98	0.00   
2021-06-11	27.89	0.00   
2021-06-14	27.83	0.00   
2021-06-15	27.64	0.00   
2021-06-16	26.91	0.00   
2021-06-17	25.88	0.00   
2021-06-18	25.78	0.00   
2021-06-21	25.93	0.00   
2021-06-22	25.73	0.00   
2021-06-23	25.85	0.00   
2021-06-24	25.91	0.00   
2021-06-25	26.08	0.00   
2021-06-28	26.06	0.00   
2021-06-29	25.75	0.00   
2021-06-30	26.12	0.00   
2021-07-01	26.00	0.00   
2021-07-02	26.46	0.00   
2021-07-05	26.43	0.00   
2021-07-06	26.14	0.00   
2021-07-07	26.14	0.00   
2021-07-08	25.91	0.00   
2021-07-09	26.10	0.00   
2021-07-12	26.20	0.00   
2021-07-13	25.96	0.00   
2021-07-14	26.23	0.00   
2021-07-15	26.32	0.00   
2021-07-16	25.66	0.00   
2021-07-19	25.17	0.00   
2021-07-20	24.92	0.00   
2021-07-21	25.26	0.00   
2021-07-22	25.40	0.00   
2021-07-23	25.16	0.00   
2021-07-26	25.19	0.00   
2021-07-27	24.67	0.00   
2021-07-28	24.96	0.00   
2021-07-29	25.50	0.00   
2021-07-30	25.45	0.00   
2021-08-02	25.38	0.00   
2021-08-03	25.48	0.00   
2021-08-04	25.36	0.00   
2021-08-05	25.13	0.00   
2021-08-06	24.31	0.00   
2021-08-09	23.44	0.00   
2021-08-10	23.32	0.00   
2021-08-11	23.53	0.00   
2021-08-12	23.16	0.00   
2021-08-13	23.71	0.00   
2021-08-16	23.84	0.00   
2021-08-17	23.66	0.00   
2021-08-18	23.50	0.00   
2021-08-19	23.20	0.00   
2021-08-20	23.01	0.00   
2021-08-23	23.59	0.00   
2021-08-24	23.82	0.00   
2021-08-25	23.83	0.00   
2021-08-26	23.55	0.00   
2021-08-27	23.99	0.00   
2021-08-30	23.99	0.00   
2021-08-31	23.86	0.00   
2021-09-01	24.11	0.00   
2021-09-02	23.89	0.00   
2021-09-03	24.69	0.00   
2021-09-06	24.66	0.00   
2021-09-07	24.30	0.00   
2021-09-08	23.95	0.00   
2021-09-09	24.03	0.00   
2021-09-10	23.74	0.00   
2021-09-13	23.73	0.00   
2021-09-14	23.84	0.00   
2021-09-15	23.83	0.00   
2021-09-16	22.90	0.00   
2021-09-17	22.36	0.00   
2021-09-20	22.22	0.00   
2021-09-21	22.45	0.00   
2021-09-22	22.66	0.00   
2021-09-23	22.49	0.00   
2021-09-24	22.39	0.00   
2021-09-27	22.60	0.00   
2021-09-28	22.44	0.00   
2021-09-29	21.51	0.00   
2021-09-30	22.17	0.00   
2021-10-01	22.51	0.00   
2021-10-04	22.67	0.00   
2021-10-05	22.61	0.00   
2021-10-06	22.60	0.00   
2021-10-07	22.58	0.00   
2021-10-08	22.66	0.00   
2021-10-11	22.55	0.00   
2021-10-12	22.54	0.00   
2021-10-13	23.07	0.00   
2021-10-14	23.50	0.00   
2021-10-15	23.26	0.00   
2021-10-18	23.18	0.00   
2021-10-19	23.64	0.00   
2021-10-20	24.29	0.00   
2021-10-21	24.13	0.00   
2021-10-22	24.30	0.00   
2021-10-25	24.55	0.00   
2021-10-26	24.14	0.00   
2021-10-27	24.05	0.00   
2021-10-28	24.07	0.00   
2021-10-29	23.86	0.00   
2021-11-01	24.05	0.00   
2021-11-02	23.50	0.00   
2021-11-03	23.50	0.00   
2021-11-04	23.77	0.00   
2021-11-05	24.15	0.00   
2021-11-08	24.42	0.00   
2021-11-09	24.28	0.00   
2021-11-10	24.61	0.00   
2021-11-11	25.22	0.00   
2021-11-12	25.30	0.00   
2021-11-15	25.06	0.00   
2021-11-16	24.82	0.00   
2021-11-17	25.07	0.00   
2021-11-18	24.79	0.00   
2021-11-19	24.60	0.00   
2021-11-22	24.16	0.00   
2021-11-23	23.64	0.00   
2021-11-24	23.52	0.00   
2021-11-25	23.58	0.00   
2021-11-26	23.11	0.00   
2021-11-29	22.88	0.00   
2021-11-30	22.80	0.00   
2021-12-01	22.30	0.00   
2021-12-02	22.36	0.00   
2021-12-03	22.52	0.00   
2021-12-06	22.37	0.00   
2021-12-07	22.49	0.00   
2021-12-08	22.41	0.00   
2021-12-09	21.94	0.00   
2021-12-10	22.15	0.00   
2021-12-13	22.32	0.00   
2021-12-14	21.92	0.00   
2021-12-15	22.05	0.00   
2021-12-16	22.47	0.00   
2021-12-17	22.33	0.00   
2021-12-20	22.26	0.00   
2021-12-21	22.50	0.00   
2021-12-22	22.79	0.00   
2021-12-23	22.86	0.00   
2021-12-24	22.96	0.00   
2021-12-27	23.05	0.00   
2021-12-28	22.99	0.00   
2021-12-29	22.82	0.00   
2021-12-30	23.01	0.00   
2021-12-31	23.29	0.00   
2022-01-03	22.88	0.00   
2022-01-04	23.04	0.00   
2022-01-05	22.79	0.00   
2022-01-06	22.18	0.00   
2022-01-07	22.34	0.00   
2022-01-10	22.44	0.00   
2022-01-11	22.76	0.00   
2022-01-12	23.12	0.00   
2022-01-13	23.06	0.00   
2022-01-14	22.94	0.00   
2022-01-17	22.98	0.00   
2022-01-18	23.45	0.00   
2022-01-19	24.13	0.00   
2022-01-20	24.47	0.00   
2022-01-21	24.27	0.00   
2022-01-24	23.96	0.00   
2022-01-25	23.80	0.00   
2022-01-26	23.51	0.00   
2022-01-27	22.76	0.00   
2022-01-28	22.45	0.00   
2022-01-31	22.46	0.00   
2022-02-01	22.62	0.00   
2022-02-02	22.64	0.00   
2022-02-03	22.41	0.00   
2022-02-04	22.49	0.00   
2022-02-07	22.99	0.00   
2022-02-08	23.19	0.00   
2022-02-09	23.30	0.00   
2022-02-10	23.19	0.00   
2022-02-11	23.55	0.00   
2022-02-14	23.85	0.00   
2022-02-15	23.36	0.00   
2022-02-16	23.58	0.00   
2022-02-17	23.83	0.00   
2022-02-18	23.90	0.00   
2022-02-21	23.90	0.00   
2022-02-22	24.09	0.00   
2022-02-23	24.53	0.00   
2022-02-24	24.21	0.00   
2022-02-25	24.25	0.00   
2022-02-28	24.44	0.00   
2022-03-01	25.36	0.00   
2022-03-02	25.29	0.00   
2022-03-03	25.16	0.00   
2022-03-04	25.66	0.00   
2022-03-07	25.65	0.00   
2022-03-08	26.37	0.00   
2022-03-09	25.78	0.00   
2022-03-10	25.88	0.00   
2022-03-11	25.85	0.00   
2022-03-14	25.02	0.00   
2022-03-15	24.87	0.00   
2022-03-16	25.09	0.00   
2022-03-17	25.32	0.00   
2022-03-18	24.94	0.00   
2022-03-21	25.18	0.00   
2022-03-22	24.75	0.00   
2022-03-23	25.09	0.00   
2022-03-24	25.55	0.00   
2022-03-25	25.48	0.00   
2022-03-28	24.84	0.00   
2022-03-29	24.78	0.00   
2022-03-30	24.84	0.00   
2022-03-31	24.76	0.00   
2022-04-01	24.61	0.00   
2022-04-04	24.54	0.00   
2022-04-05	24.32	0.00   
2022-04-06	24.43	0.00   
2022-04-07	24.58	0.00   
2022-04-08	24.71	0.00   
2022-04-11	25.07	0.00   
2022-04-12	25.34	0.00   
2022-04-13	25.71	0.00   
2022-04-14	25.64	0.00   
2022-04-15	25.64	0.00   
2022-04-18	25.85	0.00   
2022-04-19	25.17	0.00   
2022-04-20	25.18	0.00   
2022-04-21	24.64	0.00   
2022-04-22	24.11	0.00   
2022-04-25	23.55	0.00   
2022-04-26	23.48	0.00   
2022-04-27	23.27	0.00   
2022-04-28	23.13	0.00   
2022-04-29	22.74	0.00   
2022-05-02	22.62	0.00   
2022-05-03	22.54	0.00   
2022-05-04	22.97	0.00   
2022-05-05	22.48	0.00   
2022-05-06	22.33	0.00   
2022-05-09	21.77	0.00   
2022-05-10	21.24	0.00   
2022-05-11	21.56	0.00   
2022-05-12	20.65	0.00   
2022-05-13	21.08	0.00   
2022-05-16	21.59	0.00   
2022-05-17	21.61	0.00   
2022-05-18	21.40	0.00   
2022-05-19	21.89	0.00   
2022-05-20	21.73	0.00   
2022-05-23	21.79	0.00   
2022-05-24	22.08	0.00   
2022-05-25	21.96	0.00   
2022-05-26	21.99	0.00   
2022-05-27	22.10	0.00   
2022-05-30	21.97	0.00   
2022-05-31	21.52	0.00   
2022-06-01	21.81	0.00   
2022-06-02	22.28	0.00   
2022-06-03	21.91	0.00   
2022-06-06	22.06	0.00   
2022-06-07	22.23	0.00   
2022-06-08	22.04	0.00   
2022-06-09	21.69	0.00   
2022-06-10	21.87	0.00   
2022-06-13	21.04	0.00   
2022-06-14	21.04	0.00   
2022-06-15	21.62	0.00   
2022-06-16	21.93	0.00   
2022-06-17	21.67	0.00   
2022-06-20	21.58	0.00   
2022-06-21	21.67	0.00   
2022-06-22	21.40	0.00   
2022-06-23	20.93	0.00   
2022-06-24	21.11	0.00   
2022-06-27	21.13	0.00   
2022-06-28	20.82	0.00   
2022-06-29	20.72	0.00   
2022-06-30	20.28	0.00   
2022-07-01	19.87	0.00   
2022-07-04	19.94	0.00   
2022-07-05	19.20	0.00   
2022-07-06	19.20	0.00   
2022-07-07	19.21	0.00   
2022-07-08	19.29	0.00   
2022-07-11	19.10	0.00   
2022-07-12	18.91	0.00   
2022-07-13	19.18	0.00   
2022-07-14	18.41	0.00   
2022-07-15	18.69	0.00   
2022-07-18	18.69	0.00   
2022-07-19	18.75	0.00   
2022-07-20	18.64	0.00   
2022-07-21	18.84	0.00   
2022-07-22	18.56	0.00   
2022-07-25	18.43	0.00   
2022-07-26	18.61	0.00   
2022-07-27	19.08	0.00   
2022-07-28	20.00	0.00   
2022-07-29	20.32	0.00   
2022-08-01	20.35	0.00   
2022-08-02	19.94	0.00   
2022-08-03	20.04	0.00   
2022-08-04	20.17	0.00   
2022-08-05	19.89	0.00   
2022-08-08	20.65	0.00   
2022-08-09	20.51	0.00   
2022-08-10	20.58	0.00   
2022-08-11	20.31	0.00   
2022-08-12	20.79	0.00   
2022-08-15	20.25	0.00   
2022-08-16	20.12	0.00   
2022-08-17	19.76	0.00   
2022-08-18	19.52	0.00   
2022-08-19	19.02	0.00   
2022-08-22	18.97	0.00   
2022-08-23	19.13	0.00   
2022-08-24	19.11	0.00   
2022-08-25	19.23	0.00   
2022-08-26	18.88	0.00   
2022-08-29	18.74	0.00   
2022-08-30	18.40	0.00   
2022-08-31	17.97	0.00   
2022-09-01	17.76	0.00   
2022-09-02	18.03	0.00   
2022-09-05	18.12	0.00   
2022-09-06	17.99	0.00   
2022-09-07	18.42	0.00   
2022-09-08	18.52	0.00   
2022-09-09	18.82	0.00   
2022-09-12	19.81	0.00   
2022-09-13	19.33	0.00   
2022-09-14	19.69	0.00   
2022-09-15	19.17	0.00   
2022-09-16	19.56	0.00   
2022-09-19	19.55	0.00   
2022-09-20	19.24	0.00   
2022-09-21	19.55	0.00   
2022-09-22	19.62	0.00   
2022-09-23	18.85	0.00   
2022-09-26	18.32	0.00   
2022-09-27	18.35	0.00   
2022-09-28	18.87	0.00   
2022-09-29	18.80	0.00   
2022-09-30	19.00	0.00   
2022-10-03	20.68	0.00   
2022-10-04	21.04	0.00   
2022-10-05	20.64	0.00   
2022-10-06	20.64	0.00   
2022-10-07	20.11	0.00   
2022-10-10	19.59	0.00   
2022-10-11	19.14	0.00   
2022-10-12	19.01	0.00   
2022-10-13	18.86	0.00   
2022-10-14	18.24	0.00   
2022-10-17	18.62	0.00   
2022-10-18	18.70	0.00   
2022-10-19	18.44	0.00   
2022-10-20	18.63	0.00   
2022-10-21	19.40	0.00   
2022-10-24	19.21	0.00   
2022-10-25	19.32	0.00   
2022-10-26	19.57	0.00   
2022-10-27	19.59	0.00   
2022-10-28	19.22	0.00   
2022-10-31	19.11	0.00   
2022-11-01	19.60	0.00   
2022-11-02	19.20	0.00   
2022-11-03	19.45	0.00   
2022-11-04	20.85	0.00   
2022-11-07	20.77	0.00   
2022-11-08	21.32	0.00   
2022-11-09	21.05	0.00   
2022-11-10	21.66	0.00   
2022-11-11	21.68	0.00   
2022-11-14	21.97	0.00   
2022-11-15	21.55	0.00   
2022-11-16	21.45	0.00   
2022-11-17	20.93	0.00   
2022-11-18	20.93	0.00   
2022-11-21	20.83	0.00   
2022-11-22	21.07	0.00   
2022-11-23	21.52	0.00   
2022-11-24	21.50	0.00   
2022-11-25	21.38	0.00   
2022-11-28	20.92	0.00   
2022-11-29	21.23	0.00   
2022-11-30	22.17	0.00   
2022-12-01	22.72	0.00   
2022-12-02	23.12	0.00   
2022-12-05	22.23	0.00   
2022-12-06	22.17	0.00   
2022-12-07	22.71	0.00   
2022-12-08	23.05	0.00   
2022-12-09	23.46	0.00   
2022-12-12	23.30	0.00   
2022-12-13	23.71	0.00   
2022-12-14	23.93	0.00   
2022-12-15	23.09	0.00   
2022-12-16	23.21	0.00   
2022-12-19	22.97	0.00   
2022-12-20	24.14	0.00   
2022-12-21	23.95	0.00   
2022-12-22	23.56	0.00   
2022-12-23	23.70	0.00   
2022-12-26	23.72	0.00   
2022-12-27	24.02	0.00   
2022-12-28	23.53	0.00   
2022-12-29	23.88	0.00   
2022-12-30	23.93	0.00   
2023-01-02	23.95	0.00   
2023-01-03	24.00	0.00   
2023-01-04	23.75	0.00   
2023-01-05	23.23	0.00   
2023-01-06	23.79	0.00   
2023-01-09	23.64	0.00   
2023-01-10	23.60	0.00   
2023-01-11	23.41	0.00   
2023-01-12	23.76	0.00   
2023-01-13	24.26	0.00   
2023-01-16	24.29	0.00   
2023-01-17	23.92	0.00   
2023-01-18	23.44	0.00   
2023-01-19	23.83	0.00   
2023-01-20	23.93	0.00   
2023-01-23	23.44	0.00   
2023-01-24	23.65	0.00   
2023-01-25	23.89	0.00   
2023-01-26	23.90	0.00   
2023-01-27	23.57	0.00   
2023-01-30	23.59	0.00   
2023-01-31	23.71	0.00   
2023-02-01	23.96	0.00   
2023-02-02	23.44	0.00   
2023-02-03	22.34	0.00   
2023-02-06	22.25	0.00   
2023-02-07	22.16	0.00   
2023-02-08	22.30	0.00   
2023-02-09	21.95	0.00   
2023-02-10	21.97	0.00   
2023-02-13	21.98	0.00   
2023-02-14	21.84	0.00   
2023-02-15	21.61	0.00   
2023-02-16	21.57	0.00   
2023-02-17	21.69	0.00   
2023-02-20	21.80	0.00   
2023-02-21	21.82	0.00   
2023-02-22	21.51	0.00   
2023-02-23	21.30	0.00   
2023-02-24	20.75	0.00   
2023-02-27	20.61	0.00   
2023-02-28	20.89	0.00   
2023-03-01	20.97	0.00   
2023-03-02	20.88	0.00   
2023-03-03	21.23	0.00   
2023-03-06	21.03	0.00   
2023-03-07	20.05	0.00   
2023-03-08	20.02	0.00   
2023-03-09	20.06	0.00   
2023-03-10	20.52	0.00   
2023-03-13	21.77	0.00   
2023-03-14	21.68	0.00   
2023-03-15	21.77	0.00   
2023-03-16	21.71	0.00   
2023-03-17	22.59	0.00   
2023-03-20	22.53	0.00   
2023-03-21	22.36	0.00   
2023-03-22	22.97	0.00   
2023-03-23	23.06	0.00   
2023-03-24	23.22	0.00   
2023-03-27	23.05	0.00   
2023-03-28	23.30	0.00   
2023-03-29	23.33	0.00   
2023-03-30	23.89	0.00   
2023-03-31	24.10	0.00   
2023-04-03	23.95	0.00   
2023-04-04	25.01	0.00   
2023-04-05	24.93	0.00   
2023-04-06	24.97	0.00   
2023-04-07	24.96	0.00   
2023-04-10	24.85	0.00   
2023-04-11	25.07	0.00   
2023-04-12	25.48	0.00   
2023-04-13	25.82	0.00   
2023-04-14	25.32	0.00   
2023-04-17	25.05	0.00   
2023-04-18	25.18	0.00   
2023-04-19	25.25	0.00   
2023-04-20	25.25	0.00   
2023-04-21	25.08	0.00   
2023-04-24	25.14	0.00   
2023-04-25	25.00	0.00   
2023-04-26	24.88	0.00   
2023-04-27	24.90	0.00   
2023-04-28	25.04	0.00   
2023-05-01	24.98	0.00   
2023-05-02	25.35	0.00   
2023-05-03	25.60	0.00   
2023-05-04	26.00	0.00   
2023-05-05	25.64	0.00   
2023-05-08	25.53	0.00   
2023-05-09	25.59	0.00   
2023-05-10	25.38	0.00   
2023-05-11	24.16	0.00   
2023-05-12	23.96	0.00   
2023-05-15	24.05	0.00   
2023-05-16	23.71	0.00   
2023-05-17	23.73	0.00   
2023-05-18	23.48	0.00   
2023-05-19	23.84	0.00   
2023-05-22	23.64	0.00   
2023-05-23	23.45	0.00   
2023-05-24	23.05	0.00   
2023-05-25	22.72	0.00   
2023-05-26	23.31	0.00   
2023-05-29	23.14	0.00   
2023-05-30	23.17	0.00   
2023-05-31	23.48	0.00   
2023-06-01	23.87	0.00   
2023-06-02	23.61	0.00   
2023-06-05	23.53	0.00   
2023-06-06	23.58	0.00   
2023-06-07	23.40	0.00   
2023-06-08	24.25	0.00   
2023-06-09	24.27	0.00   
2023-06-12	24.04	0.00   
2023-06-13	23.62	0.00   
2023-06-14	23.91	0.00   
2023-06-15	23.83	0.00   
2023-06-16	24.18	0.00   
2023-06-19	23.92	0.00   
2023-06-20	23.13	0.00   
2023-06-21	22.64	0.00   
2023-06-22	22.23	0.00   
2023-06-23	22.41	0.00   
2023-06-26	22.76	0.00   
2023-06-27	22.83	0.00   
2023-06-28	22.70	0.00   
2023-06-29	22.55	0.00   
2023-06-30	22.75	0.00   
2023-07-03	22.87	0.00   
2023-07-04	22.92	0.00   
2023-07-05	23.11	0.00   
2023-07-06	22.74	0.00   
2023-07-07	23.05	0.00   
2023-07-10	23.12	0.00   
2023-07-11	23.11	0.00   
2023-07-12	24.09	0.00   
2023-07-13	24.79	0.00   
2023-07-14	24.92	0.00   
2023-07-17	24.81	0.00   
2023-07-18	25.05	0.00   
2023-07-19	25.11	0.00   
2023-07-20	24.73	0.00   
2023-07-21	24.57	0.00   
2023-07-24	24.33	0.00   
2023-07-25	24.69	0.00   
2023-07-26	24.91	0.00   
2023-07-27	24.11	0.00   
2023-07-28	24.34	0.00   
2023-07-31	24.74	0.00   
2023-08-01	24.31	0.00   
2023-08-02	23.71	0.00   
2023-08-03	23.55	0.00   
2023-08-04	23.63	0.00   
2023-08-07	23.09	0.00   
2023-08-08	22.76	0.00   
2023-08-09	22.65	0.00   
2023-08-10	22.70	0.00   
2023-08-11	22.68	0.00   
2023-08-14	22.59	0.00   
2023-08-15	22.50	0.00   
2023-08-16	22.40	0.00   
2023-08-17	22.68	0.00   
2023-08-18	22.73	0.00   
2023-08-21	23.29	0.00   
2023-08-22	23.41	0.00   
2023-08-23	24.29	0.00   
2023-08-24	24.11	0.00   
2023-08-25	24.21	0.00   
2023-08-28	24.21	0.00   
2023-08-29	24.69	0.00   
2023-08-30	24.58	0.00   
2023-08-31	24.41	0.00   
2023-09-01	24.16	0.00   
2023-09-04	23.93	0.00   
2023-09-05	23.53	0.00   
2023-09-06	23.16	0.00   
2023-09-07	22.96	0.00   
2023-09-08	22.91	0.00   
2023-09-11	23.06	0.00   
2023-09-12	23.05	0.00   
2023-09-13	22.83	0.00   
2023-09-14	22.62	0.00   
2023-09-15	23.02	0.00   
2023-09-18	23.23	0.00   
2023-09-19	23.18	0.00   
2023-09-20	23.22	0.00   
2023-09-21	23.40	0.00   
2023-09-22	23.55	0.00   
2023-09-25	23.13	0.00   
2023-09-26	22.83	0.00   
2023-09-27	22.53	0.00   
2023-09-28	22.60	0.00   
2023-09-29	22.17	0.00   
2023-10-02	21.02	0.00   
2023-10-03	21.17	0.00   
2023-10-04	20.99	0.00   
2023-10-05	20.96	0.00   
2023-10-06	21.59	0.00   
2023-10-09	21.86	0.00   
2023-10-10	21.82	0.00   
2023-10-11	22.00	0.00   
2023-10-12	21.82	0.00   
2023-10-13	22.70	0.00   
2023-10-16	22.59	0.00   
2023-10-17	22.79	0.00   
2023-10-18	22.85	0.00   
2023-10-19	23.03	0.00   
2023-10-20	23.35	0.00   
2023-10-23	22.93	0.00   
2023-10-24	22.93	0.00   
2023-10-25	22.84	0.00   
2023-10-26	22.77	0.00   
2023-10-27	23.09	0.00   
2023-10-30	23.29	0.00   
2023-10-31	22.85	0.00   
2023-11-01	22.93	0.00   
2023-11-02	22.76	0.00   
2023-11-03	23.21	0.00   
2023-11-06	23.01	0.00   
2023-11-07	22.62	0.00   
2023-11-08	22.52	0.00   
2023-11-09	22.62	0.00   
2023-11-10	22.26	0.00   
2023-11-13	22.29	0.00   
2023-11-14	23.07	0.00   
2023-11-15	23.43	0.00   
2023-11-16	23.72	0.00   
2023-11-17	23.70	0.00   
2023-11-20	23.42	0.00   
2023-11-21	23.73	0.00   
2023-11-22	23.61	0.00   
2023-11-23	23.83	0.00   
2023-11-24	24.31	0.00   
2023-11-27	24.62	0.00   
2023-11-28	25.01	0.00   
2023-11-29	25.00	0.00   
2023-11-30	25.26	0.00   
2023-12-01	25.48	0.00   
2023-12-04	24.48	0.00   
2023-12-05	24.15	0.00   
2023-12-06	23.89	0.00   
2023-12-07	23.79	0.00   
2023-12-08	22.99	0.00   
2023-12-11	22.81	0.00   
2023-12-12	22.73	0.00   
2023-12-13	23.79	0.00   
2023-12-14	24.16	0.00   
2023-12-15	23.85	0.00   
2023-12-18	23.79	0.00   
2023-12-19	24.04	0.00   
2023-12-20	24.13	0.00   
2023-12-21	24.39	0.00   
2023-12-22	24.18	0.00   
2023-12-25	24.18	0.00   
2023-12-26	24.21	0.00   
2023-12-27	24.25	0.00   
2023-12-28	23.98	0.00   
2023-12-29	23.78	0.00   
2024-01-01	23.78	0.00   
2024-01-02	23.64	0.00   
2024-01-03	22.98	0.00   
2024-01-04	22.99	0.00   
2024-01-05	23.18	0.00   
2024-01-08	23.08	0.00   
2024-01-09	22.96	0.00   
2024-01-10	22.88	0.00   
2024-01-11	22.74	0.00   
2024-01-12	23.19	0.00   
2024-01-15	23.20	0.00   
2024-01-16	22.90	0.00   
2024-01-17	22.54	0.00   
2024-01-18	22.73	0.00   
2024-01-19	22.61	0.00   
2024-01-22	22.08	0.00   
2024-01-23	22.43	0.00   
2024-01-24	22.64	0.00   
2024-01-25	22.88	0.00   
2024-01-26	22.78	0.00   
2024-01-29	23.19	0.00   
2024-01-30	23.16	0.00   
2024-01-31	22.92	0.00   
2024-02-01	23.16	0.00   
2024-02-02	22.68	0.00   
2024-02-05	22.33	0.00   
2024-02-06	22.41	0.00   
2024-02-07	22.19	0.00   
2024-02-08	22.55	0.00   
2024-02-09	22.59	0.00   
2024-02-12	22.66	0.00   
2024-02-13	22.11	0.00   
2024-02-14	22.34	0.00   
2024-02-15	22.90	0.00   
2024-02-16	23.40	0.00   
2024-02-19	22.99	0.00   
2024-02-20	22.95	0.00   
2024-02-21	22.88	0.00   
2024-02-22	22.73	0.00   
2024-02-23	22.94	0.00   
2024-02-26	22.51	0.00   
2024-02-27	22.44	0.00   
2024-02-28	22.43	0.00   
2024-02-29	22.66	0.00   
2024-03-01	23.13	0.00   
2024-03-04	23.87	0.00   
2024-03-05	23.66	0.00   
2024-03-06	24.16	0.00   
2024-03-07	24.31	0.00   
2024-03-08	24.30	0.00   
2024-03-11	24.46	0.00   
2024-03-12	24.11	0.00   
2024-03-13	25.00	0.00   
2024-03-14	24.80	0.00   
2024-03-15	25.17	0.00   
2024-03-18	25.04	0.00   
2024-03-19	24.89	0.00   
2024-03-20	25.57	0.00   
2024-03-21	24.70	0.00   
2024-03-22	24.66	0.00   
2024-03-25	24.66	0.00   
2024-03-26	24.44	0.00   
2024-03-27	24.61	0.00   
2024-03-28	24.94	0.00   
2024-03-29	24.97	0.00   
2024-04-01	25.08	0.00   
2024-04-02	26.13	0.00   
2024-04-03	27.18	0.00   
2024-04-04	26.90	0.00   
2024-04-05	27.46	0.00   
2024-04-08	27.83	0.00   
2024-04-09	28.13	0.00   
2024-04-10	27.90	0.00   
2024-04-11	28.42	0.00   
2024-04-12	27.84	0.00   
2024-04-15	28.85	0.00   
2024-04-16	28.07	0.00   
2024-04-17	28.20	0.00   
2024-04-18	28.21	0.00   
2024-04-19	28.67	0.00   
2024-04-22	27.19	0.00   
2024-04-23	27.28	0.00   
2024-04-24	27.13	0.00   
2024-04-25	27.42	0.00   
2024-04-26	27.20	0.00   
2024-04-29	27.13	0.00   
2024-04-30	26.28	0.00   
2024-05-01	26.64	0.00   
2024-05-02	26.66	0.00   
2024-05-03	26.55	0.00   
2024-05-06	27.43	0.00   
2024-05-07	27.23	0.00   
2024-05-08	27.32	0.00   
2024-05-09	28.33	0.00   
2024-05-10	28.14	0.00   
2024-05-13	28.20	0.00   
2024-05-14	28.61	0.00   
2024-05-15	29.62	0.00   
2024-05-16	29.57	0.00   
2024-05-17	31.49	0.00   
2024-05-20	31.81	0.00   
2024-05-21	31.30	0.00   
